date,value,series_id,provider_series_id
2002-12-31,624.0,series.ar.bcra.fx_deposits_private_sector,108
2003-01-02,642.0,series.ar.bcra.fx_deposits_private_sector,108
2003-01-03,650.0,series.ar.bcra.fx_deposits_private_sector,108
2003-01-06,649.0,series.ar.bcra.fx_deposits_private_sector,108
2003-01-07,650.0,series.ar.bcra.fx_deposits_private_sector,108
2003-01-08,656.0,series.ar.bcra.fx_deposits_private_sector,108
2003-01-09,658.0,series.ar.bcra.fx_deposits_private_sector,108
2003-01-10,660.0,series.ar.bcra.fx_deposits_private_sector,108
2003-01-13,661.0,series.ar.bcra.fx_deposits_private_sector,108
2003-01-14,664.0,series.ar.bcra.fx_deposits_private_sector,108
2003-01-15,660.0,series.ar.bcra.fx_deposits_private_sector,108
2003-01-16,670.0,series.ar.bcra.fx_deposits_private_sector,108
2003-01-17,670.0,series.ar.bcra.fx_deposits_private_sector,108
2003-01-20,666.0,series.ar.bcra.fx_deposits_private_sector,108
2003-01-21,667.0,series.ar.bcra.fx_deposits_private_sector,108
2003-01-22,675.0,series.ar.bcra.fx_deposits_private_sector,108
2003-01-23,673.0,series.ar.bcra.fx_deposits_private_sector,108
2003-01-24,680.0,series.ar.bcra.fx_deposits_private_sector,108
2003-01-27,679.0,series.ar.bcra.fx_deposits_private_sector,108
2003-01-28,667.0,series.ar.bcra.fx_deposits_private_sector,108
2003-01-29,665.0,series.ar.bcra.fx_deposits_private_sector,108
2003-01-30,667.0,series.ar.bcra.fx_deposits_private_sector,108
2003-01-31,674.0,series.ar.bcra.fx_deposits_private_sector,108
2003-02-03,671.0,series.ar.bcra.fx_deposits_private_sector,108
2003-02-04,679.0,series.ar.bcra.fx_deposits_private_sector,108
2003-02-05,679.0,series.ar.bcra.fx_deposits_private_sector,108
2003-02-06,686.0,series.ar.bcra.fx_deposits_private_sector,108
2003-02-07,687.0,series.ar.bcra.fx_deposits_private_sector,108
2003-02-10,682.0,series.ar.bcra.fx_deposits_private_sector,108
2003-02-11,688.0,series.ar.bcra.fx_deposits_private_sector,108
2003-02-12,691.0,series.ar.bcra.fx_deposits_private_sector,108
2003-02-13,691.0,series.ar.bcra.fx_deposits_private_sector,108
2003-02-14,692.0,series.ar.bcra.fx_deposits_private_sector,108
2003-02-17,696.0,series.ar.bcra.fx_deposits_private_sector,108
2003-02-18,697.0,series.ar.bcra.fx_deposits_private_sector,108
2003-02-19,700.0,series.ar.bcra.fx_deposits_private_sector,108
2003-02-20,706.0,series.ar.bcra.fx_deposits_private_sector,108
2003-02-21,711.0,series.ar.bcra.fx_deposits_private_sector,108
2003-02-24,714.0,series.ar.bcra.fx_deposits_private_sector,108
2003-02-25,715.0,series.ar.bcra.fx_deposits_private_sector,108
2003-02-26,709.0,series.ar.bcra.fx_deposits_private_sector,108
2003-02-27,713.0,series.ar.bcra.fx_deposits_private_sector,108
2003-02-28,751.0,series.ar.bcra.fx_deposits_private_sector,108
2003-03-03,721.0,series.ar.bcra.fx_deposits_private_sector,108
2003-03-04,723.0,series.ar.bcra.fx_deposits_private_sector,108
2003-03-05,720.0,series.ar.bcra.fx_deposits_private_sector,108
2003-03-06,720.0,series.ar.bcra.fx_deposits_private_sector,108
2003-03-07,723.0,series.ar.bcra.fx_deposits_private_sector,108
2003-03-10,724.0,series.ar.bcra.fx_deposits_private_sector,108
2003-03-11,744.0,series.ar.bcra.fx_deposits_private_sector,108
2003-03-12,739.0,series.ar.bcra.fx_deposits_private_sector,108
2003-03-13,743.0,series.ar.bcra.fx_deposits_private_sector,108
2003-03-14,745.0,series.ar.bcra.fx_deposits_private_sector,108
2003-03-17,744.0,series.ar.bcra.fx_deposits_private_sector,108
2003-03-18,741.0,series.ar.bcra.fx_deposits_private_sector,108
2003-03-19,743.0,series.ar.bcra.fx_deposits_private_sector,108
2003-03-20,749.0,series.ar.bcra.fx_deposits_private_sector,108
2003-03-21,751.0,series.ar.bcra.fx_deposits_private_sector,108
2003-03-24,742.0,series.ar.bcra.fx_deposits_private_sector,108
2003-03-25,742.0,series.ar.bcra.fx_deposits_private_sector,108
2003-03-26,739.0,series.ar.bcra.fx_deposits_private_sector,108
2003-03-27,743.0,series.ar.bcra.fx_deposits_private_sector,108
2003-03-28,765.0,series.ar.bcra.fx_deposits_private_sector,108
2003-04-01,753.0,series.ar.bcra.fx_deposits_private_sector,108
2003-04-02,755.0,series.ar.bcra.fx_deposits_private_sector,108
2003-04-03,762.0,series.ar.bcra.fx_deposits_private_sector,108
2003-04-04,764.0,series.ar.bcra.fx_deposits_private_sector,108
2003-04-07,766.0,series.ar.bcra.fx_deposits_private_sector,108
2003-04-08,756.0,series.ar.bcra.fx_deposits_private_sector,108
2003-04-09,776.0,series.ar.bcra.fx_deposits_private_sector,108
2003-04-10,779.0,series.ar.bcra.fx_deposits_private_sector,108
2003-04-11,784.0,series.ar.bcra.fx_deposits_private_sector,108
2003-04-14,791.0,series.ar.bcra.fx_deposits_private_sector,108
2003-04-15,798.0,series.ar.bcra.fx_deposits_private_sector,108
2003-04-16,801.0,series.ar.bcra.fx_deposits_private_sector,108
2003-04-21,804.0,series.ar.bcra.fx_deposits_private_sector,108
2003-04-22,810.0,series.ar.bcra.fx_deposits_private_sector,108
2003-04-23,814.0,series.ar.bcra.fx_deposits_private_sector,108
2003-04-24,808.0,series.ar.bcra.fx_deposits_private_sector,108
2003-04-25,822.0,series.ar.bcra.fx_deposits_private_sector,108
2003-04-28,827.0,series.ar.bcra.fx_deposits_private_sector,108
2003-04-29,826.0,series.ar.bcra.fx_deposits_private_sector,108
2003-04-30,856.0,series.ar.bcra.fx_deposits_private_sector,108
2003-05-02,830.0,series.ar.bcra.fx_deposits_private_sector,108
2003-05-05,833.0,series.ar.bcra.fx_deposits_private_sector,108
2003-05-06,838.0,series.ar.bcra.fx_deposits_private_sector,108
2003-05-07,906.0,series.ar.bcra.fx_deposits_private_sector,108
2003-05-08,931.0,series.ar.bcra.fx_deposits_private_sector,108
2003-05-09,929.0,series.ar.bcra.fx_deposits_private_sector,108
2003-05-12,938.0,series.ar.bcra.fx_deposits_private_sector,108
2003-05-13,934.0,series.ar.bcra.fx_deposits_private_sector,108
2003-05-14,934.0,series.ar.bcra.fx_deposits_private_sector,108
2003-05-15,975.0,series.ar.bcra.fx_deposits_private_sector,108
2003-05-16,948.0,series.ar.bcra.fx_deposits_private_sector,108
2003-05-19,956.0,series.ar.bcra.fx_deposits_private_sector,108
2003-05-20,956.0,series.ar.bcra.fx_deposits_private_sector,108
2003-05-21,959.0,series.ar.bcra.fx_deposits_private_sector,108
2003-05-22,959.0,series.ar.bcra.fx_deposits_private_sector,108
2003-05-23,968.0,series.ar.bcra.fx_deposits_private_sector,108
2003-05-26,979.0,series.ar.bcra.fx_deposits_private_sector,108
2003-05-27,987.0,series.ar.bcra.fx_deposits_private_sector,108
2003-05-28,981.0,series.ar.bcra.fx_deposits_private_sector,108
2003-05-29,983.0,series.ar.bcra.fx_deposits_private_sector,108
2003-05-30,1014.0,series.ar.bcra.fx_deposits_private_sector,108
2003-06-02,1001.0,series.ar.bcra.fx_deposits_private_sector,108
2003-06-03,1019.0,series.ar.bcra.fx_deposits_private_sector,108
2003-06-04,1027.0,series.ar.bcra.fx_deposits_private_sector,108
2003-06-05,1028.0,series.ar.bcra.fx_deposits_private_sector,108
2003-06-06,1029.0,series.ar.bcra.fx_deposits_private_sector,108
2003-06-09,1033.0,series.ar.bcra.fx_deposits_private_sector,108
2003-06-10,1048.0,series.ar.bcra.fx_deposits_private_sector,108
2003-06-11,1053.0,series.ar.bcra.fx_deposits_private_sector,108
2003-06-12,1054.0,series.ar.bcra.fx_deposits_private_sector,108
2003-06-13,1053.0,series.ar.bcra.fx_deposits_private_sector,108
2003-06-17,1066.0,series.ar.bcra.fx_deposits_private_sector,108
2003-06-18,1071.0,series.ar.bcra.fx_deposits_private_sector,108
2003-06-19,1074.0,series.ar.bcra.fx_deposits_private_sector,108
2003-06-20,1091.0,series.ar.bcra.fx_deposits_private_sector,108
2003-06-23,1091.0,series.ar.bcra.fx_deposits_private_sector,108
2003-06-24,1095.0,series.ar.bcra.fx_deposits_private_sector,108
2003-06-25,1094.0,series.ar.bcra.fx_deposits_private_sector,108
2003-06-26,1090.0,series.ar.bcra.fx_deposits_private_sector,108
2003-06-27,1099.0,series.ar.bcra.fx_deposits_private_sector,108
2003-06-30,1102.0,series.ar.bcra.fx_deposits_private_sector,108
2003-07-01,1095.0,series.ar.bcra.fx_deposits_private_sector,108
2003-07-02,1101.0,series.ar.bcra.fx_deposits_private_sector,108
2003-07-03,1105.0,series.ar.bcra.fx_deposits_private_sector,108
2003-07-04,1115.0,series.ar.bcra.fx_deposits_private_sector,108
2003-07-07,1119.0,series.ar.bcra.fx_deposits_private_sector,108
2003-07-08,1120.0,series.ar.bcra.fx_deposits_private_sector,108
2003-07-10,1135.0,series.ar.bcra.fx_deposits_private_sector,108
2003-07-11,1136.0,series.ar.bcra.fx_deposits_private_sector,108
2003-07-14,1134.0,series.ar.bcra.fx_deposits_private_sector,108
2003-07-15,1138.0,series.ar.bcra.fx_deposits_private_sector,108
2003-07-16,1144.0,series.ar.bcra.fx_deposits_private_sector,108
2003-07-17,1153.0,series.ar.bcra.fx_deposits_private_sector,108
2003-07-18,1160.0,series.ar.bcra.fx_deposits_private_sector,108
2003-07-21,1165.0,series.ar.bcra.fx_deposits_private_sector,108
2003-07-22,1165.0,series.ar.bcra.fx_deposits_private_sector,108
2003-07-23,1173.0,series.ar.bcra.fx_deposits_private_sector,108
2003-07-24,1175.0,series.ar.bcra.fx_deposits_private_sector,108
2003-07-25,1176.0,series.ar.bcra.fx_deposits_private_sector,108
2003-07-28,1177.0,series.ar.bcra.fx_deposits_private_sector,108
2003-07-29,1199.0,series.ar.bcra.fx_deposits_private_sector,108
2003-07-30,1204.0,series.ar.bcra.fx_deposits_private_sector,108
2003-07-31,1206.0,series.ar.bcra.fx_deposits_private_sector,108
2003-08-01,1214.0,series.ar.bcra.fx_deposits_private_sector,108
2003-08-04,1211.0,series.ar.bcra.fx_deposits_private_sector,108
2003-08-05,1216.0,series.ar.bcra.fx_deposits_private_sector,108
2003-08-06,1226.0,series.ar.bcra.fx_deposits_private_sector,108
2003-08-07,1243.0,series.ar.bcra.fx_deposits_private_sector,108
2003-08-08,1256.0,series.ar.bcra.fx_deposits_private_sector,108
2003-08-11,1252.0,series.ar.bcra.fx_deposits_private_sector,108
2003-08-12,1254.0,series.ar.bcra.fx_deposits_private_sector,108
2003-08-13,1269.0,series.ar.bcra.fx_deposits_private_sector,108
2003-08-14,1260.0,series.ar.bcra.fx_deposits_private_sector,108
2003-08-15,1269.0,series.ar.bcra.fx_deposits_private_sector,108
2003-08-19,1285.0,series.ar.bcra.fx_deposits_private_sector,108
2003-08-20,1291.0,series.ar.bcra.fx_deposits_private_sector,108
2003-08-21,1293.0,series.ar.bcra.fx_deposits_private_sector,108
2003-08-22,1295.0,series.ar.bcra.fx_deposits_private_sector,108
2003-08-25,1299.0,series.ar.bcra.fx_deposits_private_sector,108
2003-08-26,1310.0,series.ar.bcra.fx_deposits_private_sector,108
2003-08-27,1308.0,series.ar.bcra.fx_deposits_private_sector,108
2003-08-28,1321.0,series.ar.bcra.fx_deposits_private_sector,108
2003-08-29,1327.0,series.ar.bcra.fx_deposits_private_sector,108
2003-09-01,1325.0,series.ar.bcra.fx_deposits_private_sector,108
2003-09-02,1330.0,series.ar.bcra.fx_deposits_private_sector,108
2003-09-03,1332.0,series.ar.bcra.fx_deposits_private_sector,108
2003-09-04,1337.0,series.ar.bcra.fx_deposits_private_sector,108
2003-09-05,1343.0,series.ar.bcra.fx_deposits_private_sector,108
2003-09-08,1352.0,series.ar.bcra.fx_deposits_private_sector,108
2003-09-09,1361.0,series.ar.bcra.fx_deposits_private_sector,108
2003-09-10,1368.0,series.ar.bcra.fx_deposits_private_sector,108
2003-09-11,1367.0,series.ar.bcra.fx_deposits_private_sector,108
2003-09-12,1372.0,series.ar.bcra.fx_deposits_private_sector,108
2003-09-15,1378.0,series.ar.bcra.fx_deposits_private_sector,108
2003-09-16,1380.0,series.ar.bcra.fx_deposits_private_sector,108
2003-09-17,1382.0,series.ar.bcra.fx_deposits_private_sector,108
2003-09-18,1393.0,series.ar.bcra.fx_deposits_private_sector,108
2003-09-19,1396.0,series.ar.bcra.fx_deposits_private_sector,108
2003-09-22,1413.0,series.ar.bcra.fx_deposits_private_sector,108
2003-09-23,1416.0,series.ar.bcra.fx_deposits_private_sector,108
2003-09-24,1429.0,series.ar.bcra.fx_deposits_private_sector,108
2003-09-25,1416.0,series.ar.bcra.fx_deposits_private_sector,108
2003-09-26,1418.0,series.ar.bcra.fx_deposits_private_sector,108
2003-09-29,1421.0,series.ar.bcra.fx_deposits_private_sector,108
2003-09-30,1429.0,series.ar.bcra.fx_deposits_private_sector,108
2003-10-01,1430.0,series.ar.bcra.fx_deposits_private_sector,108
2003-10-02,1433.0,series.ar.bcra.fx_deposits_private_sector,108
2003-10-03,1432.0,series.ar.bcra.fx_deposits_private_sector,108
2003-10-06,1434.0,series.ar.bcra.fx_deposits_private_sector,108
2003-10-07,1442.0,series.ar.bcra.fx_deposits_private_sector,108
2003-10-08,1456.0,series.ar.bcra.fx_deposits_private_sector,108
2003-10-09,1461.0,series.ar.bcra.fx_deposits_private_sector,108
2003-10-10,1457.0,series.ar.bcra.fx_deposits_private_sector,108
2003-10-14,1464.0,series.ar.bcra.fx_deposits_private_sector,108
2003-10-15,1468.0,series.ar.bcra.fx_deposits_private_sector,108
2003-10-16,1471.0,series.ar.bcra.fx_deposits_private_sector,108
2003-10-17,1469.0,series.ar.bcra.fx_deposits_private_sector,108
2003-10-20,1474.0,series.ar.bcra.fx_deposits_private_sector,108
2003-10-21,1478.0,series.ar.bcra.fx_deposits_private_sector,108
2003-10-22,1485.0,series.ar.bcra.fx_deposits_private_sector,108
2003-10-23,1485.0,series.ar.bcra.fx_deposits_private_sector,108
2003-10-24,1489.0,series.ar.bcra.fx_deposits_private_sector,108
2003-10-27,1494.0,series.ar.bcra.fx_deposits_private_sector,108
2003-10-28,1494.0,series.ar.bcra.fx_deposits_private_sector,108
2003-10-29,1493.0,series.ar.bcra.fx_deposits_private_sector,108
2003-10-30,1485.0,series.ar.bcra.fx_deposits_private_sector,108
2003-10-31,1498.0,series.ar.bcra.fx_deposits_private_sector,108
2003-11-03,1498.0,series.ar.bcra.fx_deposits_private_sector,108
2003-11-04,1499.0,series.ar.bcra.fx_deposits_private_sector,108
2003-11-05,1498.0,series.ar.bcra.fx_deposits_private_sector,108
2003-11-07,1496.0,series.ar.bcra.fx_deposits_private_sector,108
2003-11-10,1521.0,series.ar.bcra.fx_deposits_private_sector,108
2003-11-11,1522.0,series.ar.bcra.fx_deposits_private_sector,108
2003-11-12,1520.0,series.ar.bcra.fx_deposits_private_sector,108
2003-11-13,1521.0,series.ar.bcra.fx_deposits_private_sector,108
2003-11-14,1524.0,series.ar.bcra.fx_deposits_private_sector,108
2003-11-17,1530.0,series.ar.bcra.fx_deposits_private_sector,108
2003-11-18,1530.0,series.ar.bcra.fx_deposits_private_sector,108
2003-11-19,1530.0,series.ar.bcra.fx_deposits_private_sector,108
2003-11-20,1529.0,series.ar.bcra.fx_deposits_private_sector,108
2003-11-21,1530.0,series.ar.bcra.fx_deposits_private_sector,108
2003-11-24,1531.0,series.ar.bcra.fx_deposits_private_sector,108
2003-11-25,1540.0,series.ar.bcra.fx_deposits_private_sector,108
2003-11-26,1542.0,series.ar.bcra.fx_deposits_private_sector,108
2003-11-27,1551.0,series.ar.bcra.fx_deposits_private_sector,108
2003-11-28,1632.0,series.ar.bcra.fx_deposits_private_sector,108
2003-12-01,1643.0,series.ar.bcra.fx_deposits_private_sector,108
2003-12-02,1644.0,series.ar.bcra.fx_deposits_private_sector,108
2003-12-03,1642.0,series.ar.bcra.fx_deposits_private_sector,108
2003-12-04,1646.0,series.ar.bcra.fx_deposits_private_sector,108
2003-12-05,1641.0,series.ar.bcra.fx_deposits_private_sector,108
2003-12-09,1642.0,series.ar.bcra.fx_deposits_private_sector,108
2003-12-10,1646.0,series.ar.bcra.fx_deposits_private_sector,108
2003-12-11,1646.0,series.ar.bcra.fx_deposits_private_sector,108
2003-12-12,1654.0,series.ar.bcra.fx_deposits_private_sector,108
2003-12-15,1672.0,series.ar.bcra.fx_deposits_private_sector,108
2003-12-16,1699.0,series.ar.bcra.fx_deposits_private_sector,108
2003-12-17,1703.0,series.ar.bcra.fx_deposits_private_sector,108
2003-12-18,1728.0,series.ar.bcra.fx_deposits_private_sector,108
2003-12-19,1732.0,series.ar.bcra.fx_deposits_private_sector,108
2003-12-22,1741.0,series.ar.bcra.fx_deposits_private_sector,108
2003-12-23,1736.0,series.ar.bcra.fx_deposits_private_sector,108
2003-12-24,1734.0,series.ar.bcra.fx_deposits_private_sector,108
2003-12-26,1739.0,series.ar.bcra.fx_deposits_private_sector,108
2003-12-29,1746.0,series.ar.bcra.fx_deposits_private_sector,108
2003-12-30,1747.0,series.ar.bcra.fx_deposits_private_sector,108
2003-12-31,1754.0,series.ar.bcra.fx_deposits_private_sector,108
2004-01-02,1758.0,series.ar.bcra.fx_deposits_private_sector,108
2004-01-05,1768.0,series.ar.bcra.fx_deposits_private_sector,108
2004-01-06,1770.0,series.ar.bcra.fx_deposits_private_sector,108
2004-01-07,1773.0,series.ar.bcra.fx_deposits_private_sector,108
2004-01-08,1773.0,series.ar.bcra.fx_deposits_private_sector,108
2004-01-09,1783.0,series.ar.bcra.fx_deposits_private_sector,108
2004-01-12,1779.0,series.ar.bcra.fx_deposits_private_sector,108
2004-01-13,1798.0,series.ar.bcra.fx_deposits_private_sector,108
2004-01-14,1799.0,series.ar.bcra.fx_deposits_private_sector,108
2004-01-15,1807.0,series.ar.bcra.fx_deposits_private_sector,108
2004-01-16,1805.0,series.ar.bcra.fx_deposits_private_sector,108
2004-01-19,1809.0,series.ar.bcra.fx_deposits_private_sector,108
2004-01-20,1811.0,series.ar.bcra.fx_deposits_private_sector,108
2004-01-21,1823.0,series.ar.bcra.fx_deposits_private_sector,108
2004-01-22,1819.0,series.ar.bcra.fx_deposits_private_sector,108
2004-01-23,1825.0,series.ar.bcra.fx_deposits_private_sector,108
2004-01-26,1831.0,series.ar.bcra.fx_deposits_private_sector,108
2004-01-27,1838.0,series.ar.bcra.fx_deposits_private_sector,108
2004-01-28,1839.0,series.ar.bcra.fx_deposits_private_sector,108
2004-01-29,1840.0,series.ar.bcra.fx_deposits_private_sector,108
2004-01-30,1845.0,series.ar.bcra.fx_deposits_private_sector,108
2004-02-02,1842.0,series.ar.bcra.fx_deposits_private_sector,108
2004-02-03,1850.0,series.ar.bcra.fx_deposits_private_sector,108
2004-02-04,1849.0,series.ar.bcra.fx_deposits_private_sector,108
2004-02-05,1852.0,series.ar.bcra.fx_deposits_private_sector,108
2004-02-06,1851.0,series.ar.bcra.fx_deposits_private_sector,108
2004-02-09,1854.0,series.ar.bcra.fx_deposits_private_sector,108
2004-02-10,1855.0,series.ar.bcra.fx_deposits_private_sector,108
2004-02-11,1852.0,series.ar.bcra.fx_deposits_private_sector,108
2004-02-12,1864.0,series.ar.bcra.fx_deposits_private_sector,108
2004-02-13,1864.0,series.ar.bcra.fx_deposits_private_sector,108
2004-02-16,1869.0,series.ar.bcra.fx_deposits_private_sector,108
2004-02-17,1878.0,series.ar.bcra.fx_deposits_private_sector,108
2004-02-18,1874.0,series.ar.bcra.fx_deposits_private_sector,108
2004-02-19,1886.0,series.ar.bcra.fx_deposits_private_sector,108
2004-02-20,1889.0,series.ar.bcra.fx_deposits_private_sector,108
2004-02-23,1886.0,series.ar.bcra.fx_deposits_private_sector,108
2004-02-24,1890.0,series.ar.bcra.fx_deposits_private_sector,108
2004-02-25,1890.0,series.ar.bcra.fx_deposits_private_sector,108
2004-02-26,1887.0,series.ar.bcra.fx_deposits_private_sector,108
2004-02-27,1902.0,series.ar.bcra.fx_deposits_private_sector,108
2004-03-01,1898.0,series.ar.bcra.fx_deposits_private_sector,108
2004-03-02,1912.0,series.ar.bcra.fx_deposits_private_sector,108
2004-03-03,1911.0,series.ar.bcra.fx_deposits_private_sector,108
2004-03-04,1913.0,series.ar.bcra.fx_deposits_private_sector,108
2004-03-05,1919.0,series.ar.bcra.fx_deposits_private_sector,108
2004-03-08,1847.0,series.ar.bcra.fx_deposits_private_sector,108
2004-03-09,1844.0,series.ar.bcra.fx_deposits_private_sector,108
2004-03-10,1849.0,series.ar.bcra.fx_deposits_private_sector,108
2004-03-11,1850.0,series.ar.bcra.fx_deposits_private_sector,108
2004-03-12,1848.0,series.ar.bcra.fx_deposits_private_sector,108
2004-03-15,1850.0,series.ar.bcra.fx_deposits_private_sector,108
2004-03-16,1863.0,series.ar.bcra.fx_deposits_private_sector,108
2004-03-17,1867.0,series.ar.bcra.fx_deposits_private_sector,108
2004-03-18,1868.0,series.ar.bcra.fx_deposits_private_sector,108
2004-03-19,1879.0,series.ar.bcra.fx_deposits_private_sector,108
2004-03-22,1855.0,series.ar.bcra.fx_deposits_private_sector,108
2004-03-23,1861.0,series.ar.bcra.fx_deposits_private_sector,108
2004-03-24,1870.0,series.ar.bcra.fx_deposits_private_sector,108
2004-03-25,1875.0,series.ar.bcra.fx_deposits_private_sector,108
2004-03-26,1876.0,series.ar.bcra.fx_deposits_private_sector,108
2004-03-29,1883.0,series.ar.bcra.fx_deposits_private_sector,108
2004-03-30,1901.0,series.ar.bcra.fx_deposits_private_sector,108
2004-03-31,1911.0,series.ar.bcra.fx_deposits_private_sector,108
2004-04-01,1900.0,series.ar.bcra.fx_deposits_private_sector,108
2004-04-02,1927.0,series.ar.bcra.fx_deposits_private_sector,108
2004-04-06,1932.0,series.ar.bcra.fx_deposits_private_sector,108
2004-04-07,1931.0,series.ar.bcra.fx_deposits_private_sector,108
2004-04-12,1936.0,series.ar.bcra.fx_deposits_private_sector,108
2004-04-13,1944.0,series.ar.bcra.fx_deposits_private_sector,108
2004-04-14,1942.0,series.ar.bcra.fx_deposits_private_sector,108
2004-04-15,1948.0,series.ar.bcra.fx_deposits_private_sector,108
2004-04-16,1953.0,series.ar.bcra.fx_deposits_private_sector,108
2004-04-19,1957.0,series.ar.bcra.fx_deposits_private_sector,108
2004-04-20,1955.0,series.ar.bcra.fx_deposits_private_sector,108
2004-04-21,1962.0,series.ar.bcra.fx_deposits_private_sector,108
2004-04-22,1962.0,series.ar.bcra.fx_deposits_private_sector,108
2004-04-23,1967.0,series.ar.bcra.fx_deposits_private_sector,108
2004-04-26,1969.0,series.ar.bcra.fx_deposits_private_sector,108
2004-04-27,1974.0,series.ar.bcra.fx_deposits_private_sector,108
2004-04-28,1986.0,series.ar.bcra.fx_deposits_private_sector,108
2004-04-29,1983.0,series.ar.bcra.fx_deposits_private_sector,108
2004-04-30,1977.0,series.ar.bcra.fx_deposits_private_sector,108
2004-05-03,1987.0,series.ar.bcra.fx_deposits_private_sector,108
2004-05-04,2017.0,series.ar.bcra.fx_deposits_private_sector,108
2004-05-05,2081.0,series.ar.bcra.fx_deposits_private_sector,108
2004-05-06,2117.0,series.ar.bcra.fx_deposits_private_sector,108
2004-05-07,2132.0,series.ar.bcra.fx_deposits_private_sector,108
2004-05-10,2133.0,series.ar.bcra.fx_deposits_private_sector,108
2004-05-11,2143.0,series.ar.bcra.fx_deposits_private_sector,108
2004-05-12,2152.0,series.ar.bcra.fx_deposits_private_sector,108
2004-05-13,2162.0,series.ar.bcra.fx_deposits_private_sector,108
2004-05-14,2192.0,series.ar.bcra.fx_deposits_private_sector,108
2004-05-17,2178.0,series.ar.bcra.fx_deposits_private_sector,108
2004-05-18,2178.0,series.ar.bcra.fx_deposits_private_sector,108
2004-05-19,2191.0,series.ar.bcra.fx_deposits_private_sector,108
2004-05-20,2190.0,series.ar.bcra.fx_deposits_private_sector,108
2004-05-21,2198.0,series.ar.bcra.fx_deposits_private_sector,108
2004-05-24,2181.0,series.ar.bcra.fx_deposits_private_sector,108
2004-05-26,2206.0,series.ar.bcra.fx_deposits_private_sector,108
2004-05-27,2213.0,series.ar.bcra.fx_deposits_private_sector,108
2004-05-28,2238.0,series.ar.bcra.fx_deposits_private_sector,108
2004-05-31,2227.0,series.ar.bcra.fx_deposits_private_sector,108
2004-06-01,2219.0,series.ar.bcra.fx_deposits_private_sector,108
2004-06-02,2213.0,series.ar.bcra.fx_deposits_private_sector,108
2004-06-03,2210.0,series.ar.bcra.fx_deposits_private_sector,108
2004-06-04,2222.0,series.ar.bcra.fx_deposits_private_sector,108
2004-06-07,2225.0,series.ar.bcra.fx_deposits_private_sector,108
2004-06-08,2223.0,series.ar.bcra.fx_deposits_private_sector,108
2004-06-09,2228.0,series.ar.bcra.fx_deposits_private_sector,108
2004-06-10,2235.0,series.ar.bcra.fx_deposits_private_sector,108
2004-06-11,2241.0,series.ar.bcra.fx_deposits_private_sector,108
2004-06-14,2249.0,series.ar.bcra.fx_deposits_private_sector,108
2004-06-15,2246.0,series.ar.bcra.fx_deposits_private_sector,108
2004-06-16,2243.0,series.ar.bcra.fx_deposits_private_sector,108
2004-06-17,2243.0,series.ar.bcra.fx_deposits_private_sector,108
2004-06-18,2248.0,series.ar.bcra.fx_deposits_private_sector,108
2004-06-22,2289.0,series.ar.bcra.fx_deposits_private_sector,108
2004-06-23,2283.0,series.ar.bcra.fx_deposits_private_sector,108
2004-06-24,2277.0,series.ar.bcra.fx_deposits_private_sector,108
2004-06-25,2273.0,series.ar.bcra.fx_deposits_private_sector,108
2004-06-28,2272.0,series.ar.bcra.fx_deposits_private_sector,108
2004-06-29,2278.0,series.ar.bcra.fx_deposits_private_sector,108
2004-06-30,2300.0,series.ar.bcra.fx_deposits_private_sector,108
2004-07-01,2292.0,series.ar.bcra.fx_deposits_private_sector,108
2004-07-02,2289.0,series.ar.bcra.fx_deposits_private_sector,108
2004-07-05,2304.0,series.ar.bcra.fx_deposits_private_sector,108
2004-07-06,2302.0,series.ar.bcra.fx_deposits_private_sector,108
2004-07-07,2295.0,series.ar.bcra.fx_deposits_private_sector,108
2004-07-08,2303.0,series.ar.bcra.fx_deposits_private_sector,108
2004-07-12,2308.0,series.ar.bcra.fx_deposits_private_sector,108
2004-07-13,2309.0,series.ar.bcra.fx_deposits_private_sector,108
2004-07-14,2287.0,series.ar.bcra.fx_deposits_private_sector,108
2004-07-15,2291.0,series.ar.bcra.fx_deposits_private_sector,108
2004-07-16,2312.0,series.ar.bcra.fx_deposits_private_sector,108
2004-07-19,2310.0,series.ar.bcra.fx_deposits_private_sector,108
2004-07-20,2324.0,series.ar.bcra.fx_deposits_private_sector,108
2004-07-21,2320.0,series.ar.bcra.fx_deposits_private_sector,108
2004-07-22,2347.0,series.ar.bcra.fx_deposits_private_sector,108
2004-07-23,2343.0,series.ar.bcra.fx_deposits_private_sector,108
2004-07-26,2340.0,series.ar.bcra.fx_deposits_private_sector,108
2004-07-27,2335.0,series.ar.bcra.fx_deposits_private_sector,108
2004-07-28,2325.0,series.ar.bcra.fx_deposits_private_sector,108
2004-07-29,2327.0,series.ar.bcra.fx_deposits_private_sector,108
2004-07-30,2319.0,series.ar.bcra.fx_deposits_private_sector,108
2004-08-02,2330.0,series.ar.bcra.fx_deposits_private_sector,108
2004-08-03,2327.0,series.ar.bcra.fx_deposits_private_sector,108
2004-08-04,2329.0,series.ar.bcra.fx_deposits_private_sector,108
2004-08-05,2345.0,series.ar.bcra.fx_deposits_private_sector,108
2004-08-06,2337.0,series.ar.bcra.fx_deposits_private_sector,108
2004-08-09,2337.0,series.ar.bcra.fx_deposits_private_sector,108
2004-08-10,2336.0,series.ar.bcra.fx_deposits_private_sector,108
2004-08-11,2350.0,series.ar.bcra.fx_deposits_private_sector,108
2004-08-12,2361.0,series.ar.bcra.fx_deposits_private_sector,108
2004-08-13,2363.0,series.ar.bcra.fx_deposits_private_sector,108
2004-08-17,2368.0,series.ar.bcra.fx_deposits_private_sector,108
2004-08-18,2373.0,series.ar.bcra.fx_deposits_private_sector,108
2004-08-19,2377.0,series.ar.bcra.fx_deposits_private_sector,108
2004-08-20,2374.0,series.ar.bcra.fx_deposits_private_sector,108
2004-08-23,2378.0,series.ar.bcra.fx_deposits_private_sector,108
2004-08-24,2393.0,series.ar.bcra.fx_deposits_private_sector,108
2004-08-25,2396.0,series.ar.bcra.fx_deposits_private_sector,108
2004-08-26,2396.0,series.ar.bcra.fx_deposits_private_sector,108
2004-08-27,2397.0,series.ar.bcra.fx_deposits_private_sector,108
2004-08-30,2395.0,series.ar.bcra.fx_deposits_private_sector,108
2004-08-31,2401.0,series.ar.bcra.fx_deposits_private_sector,108
2004-09-01,2403.0,series.ar.bcra.fx_deposits_private_sector,108
2004-09-02,2407.0,series.ar.bcra.fx_deposits_private_sector,108
2004-09-03,2413.0,series.ar.bcra.fx_deposits_private_sector,108
2004-09-06,2421.0,series.ar.bcra.fx_deposits_private_sector,108
2004-09-07,2434.0,series.ar.bcra.fx_deposits_private_sector,108
2004-09-08,2427.0,series.ar.bcra.fx_deposits_private_sector,108
2004-09-09,2426.0,series.ar.bcra.fx_deposits_private_sector,108
2004-09-10,2431.0,series.ar.bcra.fx_deposits_private_sector,108
2004-09-13,2430.0,series.ar.bcra.fx_deposits_private_sector,108
2004-09-14,2442.0,series.ar.bcra.fx_deposits_private_sector,108
2004-09-15,2430.0,series.ar.bcra.fx_deposits_private_sector,108
2004-09-16,2443.0,series.ar.bcra.fx_deposits_private_sector,108
2004-09-17,2439.0,series.ar.bcra.fx_deposits_private_sector,108
2004-09-20,2433.0,series.ar.bcra.fx_deposits_private_sector,108
2004-09-21,2433.0,series.ar.bcra.fx_deposits_private_sector,108
2004-09-22,2447.0,series.ar.bcra.fx_deposits_private_sector,108
2004-09-23,2437.0,series.ar.bcra.fx_deposits_private_sector,108
2004-09-24,2447.0,series.ar.bcra.fx_deposits_private_sector,108
2004-09-27,2455.0,series.ar.bcra.fx_deposits_private_sector,108
2004-09-28,2452.0,series.ar.bcra.fx_deposits_private_sector,108
2004-09-29,2458.0,series.ar.bcra.fx_deposits_private_sector,108
2004-09-30,2457.0,series.ar.bcra.fx_deposits_private_sector,108
2004-10-01,2443.0,series.ar.bcra.fx_deposits_private_sector,108
2004-10-04,2451.0,series.ar.bcra.fx_deposits_private_sector,108
2004-10-05,2453.0,series.ar.bcra.fx_deposits_private_sector,108
2004-10-06,2457.0,series.ar.bcra.fx_deposits_private_sector,108
2004-10-07,2464.0,series.ar.bcra.fx_deposits_private_sector,108
2004-10-08,2471.0,series.ar.bcra.fx_deposits_private_sector,108
2004-10-12,2462.0,series.ar.bcra.fx_deposits_private_sector,108
2004-10-13,2463.0,series.ar.bcra.fx_deposits_private_sector,108
2004-10-14,2461.0,series.ar.bcra.fx_deposits_private_sector,108
2004-10-15,2464.0,series.ar.bcra.fx_deposits_private_sector,108
2004-10-18,2463.0,series.ar.bcra.fx_deposits_private_sector,108
2004-10-19,2457.0,series.ar.bcra.fx_deposits_private_sector,108
2004-10-20,2456.0,series.ar.bcra.fx_deposits_private_sector,108
2004-10-21,2459.0,series.ar.bcra.fx_deposits_private_sector,108
2004-10-22,2455.0,series.ar.bcra.fx_deposits_private_sector,108
2004-10-25,2459.0,series.ar.bcra.fx_deposits_private_sector,108
2004-10-26,2464.0,series.ar.bcra.fx_deposits_private_sector,108
2004-10-27,2460.0,series.ar.bcra.fx_deposits_private_sector,108
2004-10-28,2451.0,series.ar.bcra.fx_deposits_private_sector,108
2004-10-29,2456.0,series.ar.bcra.fx_deposits_private_sector,108
2004-11-01,2448.0,series.ar.bcra.fx_deposits_private_sector,108
2004-11-02,2445.0,series.ar.bcra.fx_deposits_private_sector,108
2004-11-03,2446.0,series.ar.bcra.fx_deposits_private_sector,108
2004-11-04,2442.0,series.ar.bcra.fx_deposits_private_sector,108
2004-11-05,2424.0,series.ar.bcra.fx_deposits_private_sector,108
2004-11-08,2433.0,series.ar.bcra.fx_deposits_private_sector,108
2004-11-09,2429.0,series.ar.bcra.fx_deposits_private_sector,108
2004-11-10,2430.0,series.ar.bcra.fx_deposits_private_sector,108
2004-11-11,2428.0,series.ar.bcra.fx_deposits_private_sector,108
2004-11-12,2433.0,series.ar.bcra.fx_deposits_private_sector,108
2004-11-15,2437.0,series.ar.bcra.fx_deposits_private_sector,108
2004-11-16,2435.0,series.ar.bcra.fx_deposits_private_sector,108
2004-11-17,2433.0,series.ar.bcra.fx_deposits_private_sector,108
2004-11-18,2427.0,series.ar.bcra.fx_deposits_private_sector,108
2004-11-19,2440.0,series.ar.bcra.fx_deposits_private_sector,108
2004-11-22,2443.0,series.ar.bcra.fx_deposits_private_sector,108
2004-11-23,2452.0,series.ar.bcra.fx_deposits_private_sector,108
2004-11-24,2448.0,series.ar.bcra.fx_deposits_private_sector,108
2004-11-25,2449.0,series.ar.bcra.fx_deposits_private_sector,108
2004-11-26,2452.0,series.ar.bcra.fx_deposits_private_sector,108
2004-11-29,2455.0,series.ar.bcra.fx_deposits_private_sector,108
2004-11-30,2458.0,series.ar.bcra.fx_deposits_private_sector,108
2004-12-01,2458.0,series.ar.bcra.fx_deposits_private_sector,108
2004-12-02,2455.0,series.ar.bcra.fx_deposits_private_sector,108
2004-12-03,2439.0,series.ar.bcra.fx_deposits_private_sector,108
2004-12-06,2447.0,series.ar.bcra.fx_deposits_private_sector,108
2004-12-07,2446.0,series.ar.bcra.fx_deposits_private_sector,108
2004-12-09,2458.0,series.ar.bcra.fx_deposits_private_sector,108
2004-12-10,2456.0,series.ar.bcra.fx_deposits_private_sector,108
2004-12-13,2462.0,series.ar.bcra.fx_deposits_private_sector,108
2004-12-14,2465.0,series.ar.bcra.fx_deposits_private_sector,108
2004-12-15,2473.0,series.ar.bcra.fx_deposits_private_sector,108
2004-12-16,2479.0,series.ar.bcra.fx_deposits_private_sector,108
2004-12-17,2469.0,series.ar.bcra.fx_deposits_private_sector,108
2004-12-20,2471.0,series.ar.bcra.fx_deposits_private_sector,108
2004-12-21,2470.0,series.ar.bcra.fx_deposits_private_sector,108
2004-12-22,2475.0,series.ar.bcra.fx_deposits_private_sector,108
2004-12-23,2483.0,series.ar.bcra.fx_deposits_private_sector,108
2004-12-24,2490.0,series.ar.bcra.fx_deposits_private_sector,108
2004-12-27,2496.0,series.ar.bcra.fx_deposits_private_sector,108
2004-12-28,2495.0,series.ar.bcra.fx_deposits_private_sector,108
2004-12-29,2491.0,series.ar.bcra.fx_deposits_private_sector,108
2004-12-30,2492.0,series.ar.bcra.fx_deposits_private_sector,108
2004-12-31,2500.0,series.ar.bcra.fx_deposits_private_sector,108
2005-01-03,2489.0,series.ar.bcra.fx_deposits_private_sector,108
2005-01-04,2489.0,series.ar.bcra.fx_deposits_private_sector,108
2005-01-05,2492.0,series.ar.bcra.fx_deposits_private_sector,108
2005-01-06,2493.0,series.ar.bcra.fx_deposits_private_sector,108
2005-01-07,2502.0,series.ar.bcra.fx_deposits_private_sector,108
2005-01-10,2499.0,series.ar.bcra.fx_deposits_private_sector,108
2005-01-11,2502.0,series.ar.bcra.fx_deposits_private_sector,108
2005-01-12,2505.0,series.ar.bcra.fx_deposits_private_sector,108
2005-01-13,2508.0,series.ar.bcra.fx_deposits_private_sector,108
2005-01-14,2517.0,series.ar.bcra.fx_deposits_private_sector,108
2005-01-17,2525.0,series.ar.bcra.fx_deposits_private_sector,108
2005-01-18,2526.0,series.ar.bcra.fx_deposits_private_sector,108
2005-01-19,2534.0,series.ar.bcra.fx_deposits_private_sector,108
2005-01-20,2541.0,series.ar.bcra.fx_deposits_private_sector,108
2005-01-21,2543.0,series.ar.bcra.fx_deposits_private_sector,108
2005-01-24,2541.0,series.ar.bcra.fx_deposits_private_sector,108
2005-01-25,2538.0,series.ar.bcra.fx_deposits_private_sector,108
2005-01-26,2539.0,series.ar.bcra.fx_deposits_private_sector,108
2005-01-27,2550.0,series.ar.bcra.fx_deposits_private_sector,108
2005-01-28,2571.0,series.ar.bcra.fx_deposits_private_sector,108
2005-01-31,2585.0,series.ar.bcra.fx_deposits_private_sector,108
2005-02-01,2580.0,series.ar.bcra.fx_deposits_private_sector,108
2005-02-02,2574.0,series.ar.bcra.fx_deposits_private_sector,108
2005-02-03,2578.0,series.ar.bcra.fx_deposits_private_sector,108
2005-02-04,2580.0,series.ar.bcra.fx_deposits_private_sector,108
2005-02-07,2578.0,series.ar.bcra.fx_deposits_private_sector,108
2005-02-08,2572.0,series.ar.bcra.fx_deposits_private_sector,108
2005-02-09,2576.0,series.ar.bcra.fx_deposits_private_sector,108
2005-02-10,2575.0,series.ar.bcra.fx_deposits_private_sector,108
2005-02-11,2581.0,series.ar.bcra.fx_deposits_private_sector,108
2005-02-14,2591.0,series.ar.bcra.fx_deposits_private_sector,108
2005-02-15,2585.0,series.ar.bcra.fx_deposits_private_sector,108
2005-02-16,2590.0,series.ar.bcra.fx_deposits_private_sector,108
2005-02-17,2597.0,series.ar.bcra.fx_deposits_private_sector,108
2005-02-18,2600.0,series.ar.bcra.fx_deposits_private_sector,108
2005-02-21,2597.0,series.ar.bcra.fx_deposits_private_sector,108
2005-02-22,2597.0,series.ar.bcra.fx_deposits_private_sector,108
2005-02-23,2605.0,series.ar.bcra.fx_deposits_private_sector,108
2005-02-24,2600.0,series.ar.bcra.fx_deposits_private_sector,108
2005-02-25,2598.0,series.ar.bcra.fx_deposits_private_sector,108
2005-02-28,2622.0,series.ar.bcra.fx_deposits_private_sector,108
2005-03-01,2612.0,series.ar.bcra.fx_deposits_private_sector,108
2005-03-02,2614.0,series.ar.bcra.fx_deposits_private_sector,108
2005-03-03,2616.0,series.ar.bcra.fx_deposits_private_sector,108
2005-03-04,2610.0,series.ar.bcra.fx_deposits_private_sector,108
2005-03-07,2619.0,series.ar.bcra.fx_deposits_private_sector,108
2005-03-08,2611.0,series.ar.bcra.fx_deposits_private_sector,108
2005-03-09,2617.0,series.ar.bcra.fx_deposits_private_sector,108
2005-03-10,2617.0,series.ar.bcra.fx_deposits_private_sector,108
2005-03-11,2628.0,series.ar.bcra.fx_deposits_private_sector,108
2005-03-14,2648.0,series.ar.bcra.fx_deposits_private_sector,108
2005-03-15,2644.0,series.ar.bcra.fx_deposits_private_sector,108
2005-03-16,2655.0,series.ar.bcra.fx_deposits_private_sector,108
2005-03-17,2654.0,series.ar.bcra.fx_deposits_private_sector,108
2005-03-18,2660.0,series.ar.bcra.fx_deposits_private_sector,108
2005-03-21,2658.0,series.ar.bcra.fx_deposits_private_sector,108
2005-03-22,2662.0,series.ar.bcra.fx_deposits_private_sector,108
2005-03-23,2660.0,series.ar.bcra.fx_deposits_private_sector,108
2005-03-28,2659.0,series.ar.bcra.fx_deposits_private_sector,108
2005-03-29,2657.0,series.ar.bcra.fx_deposits_private_sector,108
2005-03-30,2661.0,series.ar.bcra.fx_deposits_private_sector,108
2005-03-31,2671.0,series.ar.bcra.fx_deposits_private_sector,108
2005-04-01,2665.0,series.ar.bcra.fx_deposits_private_sector,108
2005-04-04,2667.0,series.ar.bcra.fx_deposits_private_sector,108
2005-04-05,2662.0,series.ar.bcra.fx_deposits_private_sector,108
2005-04-06,2664.0,series.ar.bcra.fx_deposits_private_sector,108
2005-04-07,2673.0,series.ar.bcra.fx_deposits_private_sector,108
2005-04-08,2680.0,series.ar.bcra.fx_deposits_private_sector,108
2005-04-11,2689.0,series.ar.bcra.fx_deposits_private_sector,108
2005-04-12,2679.0,series.ar.bcra.fx_deposits_private_sector,108
2005-04-13,2677.0,series.ar.bcra.fx_deposits_private_sector,108
2005-04-14,2684.0,series.ar.bcra.fx_deposits_private_sector,108
2005-04-15,2689.0,series.ar.bcra.fx_deposits_private_sector,108
2005-04-18,2688.0,series.ar.bcra.fx_deposits_private_sector,108
2005-04-19,2678.0,series.ar.bcra.fx_deposits_private_sector,108
2005-04-20,2681.0,series.ar.bcra.fx_deposits_private_sector,108
2005-04-21,2673.0,series.ar.bcra.fx_deposits_private_sector,108
2005-04-22,2676.0,series.ar.bcra.fx_deposits_private_sector,108
2005-04-25,2676.0,series.ar.bcra.fx_deposits_private_sector,108
2005-04-26,2681.0,series.ar.bcra.fx_deposits_private_sector,108
2005-04-27,2681.0,series.ar.bcra.fx_deposits_private_sector,108
2005-04-28,2691.0,series.ar.bcra.fx_deposits_private_sector,108
2005-04-29,2685.0,series.ar.bcra.fx_deposits_private_sector,108
2005-05-02,2682.0,series.ar.bcra.fx_deposits_private_sector,108
2005-05-03,2707.0,series.ar.bcra.fx_deposits_private_sector,108
2005-05-04,2744.0,series.ar.bcra.fx_deposits_private_sector,108
2005-05-05,2848.0,series.ar.bcra.fx_deposits_private_sector,108
2005-05-06,2857.0,series.ar.bcra.fx_deposits_private_sector,108
2005-05-09,2880.0,series.ar.bcra.fx_deposits_private_sector,108
2005-05-10,2873.0,series.ar.bcra.fx_deposits_private_sector,108
2005-05-11,2871.0,series.ar.bcra.fx_deposits_private_sector,108
2005-05-12,2874.0,series.ar.bcra.fx_deposits_private_sector,108
2005-05-13,2865.0,series.ar.bcra.fx_deposits_private_sector,108
2005-05-16,2866.0,series.ar.bcra.fx_deposits_private_sector,108
2005-05-17,2864.0,series.ar.bcra.fx_deposits_private_sector,108
2005-05-18,2874.0,series.ar.bcra.fx_deposits_private_sector,108
2005-05-19,2875.0,series.ar.bcra.fx_deposits_private_sector,108
2005-05-20,2883.0,series.ar.bcra.fx_deposits_private_sector,108
2005-05-23,2871.0,series.ar.bcra.fx_deposits_private_sector,108
2005-05-24,2874.0,series.ar.bcra.fx_deposits_private_sector,108
2005-05-26,2884.0,series.ar.bcra.fx_deposits_private_sector,108
2005-05-27,2877.0,series.ar.bcra.fx_deposits_private_sector,108
2005-05-30,2883.0,series.ar.bcra.fx_deposits_private_sector,108
2005-05-31,2916.0,series.ar.bcra.fx_deposits_private_sector,108
2005-06-01,2920.0,series.ar.bcra.fx_deposits_private_sector,108
2005-06-02,2919.0,series.ar.bcra.fx_deposits_private_sector,108
2005-06-03,2925.0,series.ar.bcra.fx_deposits_private_sector,108
2005-06-06,2935.0,series.ar.bcra.fx_deposits_private_sector,108
2005-06-07,2942.0,series.ar.bcra.fx_deposits_private_sector,108
2005-06-08,2936.0,series.ar.bcra.fx_deposits_private_sector,108
2005-06-09,2952.0,series.ar.bcra.fx_deposits_private_sector,108
2005-06-10,2946.0,series.ar.bcra.fx_deposits_private_sector,108
2005-06-13,2928.0,series.ar.bcra.fx_deposits_private_sector,108
2005-06-14,2952.0,series.ar.bcra.fx_deposits_private_sector,108
2005-06-15,2927.0,series.ar.bcra.fx_deposits_private_sector,108
2005-06-16,2931.0,series.ar.bcra.fx_deposits_private_sector,108
2005-06-17,2940.0,series.ar.bcra.fx_deposits_private_sector,108
2005-06-21,2941.0,series.ar.bcra.fx_deposits_private_sector,108
2005-06-22,2941.0,series.ar.bcra.fx_deposits_private_sector,108
2005-06-23,2940.0,series.ar.bcra.fx_deposits_private_sector,108
2005-06-24,2946.0,series.ar.bcra.fx_deposits_private_sector,108
2005-06-27,2932.0,series.ar.bcra.fx_deposits_private_sector,108
2005-06-28,2938.0,series.ar.bcra.fx_deposits_private_sector,108
2005-06-29,2947.0,series.ar.bcra.fx_deposits_private_sector,108
2005-06-30,2947.0,series.ar.bcra.fx_deposits_private_sector,108
2005-07-01,2954.0,series.ar.bcra.fx_deposits_private_sector,108
2005-07-04,2961.0,series.ar.bcra.fx_deposits_private_sector,108
2005-07-05,2961.0,series.ar.bcra.fx_deposits_private_sector,108
2005-07-06,2961.0,series.ar.bcra.fx_deposits_private_sector,108
2005-07-07,2967.0,series.ar.bcra.fx_deposits_private_sector,108
2005-07-08,2961.0,series.ar.bcra.fx_deposits_private_sector,108
2005-07-11,2985.0,series.ar.bcra.fx_deposits_private_sector,108
2005-07-12,2978.0,series.ar.bcra.fx_deposits_private_sector,108
2005-07-13,2981.0,series.ar.bcra.fx_deposits_private_sector,108
2005-07-14,2987.0,series.ar.bcra.fx_deposits_private_sector,108
2005-07-15,2991.0,series.ar.bcra.fx_deposits_private_sector,108
2005-07-18,2995.0,series.ar.bcra.fx_deposits_private_sector,108
2005-07-19,2994.0,series.ar.bcra.fx_deposits_private_sector,108
2005-07-20,2997.0,series.ar.bcra.fx_deposits_private_sector,108
2005-07-21,2999.0,series.ar.bcra.fx_deposits_private_sector,108
2005-07-22,2999.0,series.ar.bcra.fx_deposits_private_sector,108
2005-07-25,3012.0,series.ar.bcra.fx_deposits_private_sector,108
2005-07-26,3010.0,series.ar.bcra.fx_deposits_private_sector,108
2005-07-27,3012.0,series.ar.bcra.fx_deposits_private_sector,108
2005-07-28,3009.0,series.ar.bcra.fx_deposits_private_sector,108
2005-07-29,3014.0,series.ar.bcra.fx_deposits_private_sector,108
2005-08-01,3024.0,series.ar.bcra.fx_deposits_private_sector,108
2005-08-02,3038.0,series.ar.bcra.fx_deposits_private_sector,108
2005-08-03,3094.0,series.ar.bcra.fx_deposits_private_sector,108
2005-08-04,3177.0,series.ar.bcra.fx_deposits_private_sector,108
2005-08-05,3191.0,series.ar.bcra.fx_deposits_private_sector,108
2005-08-08,3214.0,series.ar.bcra.fx_deposits_private_sector,108
2005-08-09,3251.0,series.ar.bcra.fx_deposits_private_sector,108
2005-08-10,3243.0,series.ar.bcra.fx_deposits_private_sector,108
2005-08-11,3247.0,series.ar.bcra.fx_deposits_private_sector,108
2005-08-12,3243.0,series.ar.bcra.fx_deposits_private_sector,108
2005-08-16,3245.0,series.ar.bcra.fx_deposits_private_sector,108
2005-08-17,3239.0,series.ar.bcra.fx_deposits_private_sector,108
2005-08-18,3219.0,series.ar.bcra.fx_deposits_private_sector,108
2005-08-19,3204.0,series.ar.bcra.fx_deposits_private_sector,108
2005-08-22,3212.0,series.ar.bcra.fx_deposits_private_sector,108
2005-08-23,3215.0,series.ar.bcra.fx_deposits_private_sector,108
2005-08-24,3224.0,series.ar.bcra.fx_deposits_private_sector,108
2005-08-25,3228.0,series.ar.bcra.fx_deposits_private_sector,108
2005-08-26,3229.0,series.ar.bcra.fx_deposits_private_sector,108
2005-08-29,3239.0,series.ar.bcra.fx_deposits_private_sector,108
2005-08-30,3238.0,series.ar.bcra.fx_deposits_private_sector,108
2005-08-31,3297.0,series.ar.bcra.fx_deposits_private_sector,108
2005-09-01,3280.0,series.ar.bcra.fx_deposits_private_sector,108
2005-09-02,3277.0,series.ar.bcra.fx_deposits_private_sector,108
2005-09-05,3293.0,series.ar.bcra.fx_deposits_private_sector,108
2005-09-06,3289.0,series.ar.bcra.fx_deposits_private_sector,108
2005-09-07,3300.0,series.ar.bcra.fx_deposits_private_sector,108
2005-09-08,3302.0,series.ar.bcra.fx_deposits_private_sector,108
2005-09-09,3299.0,series.ar.bcra.fx_deposits_private_sector,108
2005-09-12,3302.0,series.ar.bcra.fx_deposits_private_sector,108
2005-09-13,3298.0,series.ar.bcra.fx_deposits_private_sector,108
2005-09-14,3299.0,series.ar.bcra.fx_deposits_private_sector,108
2005-09-15,3294.0,series.ar.bcra.fx_deposits_private_sector,108
2005-09-16,3300.0,series.ar.bcra.fx_deposits_private_sector,108
2005-09-19,3303.0,series.ar.bcra.fx_deposits_private_sector,108
2005-09-20,3302.0,series.ar.bcra.fx_deposits_private_sector,108
2005-09-21,3307.0,series.ar.bcra.fx_deposits_private_sector,108
2005-09-22,3298.0,series.ar.bcra.fx_deposits_private_sector,108
2005-09-23,3306.0,series.ar.bcra.fx_deposits_private_sector,108
2005-09-26,3304.0,series.ar.bcra.fx_deposits_private_sector,108
2005-09-27,3308.0,series.ar.bcra.fx_deposits_private_sector,108
2005-09-28,3325.0,series.ar.bcra.fx_deposits_private_sector,108
2005-09-29,3322.0,series.ar.bcra.fx_deposits_private_sector,108
2005-09-30,3320.0,series.ar.bcra.fx_deposits_private_sector,108
2005-10-03,3316.0,series.ar.bcra.fx_deposits_private_sector,108
2005-10-04,3319.0,series.ar.bcra.fx_deposits_private_sector,108
2005-10-05,3325.0,series.ar.bcra.fx_deposits_private_sector,108
2005-10-06,3323.0,series.ar.bcra.fx_deposits_private_sector,108
2005-10-07,3325.0,series.ar.bcra.fx_deposits_private_sector,108
2005-10-11,3324.0,series.ar.bcra.fx_deposits_private_sector,108
2005-10-12,3334.0,series.ar.bcra.fx_deposits_private_sector,108
2005-10-13,3321.0,series.ar.bcra.fx_deposits_private_sector,108
2005-10-14,3325.0,series.ar.bcra.fx_deposits_private_sector,108
2005-10-17,3325.0,series.ar.bcra.fx_deposits_private_sector,108
2005-10-18,3329.0,series.ar.bcra.fx_deposits_private_sector,108
2005-10-19,3331.0,series.ar.bcra.fx_deposits_private_sector,108
2005-10-20,3331.0,series.ar.bcra.fx_deposits_private_sector,108
2005-10-21,3330.0,series.ar.bcra.fx_deposits_private_sector,108
2005-10-24,3344.0,series.ar.bcra.fx_deposits_private_sector,108
2005-10-25,3344.0,series.ar.bcra.fx_deposits_private_sector,108
2005-10-26,3346.0,series.ar.bcra.fx_deposits_private_sector,108
2005-10-27,3346.0,series.ar.bcra.fx_deposits_private_sector,108
2005-10-28,3365.0,series.ar.bcra.fx_deposits_private_sector,108
2005-10-31,3360.0,series.ar.bcra.fx_deposits_private_sector,108
2005-11-01,3353.0,series.ar.bcra.fx_deposits_private_sector,108
2005-11-02,3359.0,series.ar.bcra.fx_deposits_private_sector,108
2005-11-03,3376.0,series.ar.bcra.fx_deposits_private_sector,108
2005-11-04,3370.0,series.ar.bcra.fx_deposits_private_sector,108
2005-11-07,3384.0,series.ar.bcra.fx_deposits_private_sector,108
2005-11-08,3377.0,series.ar.bcra.fx_deposits_private_sector,108
2005-11-09,3388.0,series.ar.bcra.fx_deposits_private_sector,108
2005-11-10,3385.0,series.ar.bcra.fx_deposits_private_sector,108
2005-11-11,3393.0,series.ar.bcra.fx_deposits_private_sector,108
2005-11-14,3406.0,series.ar.bcra.fx_deposits_private_sector,108
2005-11-15,3408.0,series.ar.bcra.fx_deposits_private_sector,108
2005-11-16,3400.0,series.ar.bcra.fx_deposits_private_sector,108
2005-11-17,3404.0,series.ar.bcra.fx_deposits_private_sector,108
2005-11-18,3412.0,series.ar.bcra.fx_deposits_private_sector,108
2005-11-21,3422.0,series.ar.bcra.fx_deposits_private_sector,108
2005-11-22,3423.0,series.ar.bcra.fx_deposits_private_sector,108
2005-11-23,3426.0,series.ar.bcra.fx_deposits_private_sector,108
2005-11-24,3425.0,series.ar.bcra.fx_deposits_private_sector,108
2005-11-25,3438.0,series.ar.bcra.fx_deposits_private_sector,108
2005-11-28,3440.0,series.ar.bcra.fx_deposits_private_sector,108
2005-11-29,3432.0,series.ar.bcra.fx_deposits_private_sector,108
2005-11-30,3442.0,series.ar.bcra.fx_deposits_private_sector,108
2005-12-01,3448.0,series.ar.bcra.fx_deposits_private_sector,108
2005-12-02,3450.0,series.ar.bcra.fx_deposits_private_sector,108
2005-12-05,3466.0,series.ar.bcra.fx_deposits_private_sector,108
2005-12-06,3464.0,series.ar.bcra.fx_deposits_private_sector,108
2005-12-07,3462.0,series.ar.bcra.fx_deposits_private_sector,108
2005-12-09,3468.0,series.ar.bcra.fx_deposits_private_sector,108
2005-12-12,3470.0,series.ar.bcra.fx_deposits_private_sector,108
2005-12-13,3478.0,series.ar.bcra.fx_deposits_private_sector,108
2005-12-14,3479.0,series.ar.bcra.fx_deposits_private_sector,108
2005-12-15,3491.0,series.ar.bcra.fx_deposits_private_sector,108
2005-12-16,3489.0,series.ar.bcra.fx_deposits_private_sector,108
2005-12-19,3511.0,series.ar.bcra.fx_deposits_private_sector,108
2005-12-20,3516.0,series.ar.bcra.fx_deposits_private_sector,108
2005-12-21,3504.0,series.ar.bcra.fx_deposits_private_sector,108
2005-12-22,3503.0,series.ar.bcra.fx_deposits_private_sector,108
2005-12-23,3519.0,series.ar.bcra.fx_deposits_private_sector,108
2005-12-26,3520.0,series.ar.bcra.fx_deposits_private_sector,108
2005-12-27,3526.0,series.ar.bcra.fx_deposits_private_sector,108
2005-12-28,3534.0,series.ar.bcra.fx_deposits_private_sector,108
2005-12-29,3539.0,series.ar.bcra.fx_deposits_private_sector,108
2005-12-30,3542.0,series.ar.bcra.fx_deposits_private_sector,108
2006-01-02,3539.0,series.ar.bcra.fx_deposits_private_sector,108
2006-01-03,3549.0,series.ar.bcra.fx_deposits_private_sector,108
2006-01-04,3541.0,series.ar.bcra.fx_deposits_private_sector,108
2006-01-05,3553.0,series.ar.bcra.fx_deposits_private_sector,108
2006-01-06,3559.0,series.ar.bcra.fx_deposits_private_sector,108
2006-01-09,3568.0,series.ar.bcra.fx_deposits_private_sector,108
2006-01-10,3564.0,series.ar.bcra.fx_deposits_private_sector,108
2006-01-11,3570.0,series.ar.bcra.fx_deposits_private_sector,108
2006-01-12,3567.0,series.ar.bcra.fx_deposits_private_sector,108
2006-01-13,3575.0,series.ar.bcra.fx_deposits_private_sector,108
2006-01-16,3591.0,series.ar.bcra.fx_deposits_private_sector,108
2006-01-17,3614.0,series.ar.bcra.fx_deposits_private_sector,108
2006-01-18,3610.0,series.ar.bcra.fx_deposits_private_sector,108
2006-01-19,3617.0,series.ar.bcra.fx_deposits_private_sector,108
2006-01-20,3617.0,series.ar.bcra.fx_deposits_private_sector,108
2006-01-23,3620.0,series.ar.bcra.fx_deposits_private_sector,108
2006-01-24,3617.0,series.ar.bcra.fx_deposits_private_sector,108
2006-01-25,3614.0,series.ar.bcra.fx_deposits_private_sector,108
2006-01-26,3615.0,series.ar.bcra.fx_deposits_private_sector,108
2006-01-27,3619.0,series.ar.bcra.fx_deposits_private_sector,108
2006-01-30,3621.0,series.ar.bcra.fx_deposits_private_sector,108
2006-01-31,3620.0,series.ar.bcra.fx_deposits_private_sector,108
2006-02-01,3627.0,series.ar.bcra.fx_deposits_private_sector,108
2006-02-02,3619.0,series.ar.bcra.fx_deposits_private_sector,108
2006-02-03,3648.0,series.ar.bcra.fx_deposits_private_sector,108
2006-02-06,3649.0,series.ar.bcra.fx_deposits_private_sector,108
2006-02-07,3666.0,series.ar.bcra.fx_deposits_private_sector,108
2006-02-08,3676.0,series.ar.bcra.fx_deposits_private_sector,108
2006-02-09,3691.0,series.ar.bcra.fx_deposits_private_sector,108
2006-02-10,3700.0,series.ar.bcra.fx_deposits_private_sector,108
2006-02-13,3690.0,series.ar.bcra.fx_deposits_private_sector,108
2006-02-14,3698.0,series.ar.bcra.fx_deposits_private_sector,108
2006-02-15,3700.0,series.ar.bcra.fx_deposits_private_sector,108
2006-02-16,3700.0,series.ar.bcra.fx_deposits_private_sector,108
2006-02-17,3735.0,series.ar.bcra.fx_deposits_private_sector,108
2006-02-20,3706.0,series.ar.bcra.fx_deposits_private_sector,108
2006-02-21,3706.0,series.ar.bcra.fx_deposits_private_sector,108
2006-02-22,3710.0,series.ar.bcra.fx_deposits_private_sector,108
2006-02-23,3706.0,series.ar.bcra.fx_deposits_private_sector,108
2006-02-24,3707.0,series.ar.bcra.fx_deposits_private_sector,108
2006-02-27,3709.0,series.ar.bcra.fx_deposits_private_sector,108
2006-02-28,3713.0,series.ar.bcra.fx_deposits_private_sector,108
2006-03-01,3718.0,series.ar.bcra.fx_deposits_private_sector,108
2006-03-02,3710.0,series.ar.bcra.fx_deposits_private_sector,108
2006-03-03,3710.0,series.ar.bcra.fx_deposits_private_sector,108
2006-03-06,3715.0,series.ar.bcra.fx_deposits_private_sector,108
2006-03-07,3716.0,series.ar.bcra.fx_deposits_private_sector,108
2006-03-08,3738.0,series.ar.bcra.fx_deposits_private_sector,108
2006-03-09,3732.0,series.ar.bcra.fx_deposits_private_sector,108
2006-03-10,3737.0,series.ar.bcra.fx_deposits_private_sector,108
2006-03-13,3731.0,series.ar.bcra.fx_deposits_private_sector,108
2006-03-14,3732.0,series.ar.bcra.fx_deposits_private_sector,108
2006-03-15,3737.0,series.ar.bcra.fx_deposits_private_sector,108
2006-03-16,3733.0,series.ar.bcra.fx_deposits_private_sector,108
2006-03-17,3728.0,series.ar.bcra.fx_deposits_private_sector,108
2006-03-20,3734.0,series.ar.bcra.fx_deposits_private_sector,108
2006-03-21,3741.0,series.ar.bcra.fx_deposits_private_sector,108
2006-03-22,3741.0,series.ar.bcra.fx_deposits_private_sector,108
2006-03-23,3748.0,series.ar.bcra.fx_deposits_private_sector,108
2006-03-27,3754.0,series.ar.bcra.fx_deposits_private_sector,108
2006-03-28,3752.0,series.ar.bcra.fx_deposits_private_sector,108
2006-03-29,3760.0,series.ar.bcra.fx_deposits_private_sector,108
2006-03-30,3756.0,series.ar.bcra.fx_deposits_private_sector,108
2006-03-31,3813.0,series.ar.bcra.fx_deposits_private_sector,108
2006-04-03,3788.0,series.ar.bcra.fx_deposits_private_sector,108
2006-04-04,3821.0,series.ar.bcra.fx_deposits_private_sector,108
2006-04-05,3817.0,series.ar.bcra.fx_deposits_private_sector,108
2006-04-06,3823.0,series.ar.bcra.fx_deposits_private_sector,108
2006-04-07,3826.0,series.ar.bcra.fx_deposits_private_sector,108
2006-04-10,3838.0,series.ar.bcra.fx_deposits_private_sector,108
2006-04-11,3843.0,series.ar.bcra.fx_deposits_private_sector,108
2006-04-12,3859.0,series.ar.bcra.fx_deposits_private_sector,108
2006-04-17,3866.0,series.ar.bcra.fx_deposits_private_sector,108
2006-04-18,3876.0,series.ar.bcra.fx_deposits_private_sector,108
2006-04-19,3876.0,series.ar.bcra.fx_deposits_private_sector,108
2006-04-20,3864.0,series.ar.bcra.fx_deposits_private_sector,108
2006-04-21,3874.0,series.ar.bcra.fx_deposits_private_sector,108
2006-04-24,3881.0,series.ar.bcra.fx_deposits_private_sector,108
2006-04-25,3889.0,series.ar.bcra.fx_deposits_private_sector,108
2006-04-26,3888.0,series.ar.bcra.fx_deposits_private_sector,108
2006-04-27,3898.0,series.ar.bcra.fx_deposits_private_sector,108
2006-04-28,3926.0,series.ar.bcra.fx_deposits_private_sector,108
2006-05-02,3929.0,series.ar.bcra.fx_deposits_private_sector,108
2006-05-03,3949.0,series.ar.bcra.fx_deposits_private_sector,108
2006-05-04,3993.0,series.ar.bcra.fx_deposits_private_sector,108
2006-05-05,3991.0,series.ar.bcra.fx_deposits_private_sector,108
2006-05-08,4010.0,series.ar.bcra.fx_deposits_private_sector,108
2006-05-09,4020.0,series.ar.bcra.fx_deposits_private_sector,108
2006-05-10,4031.0,series.ar.bcra.fx_deposits_private_sector,108
2006-05-11,4027.0,series.ar.bcra.fx_deposits_private_sector,108
2006-05-12,4030.0,series.ar.bcra.fx_deposits_private_sector,108
2006-05-15,4045.0,series.ar.bcra.fx_deposits_private_sector,108
2006-05-16,4051.0,series.ar.bcra.fx_deposits_private_sector,108
2006-05-17,4054.0,series.ar.bcra.fx_deposits_private_sector,108
2006-05-18,4062.0,series.ar.bcra.fx_deposits_private_sector,108
2006-05-19,4073.0,series.ar.bcra.fx_deposits_private_sector,108
2006-05-22,4079.0,series.ar.bcra.fx_deposits_private_sector,108
2006-05-23,4076.0,series.ar.bcra.fx_deposits_private_sector,108
2006-05-24,4082.0,series.ar.bcra.fx_deposits_private_sector,108
2006-05-26,4084.0,series.ar.bcra.fx_deposits_private_sector,108
2006-05-29,4092.0,series.ar.bcra.fx_deposits_private_sector,108
2006-05-30,4091.0,series.ar.bcra.fx_deposits_private_sector,108
2006-05-31,4096.0,series.ar.bcra.fx_deposits_private_sector,108
2006-06-01,4093.0,series.ar.bcra.fx_deposits_private_sector,108
2006-06-02,4106.0,series.ar.bcra.fx_deposits_private_sector,108
2006-06-05,4116.0,series.ar.bcra.fx_deposits_private_sector,108
2006-06-06,4113.0,series.ar.bcra.fx_deposits_private_sector,108
2006-06-07,4123.0,series.ar.bcra.fx_deposits_private_sector,108
2006-06-08,4125.0,series.ar.bcra.fx_deposits_private_sector,108
2006-06-09,4120.0,series.ar.bcra.fx_deposits_private_sector,108
2006-06-12,4135.0,series.ar.bcra.fx_deposits_private_sector,108
2006-06-13,4126.0,series.ar.bcra.fx_deposits_private_sector,108
2006-06-14,4139.0,series.ar.bcra.fx_deposits_private_sector,108
2006-06-15,4152.0,series.ar.bcra.fx_deposits_private_sector,108
2006-06-16,4151.0,series.ar.bcra.fx_deposits_private_sector,108
2006-06-20,4165.0,series.ar.bcra.fx_deposits_private_sector,108
2006-06-21,4175.0,series.ar.bcra.fx_deposits_private_sector,108
2006-06-22,4177.0,series.ar.bcra.fx_deposits_private_sector,108
2006-06-23,4167.0,series.ar.bcra.fx_deposits_private_sector,108
2006-06-26,4158.0,series.ar.bcra.fx_deposits_private_sector,108
2006-06-27,4171.0,series.ar.bcra.fx_deposits_private_sector,108
2006-06-28,4182.0,series.ar.bcra.fx_deposits_private_sector,108
2006-06-29,4188.0,series.ar.bcra.fx_deposits_private_sector,108
2006-06-30,4215.0,series.ar.bcra.fx_deposits_private_sector,108
2006-07-03,4200.0,series.ar.bcra.fx_deposits_private_sector,108
2006-07-04,4266.0,series.ar.bcra.fx_deposits_private_sector,108
2006-07-05,4202.0,series.ar.bcra.fx_deposits_private_sector,108
2006-07-06,4214.0,series.ar.bcra.fx_deposits_private_sector,108
2006-07-07,4273.0,series.ar.bcra.fx_deposits_private_sector,108
2006-07-10,4215.0,series.ar.bcra.fx_deposits_private_sector,108
2006-07-11,4221.0,series.ar.bcra.fx_deposits_private_sector,108
2006-07-12,4227.0,series.ar.bcra.fx_deposits_private_sector,108
2006-07-13,4242.0,series.ar.bcra.fx_deposits_private_sector,108
2006-07-14,4246.0,series.ar.bcra.fx_deposits_private_sector,108
2006-07-17,4246.0,series.ar.bcra.fx_deposits_private_sector,108
2006-07-18,4264.0,series.ar.bcra.fx_deposits_private_sector,108
2006-07-19,4266.0,series.ar.bcra.fx_deposits_private_sector,108
2006-07-20,4275.0,series.ar.bcra.fx_deposits_private_sector,108
2006-07-21,4279.0,series.ar.bcra.fx_deposits_private_sector,108
2006-07-24,4287.0,series.ar.bcra.fx_deposits_private_sector,108
2006-07-25,4311.0,series.ar.bcra.fx_deposits_private_sector,108
2006-07-26,4314.0,series.ar.bcra.fx_deposits_private_sector,108
2006-07-27,4317.0,series.ar.bcra.fx_deposits_private_sector,108
2006-07-28,4316.0,series.ar.bcra.fx_deposits_private_sector,108
2006-07-31,4319.0,series.ar.bcra.fx_deposits_private_sector,108
2006-08-01,4308.0,series.ar.bcra.fx_deposits_private_sector,108
2006-08-02,4315.0,series.ar.bcra.fx_deposits_private_sector,108
2006-08-03,4425.0,series.ar.bcra.fx_deposits_private_sector,108
2006-08-04,4532.0,series.ar.bcra.fx_deposits_private_sector,108
2006-08-07,4530.0,series.ar.bcra.fx_deposits_private_sector,108
2006-08-08,4588.0,series.ar.bcra.fx_deposits_private_sector,108
2006-08-09,4607.0,series.ar.bcra.fx_deposits_private_sector,108
2006-08-10,4578.0,series.ar.bcra.fx_deposits_private_sector,108
2006-08-11,4583.0,series.ar.bcra.fx_deposits_private_sector,108
2006-08-14,4596.0,series.ar.bcra.fx_deposits_private_sector,108
2006-08-15,4588.0,series.ar.bcra.fx_deposits_private_sector,108
2006-08-16,4559.0,series.ar.bcra.fx_deposits_private_sector,108
2006-08-17,4544.0,series.ar.bcra.fx_deposits_private_sector,108
2006-08-18,4551.0,series.ar.bcra.fx_deposits_private_sector,108
2006-08-22,4568.0,series.ar.bcra.fx_deposits_private_sector,108
2006-08-23,4559.0,series.ar.bcra.fx_deposits_private_sector,108
2006-08-24,4565.0,series.ar.bcra.fx_deposits_private_sector,108
2006-08-25,4584.0,series.ar.bcra.fx_deposits_private_sector,108
2006-08-28,4599.0,series.ar.bcra.fx_deposits_private_sector,108
2006-08-29,4620.0,series.ar.bcra.fx_deposits_private_sector,108
2006-08-30,4629.0,series.ar.bcra.fx_deposits_private_sector,108
2006-08-31,4643.0,series.ar.bcra.fx_deposits_private_sector,108
2006-09-01,4651.0,series.ar.bcra.fx_deposits_private_sector,108
2006-09-04,4648.0,series.ar.bcra.fx_deposits_private_sector,108
2006-09-05,4650.0,series.ar.bcra.fx_deposits_private_sector,108
2006-09-06,4654.0,series.ar.bcra.fx_deposits_private_sector,108
2006-09-07,4653.0,series.ar.bcra.fx_deposits_private_sector,108
2006-09-08,4698.0,series.ar.bcra.fx_deposits_private_sector,108
2006-09-11,4689.0,series.ar.bcra.fx_deposits_private_sector,108
2006-09-12,4721.0,series.ar.bcra.fx_deposits_private_sector,108
2006-09-13,4724.0,series.ar.bcra.fx_deposits_private_sector,108
2006-09-14,4725.0,series.ar.bcra.fx_deposits_private_sector,108
2006-09-15,4743.0,series.ar.bcra.fx_deposits_private_sector,108
2006-09-18,4737.0,series.ar.bcra.fx_deposits_private_sector,108
2006-09-19,4754.0,series.ar.bcra.fx_deposits_private_sector,108
2006-09-20,4754.0,series.ar.bcra.fx_deposits_private_sector,108
2006-09-21,4778.0,series.ar.bcra.fx_deposits_private_sector,108
2006-09-22,4790.0,series.ar.bcra.fx_deposits_private_sector,108
2006-09-25,4794.0,series.ar.bcra.fx_deposits_private_sector,108
2006-09-26,4807.0,series.ar.bcra.fx_deposits_private_sector,108
2006-09-27,4813.0,series.ar.bcra.fx_deposits_private_sector,108
2006-09-28,4823.0,series.ar.bcra.fx_deposits_private_sector,108
2006-09-29,4816.0,series.ar.bcra.fx_deposits_private_sector,108
2006-10-02,4825.0,series.ar.bcra.fx_deposits_private_sector,108
2006-10-03,4830.0,series.ar.bcra.fx_deposits_private_sector,108
2006-10-04,4833.0,series.ar.bcra.fx_deposits_private_sector,108
2006-10-05,4850.0,series.ar.bcra.fx_deposits_private_sector,108
2006-10-06,4836.0,series.ar.bcra.fx_deposits_private_sector,108
2006-10-09,4844.0,series.ar.bcra.fx_deposits_private_sector,108
2006-10-10,4861.0,series.ar.bcra.fx_deposits_private_sector,108
2006-10-11,4861.0,series.ar.bcra.fx_deposits_private_sector,108
2006-10-12,4880.0,series.ar.bcra.fx_deposits_private_sector,108
2006-10-13,4886.0,series.ar.bcra.fx_deposits_private_sector,108
2006-10-17,4875.0,series.ar.bcra.fx_deposits_private_sector,108
2006-10-18,4877.0,series.ar.bcra.fx_deposits_private_sector,108
2006-10-19,4872.0,series.ar.bcra.fx_deposits_private_sector,108
2006-10-20,4886.0,series.ar.bcra.fx_deposits_private_sector,108
2006-10-23,4891.0,series.ar.bcra.fx_deposits_private_sector,108
2006-10-24,4892.0,series.ar.bcra.fx_deposits_private_sector,108
2006-10-25,4912.0,series.ar.bcra.fx_deposits_private_sector,108
2006-10-26,4869.0,series.ar.bcra.fx_deposits_private_sector,108
2006-10-27,4902.0,series.ar.bcra.fx_deposits_private_sector,108
2006-10-30,4915.0,series.ar.bcra.fx_deposits_private_sector,108
2006-10-31,4912.0,series.ar.bcra.fx_deposits_private_sector,108
2006-11-01,4919.0,series.ar.bcra.fx_deposits_private_sector,108
2006-11-02,4932.0,series.ar.bcra.fx_deposits_private_sector,108
2006-11-03,4930.0,series.ar.bcra.fx_deposits_private_sector,108
2006-11-07,4931.0,series.ar.bcra.fx_deposits_private_sector,108
2006-11-08,4946.0,series.ar.bcra.fx_deposits_private_sector,108
2006-11-09,4947.0,series.ar.bcra.fx_deposits_private_sector,108
2006-11-10,4957.0,series.ar.bcra.fx_deposits_private_sector,108
2006-11-13,4955.0,series.ar.bcra.fx_deposits_private_sector,108
2006-11-14,4949.0,series.ar.bcra.fx_deposits_private_sector,108
2006-11-15,4943.0,series.ar.bcra.fx_deposits_private_sector,108
2006-11-16,4953.0,series.ar.bcra.fx_deposits_private_sector,108
2006-11-17,4971.0,series.ar.bcra.fx_deposits_private_sector,108
2006-11-20,4976.0,series.ar.bcra.fx_deposits_private_sector,108
2006-11-21,4973.0,series.ar.bcra.fx_deposits_private_sector,108
2006-11-22,4969.0,series.ar.bcra.fx_deposits_private_sector,108
2006-11-23,4986.0,series.ar.bcra.fx_deposits_private_sector,108
2006-11-24,4979.0,series.ar.bcra.fx_deposits_private_sector,108
2006-11-27,4940.0,series.ar.bcra.fx_deposits_private_sector,108
2006-11-28,4916.0,series.ar.bcra.fx_deposits_private_sector,108
2006-11-29,4891.0,series.ar.bcra.fx_deposits_private_sector,108
2006-11-30,4904.0,series.ar.bcra.fx_deposits_private_sector,108
2006-12-01,4904.0,series.ar.bcra.fx_deposits_private_sector,108
2006-12-04,4915.0,series.ar.bcra.fx_deposits_private_sector,108
2006-12-05,4908.0,series.ar.bcra.fx_deposits_private_sector,108
2006-12-06,4896.0,series.ar.bcra.fx_deposits_private_sector,108
2006-12-07,4905.0,series.ar.bcra.fx_deposits_private_sector,108
2006-12-11,4910.0,series.ar.bcra.fx_deposits_private_sector,108
2006-12-12,4904.0,series.ar.bcra.fx_deposits_private_sector,108
2006-12-13,4899.0,series.ar.bcra.fx_deposits_private_sector,108
2006-12-14,4908.0,series.ar.bcra.fx_deposits_private_sector,108
2006-12-15,4923.0,series.ar.bcra.fx_deposits_private_sector,108
2006-12-18,4924.0,series.ar.bcra.fx_deposits_private_sector,108
2006-12-19,4927.0,series.ar.bcra.fx_deposits_private_sector,108
2006-12-20,4931.0,series.ar.bcra.fx_deposits_private_sector,108
2006-12-21,4930.0,series.ar.bcra.fx_deposits_private_sector,108
2006-12-22,4928.0,series.ar.bcra.fx_deposits_private_sector,108
2006-12-26,4934.0,series.ar.bcra.fx_deposits_private_sector,108
2006-12-27,4934.0,series.ar.bcra.fx_deposits_private_sector,108
2006-12-28,4931.0,series.ar.bcra.fx_deposits_private_sector,108
2006-12-29,4932.0,series.ar.bcra.fx_deposits_private_sector,108
2007-01-02,4941.0,series.ar.bcra.fx_deposits_private_sector,108
2007-01-03,4926.0,series.ar.bcra.fx_deposits_private_sector,108
2007-01-04,4952.0,series.ar.bcra.fx_deposits_private_sector,108
2007-01-05,4938.0,series.ar.bcra.fx_deposits_private_sector,108
2007-01-08,4952.0,series.ar.bcra.fx_deposits_private_sector,108
2007-01-09,4946.0,series.ar.bcra.fx_deposits_private_sector,108
2007-01-10,4962.0,series.ar.bcra.fx_deposits_private_sector,108
2007-01-11,4962.0,series.ar.bcra.fx_deposits_private_sector,108
2007-01-12,4970.0,series.ar.bcra.fx_deposits_private_sector,108
2007-01-15,4978.0,series.ar.bcra.fx_deposits_private_sector,108
2007-01-16,4974.0,series.ar.bcra.fx_deposits_private_sector,108
2007-01-17,4978.0,series.ar.bcra.fx_deposits_private_sector,108
2007-01-18,4987.0,series.ar.bcra.fx_deposits_private_sector,108
2007-01-19,4988.0,series.ar.bcra.fx_deposits_private_sector,108
2007-01-22,4994.0,series.ar.bcra.fx_deposits_private_sector,108
2007-01-23,4981.0,series.ar.bcra.fx_deposits_private_sector,108
2007-01-24,4991.0,series.ar.bcra.fx_deposits_private_sector,108
2007-01-25,4988.0,series.ar.bcra.fx_deposits_private_sector,108
2007-01-26,5030.0,series.ar.bcra.fx_deposits_private_sector,108
2007-01-29,5032.0,series.ar.bcra.fx_deposits_private_sector,108
2007-01-30,5046.0,series.ar.bcra.fx_deposits_private_sector,108
2007-01-31,5085.0,series.ar.bcra.fx_deposits_private_sector,108
2007-02-01,5123.0,series.ar.bcra.fx_deposits_private_sector,108
2007-02-02,5125.0,series.ar.bcra.fx_deposits_private_sector,108
2007-02-05,5170.0,series.ar.bcra.fx_deposits_private_sector,108
2007-02-06,5179.0,series.ar.bcra.fx_deposits_private_sector,108
2007-02-07,5176.0,series.ar.bcra.fx_deposits_private_sector,108
2007-02-08,5197.0,series.ar.bcra.fx_deposits_private_sector,108
2007-02-09,5170.0,series.ar.bcra.fx_deposits_private_sector,108
2007-02-12,5078.0,series.ar.bcra.fx_deposits_private_sector,108
2007-02-13,5097.0,series.ar.bcra.fx_deposits_private_sector,108
2007-02-14,5109.0,series.ar.bcra.fx_deposits_private_sector,108
2007-02-15,5084.0,series.ar.bcra.fx_deposits_private_sector,108
2007-02-16,5087.0,series.ar.bcra.fx_deposits_private_sector,108
2007-02-19,5097.0,series.ar.bcra.fx_deposits_private_sector,108
2007-02-20,5091.0,series.ar.bcra.fx_deposits_private_sector,108
2007-02-21,5084.0,series.ar.bcra.fx_deposits_private_sector,108
2007-02-22,5095.0,series.ar.bcra.fx_deposits_private_sector,108
2007-02-23,5089.0,series.ar.bcra.fx_deposits_private_sector,108
2007-02-26,5104.0,series.ar.bcra.fx_deposits_private_sector,108
2007-02-27,5096.0,series.ar.bcra.fx_deposits_private_sector,108
2007-02-28,5102.0,series.ar.bcra.fx_deposits_private_sector,108
2007-03-01,5093.0,series.ar.bcra.fx_deposits_private_sector,108
2007-03-02,5100.0,series.ar.bcra.fx_deposits_private_sector,108
2007-03-05,5111.0,series.ar.bcra.fx_deposits_private_sector,108
2007-03-06,5101.0,series.ar.bcra.fx_deposits_private_sector,108
2007-03-07,5115.0,series.ar.bcra.fx_deposits_private_sector,108
2007-03-08,5110.0,series.ar.bcra.fx_deposits_private_sector,108
2007-03-09,5122.0,series.ar.bcra.fx_deposits_private_sector,108
2007-03-12,5125.0,series.ar.bcra.fx_deposits_private_sector,108
2007-03-13,5116.0,series.ar.bcra.fx_deposits_private_sector,108
2007-03-14,5111.0,series.ar.bcra.fx_deposits_private_sector,108
2007-03-15,5130.0,series.ar.bcra.fx_deposits_private_sector,108
2007-03-16,5120.0,series.ar.bcra.fx_deposits_private_sector,108
2007-03-19,5143.0,series.ar.bcra.fx_deposits_private_sector,108
2007-03-20,5150.0,series.ar.bcra.fx_deposits_private_sector,108
2007-03-21,5156.0,series.ar.bcra.fx_deposits_private_sector,108
2007-03-22,5157.0,series.ar.bcra.fx_deposits_private_sector,108
2007-03-23,5158.0,series.ar.bcra.fx_deposits_private_sector,108
2007-03-26,5165.0,series.ar.bcra.fx_deposits_private_sector,108
2007-03-27,5162.0,series.ar.bcra.fx_deposits_private_sector,108
2007-03-28,5161.0,series.ar.bcra.fx_deposits_private_sector,108
2007-03-29,5171.0,series.ar.bcra.fx_deposits_private_sector,108
2007-03-30,5179.0,series.ar.bcra.fx_deposits_private_sector,108
2007-04-03,5181.0,series.ar.bcra.fx_deposits_private_sector,108
2007-04-04,5177.0,series.ar.bcra.fx_deposits_private_sector,108
2007-04-09,5183.0,series.ar.bcra.fx_deposits_private_sector,108
2007-04-10,5173.0,series.ar.bcra.fx_deposits_private_sector,108
2007-04-11,5187.0,series.ar.bcra.fx_deposits_private_sector,108
2007-04-12,5189.0,series.ar.bcra.fx_deposits_private_sector,108
2007-04-13,5191.0,series.ar.bcra.fx_deposits_private_sector,108
2007-04-16,5200.0,series.ar.bcra.fx_deposits_private_sector,108
2007-04-17,5204.0,series.ar.bcra.fx_deposits_private_sector,108
2007-04-18,5213.0,series.ar.bcra.fx_deposits_private_sector,108
2007-04-19,5210.0,series.ar.bcra.fx_deposits_private_sector,108
2007-04-20,5218.0,series.ar.bcra.fx_deposits_private_sector,108
2007-04-23,5236.0,series.ar.bcra.fx_deposits_private_sector,108
2007-04-24,5249.0,series.ar.bcra.fx_deposits_private_sector,108
2007-04-25,5260.0,series.ar.bcra.fx_deposits_private_sector,108
2007-04-26,5251.0,series.ar.bcra.fx_deposits_private_sector,108
2007-04-27,5260.0,series.ar.bcra.fx_deposits_private_sector,108
2007-04-30,5310.0,series.ar.bcra.fx_deposits_private_sector,108
2007-05-02,5384.0,series.ar.bcra.fx_deposits_private_sector,108
2007-05-03,5391.0,series.ar.bcra.fx_deposits_private_sector,108
2007-05-04,5389.0,series.ar.bcra.fx_deposits_private_sector,108
2007-05-07,5397.0,series.ar.bcra.fx_deposits_private_sector,108
2007-05-08,5413.0,series.ar.bcra.fx_deposits_private_sector,108
2007-05-09,5423.0,series.ar.bcra.fx_deposits_private_sector,108
2007-05-10,5414.0,series.ar.bcra.fx_deposits_private_sector,108
2007-05-11,5416.0,series.ar.bcra.fx_deposits_private_sector,108
2007-05-14,5419.0,series.ar.bcra.fx_deposits_private_sector,108
2007-05-15,5485.0,series.ar.bcra.fx_deposits_private_sector,108
2007-05-16,5485.0,series.ar.bcra.fx_deposits_private_sector,108
2007-05-17,5511.0,series.ar.bcra.fx_deposits_private_sector,108
2007-05-18,5466.0,series.ar.bcra.fx_deposits_private_sector,108
2007-05-21,5366.0,series.ar.bcra.fx_deposits_private_sector,108
2007-05-22,5362.0,series.ar.bcra.fx_deposits_private_sector,108
2007-05-23,5367.0,series.ar.bcra.fx_deposits_private_sector,108
2007-05-24,5375.0,series.ar.bcra.fx_deposits_private_sector,108
2007-05-28,5395.0,series.ar.bcra.fx_deposits_private_sector,108
2007-05-29,5394.0,series.ar.bcra.fx_deposits_private_sector,108
2007-05-30,5388.0,series.ar.bcra.fx_deposits_private_sector,108
2007-05-31,5383.0,series.ar.bcra.fx_deposits_private_sector,108
2007-06-01,5401.0,series.ar.bcra.fx_deposits_private_sector,108
2007-06-04,5398.0,series.ar.bcra.fx_deposits_private_sector,108
2007-06-05,5401.0,series.ar.bcra.fx_deposits_private_sector,108
2007-06-06,5414.0,series.ar.bcra.fx_deposits_private_sector,108
2007-06-07,5418.0,series.ar.bcra.fx_deposits_private_sector,108
2007-06-08,5416.0,series.ar.bcra.fx_deposits_private_sector,108
2007-06-11,5416.0,series.ar.bcra.fx_deposits_private_sector,108
2007-06-12,5393.0,series.ar.bcra.fx_deposits_private_sector,108
2007-06-13,5396.0,series.ar.bcra.fx_deposits_private_sector,108
2007-06-14,5392.0,series.ar.bcra.fx_deposits_private_sector,108
2007-06-15,5397.0,series.ar.bcra.fx_deposits_private_sector,108
2007-06-19,5386.0,series.ar.bcra.fx_deposits_private_sector,108
2007-06-20,5384.0,series.ar.bcra.fx_deposits_private_sector,108
2007-06-21,5382.0,series.ar.bcra.fx_deposits_private_sector,108
2007-06-22,5374.0,series.ar.bcra.fx_deposits_private_sector,108
2007-06-25,5383.0,series.ar.bcra.fx_deposits_private_sector,108
2007-06-26,5386.0,series.ar.bcra.fx_deposits_private_sector,108
2007-06-27,5383.0,series.ar.bcra.fx_deposits_private_sector,108
2007-06-28,5382.0,series.ar.bcra.fx_deposits_private_sector,108
2007-06-29,5392.0,series.ar.bcra.fx_deposits_private_sector,108
2007-07-02,5395.0,series.ar.bcra.fx_deposits_private_sector,108
2007-07-03,5404.0,series.ar.bcra.fx_deposits_private_sector,108
2007-07-04,5418.0,series.ar.bcra.fx_deposits_private_sector,108
2007-07-05,5407.0,series.ar.bcra.fx_deposits_private_sector,108
2007-07-06,5422.0,series.ar.bcra.fx_deposits_private_sector,108
2007-07-10,5432.0,series.ar.bcra.fx_deposits_private_sector,108
2007-07-11,5447.0,series.ar.bcra.fx_deposits_private_sector,108
2007-07-12,5450.0,series.ar.bcra.fx_deposits_private_sector,108
2007-07-13,5459.0,series.ar.bcra.fx_deposits_private_sector,108
2007-07-16,5457.0,series.ar.bcra.fx_deposits_private_sector,108
2007-07-17,5469.0,series.ar.bcra.fx_deposits_private_sector,108
2007-07-18,5472.0,series.ar.bcra.fx_deposits_private_sector,108
2007-07-19,5481.0,series.ar.bcra.fx_deposits_private_sector,108
2007-07-20,5472.0,series.ar.bcra.fx_deposits_private_sector,108
2007-07-23,5486.0,series.ar.bcra.fx_deposits_private_sector,108
2007-07-24,5486.0,series.ar.bcra.fx_deposits_private_sector,108
2007-07-25,5510.0,series.ar.bcra.fx_deposits_private_sector,108
2007-07-26,5544.0,series.ar.bcra.fx_deposits_private_sector,108
2007-07-27,5563.0,series.ar.bcra.fx_deposits_private_sector,108
2007-07-30,5584.0,series.ar.bcra.fx_deposits_private_sector,108
2007-07-31,5593.0,series.ar.bcra.fx_deposits_private_sector,108
2007-08-01,5588.0,series.ar.bcra.fx_deposits_private_sector,108
2007-08-02,5600.0,series.ar.bcra.fx_deposits_private_sector,108
2007-08-03,5796.0,series.ar.bcra.fx_deposits_private_sector,108
2007-08-06,5857.0,series.ar.bcra.fx_deposits_private_sector,108
2007-08-07,5886.0,series.ar.bcra.fx_deposits_private_sector,108
2007-08-08,5878.0,series.ar.bcra.fx_deposits_private_sector,108
2007-08-09,5891.0,series.ar.bcra.fx_deposits_private_sector,108
2007-08-10,5970.0,series.ar.bcra.fx_deposits_private_sector,108
2007-08-13,5981.0,series.ar.bcra.fx_deposits_private_sector,108
2007-08-14,5979.0,series.ar.bcra.fx_deposits_private_sector,108
2007-08-15,5978.0,series.ar.bcra.fx_deposits_private_sector,108
2007-08-16,5996.0,series.ar.bcra.fx_deposits_private_sector,108
2007-08-17,6023.0,series.ar.bcra.fx_deposits_private_sector,108
2007-08-21,6033.0,series.ar.bcra.fx_deposits_private_sector,108
2007-08-22,6049.0,series.ar.bcra.fx_deposits_private_sector,108
2007-08-23,6039.0,series.ar.bcra.fx_deposits_private_sector,108
2007-08-24,6040.0,series.ar.bcra.fx_deposits_private_sector,108
2007-08-27,6069.0,series.ar.bcra.fx_deposits_private_sector,108
2007-08-28,6088.0,series.ar.bcra.fx_deposits_private_sector,108
2007-08-29,6097.0,series.ar.bcra.fx_deposits_private_sector,108
2007-08-30,6123.0,series.ar.bcra.fx_deposits_private_sector,108
2007-08-31,6142.0,series.ar.bcra.fx_deposits_private_sector,108
2007-09-03,6175.0,series.ar.bcra.fx_deposits_private_sector,108
2007-09-04,6165.0,series.ar.bcra.fx_deposits_private_sector,108
2007-09-05,6176.0,series.ar.bcra.fx_deposits_private_sector,108
2007-09-06,6195.0,series.ar.bcra.fx_deposits_private_sector,108
2007-09-07,6202.0,series.ar.bcra.fx_deposits_private_sector,108
2007-09-10,6224.0,series.ar.bcra.fx_deposits_private_sector,108
2007-09-11,6232.0,series.ar.bcra.fx_deposits_private_sector,108
2007-09-12,6252.0,series.ar.bcra.fx_deposits_private_sector,108
2007-09-13,6262.0,series.ar.bcra.fx_deposits_private_sector,108
2007-09-14,6279.0,series.ar.bcra.fx_deposits_private_sector,108
2007-09-17,6295.0,series.ar.bcra.fx_deposits_private_sector,108
2007-09-18,6293.0,series.ar.bcra.fx_deposits_private_sector,108
2007-09-19,6299.0,series.ar.bcra.fx_deposits_private_sector,108
2007-09-20,6304.0,series.ar.bcra.fx_deposits_private_sector,108
2007-09-21,6306.0,series.ar.bcra.fx_deposits_private_sector,108
2007-09-24,6315.0,series.ar.bcra.fx_deposits_private_sector,108
2007-09-25,6323.0,series.ar.bcra.fx_deposits_private_sector,108
2007-09-26,6325.0,series.ar.bcra.fx_deposits_private_sector,108
2007-09-27,6338.0,series.ar.bcra.fx_deposits_private_sector,108
2007-09-28,6344.0,series.ar.bcra.fx_deposits_private_sector,108
2007-10-01,6349.0,series.ar.bcra.fx_deposits_private_sector,108
2007-10-02,6350.0,series.ar.bcra.fx_deposits_private_sector,108
2007-10-03,6362.0,series.ar.bcra.fx_deposits_private_sector,108
2007-10-04,6356.0,series.ar.bcra.fx_deposits_private_sector,108
2007-10-05,6366.0,series.ar.bcra.fx_deposits_private_sector,108
2007-10-08,6393.0,series.ar.bcra.fx_deposits_private_sector,108
2007-10-09,6392.0,series.ar.bcra.fx_deposits_private_sector,108
2007-10-10,6404.0,series.ar.bcra.fx_deposits_private_sector,108
2007-10-11,6416.0,series.ar.bcra.fx_deposits_private_sector,108
2007-10-12,6409.0,series.ar.bcra.fx_deposits_private_sector,108
2007-10-16,6414.0,series.ar.bcra.fx_deposits_private_sector,108
2007-10-17,6419.0,series.ar.bcra.fx_deposits_private_sector,108
2007-10-18,6413.0,series.ar.bcra.fx_deposits_private_sector,108
2007-10-19,6438.0,series.ar.bcra.fx_deposits_private_sector,108
2007-10-22,6442.0,series.ar.bcra.fx_deposits_private_sector,108
2007-10-23,6453.0,series.ar.bcra.fx_deposits_private_sector,108
2007-10-24,6467.0,series.ar.bcra.fx_deposits_private_sector,108
2007-10-25,6472.0,series.ar.bcra.fx_deposits_private_sector,108
2007-10-26,6485.0,series.ar.bcra.fx_deposits_private_sector,108
2007-10-29,6493.0,series.ar.bcra.fx_deposits_private_sector,108
2007-10-30,6502.0,series.ar.bcra.fx_deposits_private_sector,108
2007-10-31,6490.0,series.ar.bcra.fx_deposits_private_sector,108
2007-11-01,6533.0,series.ar.bcra.fx_deposits_private_sector,108
2007-11-02,6544.0,series.ar.bcra.fx_deposits_private_sector,108
2007-11-05,6551.0,series.ar.bcra.fx_deposits_private_sector,108
2007-11-07,6552.0,series.ar.bcra.fx_deposits_private_sector,108
2007-11-08,6564.0,series.ar.bcra.fx_deposits_private_sector,108
2007-11-09,6576.0,series.ar.bcra.fx_deposits_private_sector,108
2007-11-12,6582.0,series.ar.bcra.fx_deposits_private_sector,108
2007-11-13,6582.0,series.ar.bcra.fx_deposits_private_sector,108
2007-11-14,6584.0,series.ar.bcra.fx_deposits_private_sector,108
2007-11-15,6615.0,series.ar.bcra.fx_deposits_private_sector,108
2007-11-16,6624.0,series.ar.bcra.fx_deposits_private_sector,108
2007-11-19,6642.0,series.ar.bcra.fx_deposits_private_sector,108
2007-11-20,6652.0,series.ar.bcra.fx_deposits_private_sector,108
2007-11-21,6646.0,series.ar.bcra.fx_deposits_private_sector,108
2007-11-22,6651.0,series.ar.bcra.fx_deposits_private_sector,108
2007-11-23,6648.0,series.ar.bcra.fx_deposits_private_sector,108
2007-11-26,6657.0,series.ar.bcra.fx_deposits_private_sector,108
2007-11-27,6659.0,series.ar.bcra.fx_deposits_private_sector,108
2007-11-28,6652.0,series.ar.bcra.fx_deposits_private_sector,108
2007-11-29,6652.0,series.ar.bcra.fx_deposits_private_sector,108
2007-11-30,6635.0,series.ar.bcra.fx_deposits_private_sector,108
2007-12-03,6642.0,series.ar.bcra.fx_deposits_private_sector,108
2007-12-04,6604.0,series.ar.bcra.fx_deposits_private_sector,108
2007-12-05,6661.0,series.ar.bcra.fx_deposits_private_sector,108
2007-12-06,6663.0,series.ar.bcra.fx_deposits_private_sector,108
2007-12-07,6663.0,series.ar.bcra.fx_deposits_private_sector,108
2007-12-10,6624.0,series.ar.bcra.fx_deposits_private_sector,108
2007-12-11,6623.0,series.ar.bcra.fx_deposits_private_sector,108
2007-12-12,6667.0,series.ar.bcra.fx_deposits_private_sector,108
2007-12-13,6667.0,series.ar.bcra.fx_deposits_private_sector,108
2007-12-14,6685.0,series.ar.bcra.fx_deposits_private_sector,108
2007-12-17,6706.0,series.ar.bcra.fx_deposits_private_sector,108
2007-12-18,6724.0,series.ar.bcra.fx_deposits_private_sector,108
2007-12-19,6735.0,series.ar.bcra.fx_deposits_private_sector,108
2007-12-20,6715.0,series.ar.bcra.fx_deposits_private_sector,108
2007-12-21,6734.0,series.ar.bcra.fx_deposits_private_sector,108
2007-12-26,6736.0,series.ar.bcra.fx_deposits_private_sector,108
2007-12-27,6751.0,series.ar.bcra.fx_deposits_private_sector,108
2007-12-28,6754.0,series.ar.bcra.fx_deposits_private_sector,108
2008-01-02,6765.0,series.ar.bcra.fx_deposits_private_sector,108
2008-01-03,6777.0,series.ar.bcra.fx_deposits_private_sector,108
2008-01-04,6767.0,series.ar.bcra.fx_deposits_private_sector,108
2008-01-07,6762.0,series.ar.bcra.fx_deposits_private_sector,108
2008-01-08,6763.0,series.ar.bcra.fx_deposits_private_sector,108
2008-01-09,6774.0,series.ar.bcra.fx_deposits_private_sector,108
2008-01-10,6778.0,series.ar.bcra.fx_deposits_private_sector,108
2008-01-11,6779.0,series.ar.bcra.fx_deposits_private_sector,108
2008-01-14,6791.0,series.ar.bcra.fx_deposits_private_sector,108
2008-01-15,6789.0,series.ar.bcra.fx_deposits_private_sector,108
2008-01-16,6794.0,series.ar.bcra.fx_deposits_private_sector,108
2008-01-17,6792.0,series.ar.bcra.fx_deposits_private_sector,108
2008-01-18,6798.0,series.ar.bcra.fx_deposits_private_sector,108
2008-01-21,6799.0,series.ar.bcra.fx_deposits_private_sector,108
2008-01-22,6802.0,series.ar.bcra.fx_deposits_private_sector,108
2008-01-23,6807.0,series.ar.bcra.fx_deposits_private_sector,108
2008-01-24,6798.0,series.ar.bcra.fx_deposits_private_sector,108
2008-01-25,6793.0,series.ar.bcra.fx_deposits_private_sector,108
2008-01-28,6789.0,series.ar.bcra.fx_deposits_private_sector,108
2008-01-29,6790.0,series.ar.bcra.fx_deposits_private_sector,108
2008-01-30,6790.0,series.ar.bcra.fx_deposits_private_sector,108
2008-01-31,6789.0,series.ar.bcra.fx_deposits_private_sector,108
2008-02-01,6806.0,series.ar.bcra.fx_deposits_private_sector,108
2008-02-04,6802.0,series.ar.bcra.fx_deposits_private_sector,108
2008-02-05,6831.0,series.ar.bcra.fx_deposits_private_sector,108
2008-02-06,6826.0,series.ar.bcra.fx_deposits_private_sector,108
2008-02-07,6834.0,series.ar.bcra.fx_deposits_private_sector,108
2008-02-08,6839.0,series.ar.bcra.fx_deposits_private_sector,108
2008-02-11,6836.0,series.ar.bcra.fx_deposits_private_sector,108
2008-02-12,6845.0,series.ar.bcra.fx_deposits_private_sector,108
2008-02-13,6848.0,series.ar.bcra.fx_deposits_private_sector,108
2008-02-14,6850.0,series.ar.bcra.fx_deposits_private_sector,108
2008-02-15,6857.0,series.ar.bcra.fx_deposits_private_sector,108
2008-02-18,6855.0,series.ar.bcra.fx_deposits_private_sector,108
2008-02-19,6856.0,series.ar.bcra.fx_deposits_private_sector,108
2008-02-20,6855.0,series.ar.bcra.fx_deposits_private_sector,108
2008-02-21,6848.0,series.ar.bcra.fx_deposits_private_sector,108
2008-02-22,6858.0,series.ar.bcra.fx_deposits_private_sector,108
2008-02-25,6861.0,series.ar.bcra.fx_deposits_private_sector,108
2008-02-26,6867.0,series.ar.bcra.fx_deposits_private_sector,108
2008-02-27,6864.0,series.ar.bcra.fx_deposits_private_sector,108
2008-02-28,6870.0,series.ar.bcra.fx_deposits_private_sector,108
2008-02-29,6869.0,series.ar.bcra.fx_deposits_private_sector,108
2008-03-03,6886.0,series.ar.bcra.fx_deposits_private_sector,108
2008-03-04,6892.0,series.ar.bcra.fx_deposits_private_sector,108
2008-03-05,6890.0,series.ar.bcra.fx_deposits_private_sector,108
2008-03-06,6892.0,series.ar.bcra.fx_deposits_private_sector,108
2008-03-07,6900.0,series.ar.bcra.fx_deposits_private_sector,108
2008-03-10,6918.0,series.ar.bcra.fx_deposits_private_sector,108
2008-03-11,6911.0,series.ar.bcra.fx_deposits_private_sector,108
2008-03-12,6917.0,series.ar.bcra.fx_deposits_private_sector,108
2008-03-13,6938.0,series.ar.bcra.fx_deposits_private_sector,108
2008-03-14,6944.0,series.ar.bcra.fx_deposits_private_sector,108
2008-03-17,6949.0,series.ar.bcra.fx_deposits_private_sector,108
2008-03-18,6940.0,series.ar.bcra.fx_deposits_private_sector,108
2008-03-19,6933.0,series.ar.bcra.fx_deposits_private_sector,108
2008-03-25,6914.0,series.ar.bcra.fx_deposits_private_sector,108
2008-03-26,6920.0,series.ar.bcra.fx_deposits_private_sector,108
2008-03-27,6905.0,series.ar.bcra.fx_deposits_private_sector,108
2008-03-28,6900.0,series.ar.bcra.fx_deposits_private_sector,108
2008-03-31,6901.0,series.ar.bcra.fx_deposits_private_sector,108
2008-04-01,6913.0,series.ar.bcra.fx_deposits_private_sector,108
2008-04-03,6914.0,series.ar.bcra.fx_deposits_private_sector,108
2008-04-04,6929.0,series.ar.bcra.fx_deposits_private_sector,108
2008-04-07,6948.0,series.ar.bcra.fx_deposits_private_sector,108
2008-04-08,6947.0,series.ar.bcra.fx_deposits_private_sector,108
2008-04-09,6941.0,series.ar.bcra.fx_deposits_private_sector,108
2008-04-10,6932.0,series.ar.bcra.fx_deposits_private_sector,108
2008-04-11,6928.0,series.ar.bcra.fx_deposits_private_sector,108
2008-04-14,6927.0,series.ar.bcra.fx_deposits_private_sector,108
2008-04-15,6931.0,series.ar.bcra.fx_deposits_private_sector,108
2008-04-16,6932.0,series.ar.bcra.fx_deposits_private_sector,108
2008-04-17,6942.0,series.ar.bcra.fx_deposits_private_sector,108
2008-04-18,6956.0,series.ar.bcra.fx_deposits_private_sector,108
2008-04-21,6959.0,series.ar.bcra.fx_deposits_private_sector,108
2008-04-22,6976.0,series.ar.bcra.fx_deposits_private_sector,108
2008-04-23,6990.0,series.ar.bcra.fx_deposits_private_sector,108
2008-04-24,7016.0,series.ar.bcra.fx_deposits_private_sector,108
2008-04-25,7035.0,series.ar.bcra.fx_deposits_private_sector,108
2008-04-28,7111.0,series.ar.bcra.fx_deposits_private_sector,108
2008-04-29,7115.0,series.ar.bcra.fx_deposits_private_sector,108
2008-04-30,7113.0,series.ar.bcra.fx_deposits_private_sector,108
2008-05-02,7167.0,series.ar.bcra.fx_deposits_private_sector,108
2008-05-05,7242.0,series.ar.bcra.fx_deposits_private_sector,108
2008-05-06,7250.0,series.ar.bcra.fx_deposits_private_sector,108
2008-05-07,7269.0,series.ar.bcra.fx_deposits_private_sector,108
2008-05-08,7270.0,series.ar.bcra.fx_deposits_private_sector,108
2008-05-09,7235.0,series.ar.bcra.fx_deposits_private_sector,108
2008-05-12,7224.0,series.ar.bcra.fx_deposits_private_sector,108
2008-05-13,7182.0,series.ar.bcra.fx_deposits_private_sector,108
2008-05-14,7159.0,series.ar.bcra.fx_deposits_private_sector,108
2008-05-15,7109.0,series.ar.bcra.fx_deposits_private_sector,108
2008-05-16,7060.0,series.ar.bcra.fx_deposits_private_sector,108
2008-05-19,7056.0,series.ar.bcra.fx_deposits_private_sector,108
2008-05-20,7049.0,series.ar.bcra.fx_deposits_private_sector,108
2008-05-21,7050.0,series.ar.bcra.fx_deposits_private_sector,108
2008-05-22,7076.0,series.ar.bcra.fx_deposits_private_sector,108
2008-05-23,7091.0,series.ar.bcra.fx_deposits_private_sector,108
2008-05-26,7069.0,series.ar.bcra.fx_deposits_private_sector,108
2008-05-27,7071.0,series.ar.bcra.fx_deposits_private_sector,108
2008-05-28,7062.0,series.ar.bcra.fx_deposits_private_sector,108
2008-05-29,7063.0,series.ar.bcra.fx_deposits_private_sector,108
2008-05-30,7042.0,series.ar.bcra.fx_deposits_private_sector,108
2008-06-02,7058.0,series.ar.bcra.fx_deposits_private_sector,108
2008-06-03,7070.0,series.ar.bcra.fx_deposits_private_sector,108
2008-06-04,7079.0,series.ar.bcra.fx_deposits_private_sector,108
2008-06-05,7090.0,series.ar.bcra.fx_deposits_private_sector,108
2008-06-06,7108.0,series.ar.bcra.fx_deposits_private_sector,108
2008-06-09,7115.0,series.ar.bcra.fx_deposits_private_sector,108
2008-06-10,7087.0,series.ar.bcra.fx_deposits_private_sector,108
2008-06-11,7098.0,series.ar.bcra.fx_deposits_private_sector,108
2008-06-12,7101.0,series.ar.bcra.fx_deposits_private_sector,108
2008-06-13,7094.0,series.ar.bcra.fx_deposits_private_sector,108
2008-06-17,7090.0,series.ar.bcra.fx_deposits_private_sector,108
2008-06-18,7076.0,series.ar.bcra.fx_deposits_private_sector,108
2008-06-19,7076.0,series.ar.bcra.fx_deposits_private_sector,108
2008-06-20,7112.0,series.ar.bcra.fx_deposits_private_sector,108
2008-06-23,7125.0,series.ar.bcra.fx_deposits_private_sector,108
2008-06-24,7106.0,series.ar.bcra.fx_deposits_private_sector,108
2008-06-25,7127.0,series.ar.bcra.fx_deposits_private_sector,108
2008-06-26,7103.0,series.ar.bcra.fx_deposits_private_sector,108
2008-06-27,7135.0,series.ar.bcra.fx_deposits_private_sector,108
2008-06-30,7134.0,series.ar.bcra.fx_deposits_private_sector,108
2008-07-01,7155.0,series.ar.bcra.fx_deposits_private_sector,108
2008-07-02,7180.0,series.ar.bcra.fx_deposits_private_sector,108
2008-07-03,7163.0,series.ar.bcra.fx_deposits_private_sector,108
2008-07-04,7166.0,series.ar.bcra.fx_deposits_private_sector,108
2008-07-07,7127.0,series.ar.bcra.fx_deposits_private_sector,108
2008-07-08,7151.0,series.ar.bcra.fx_deposits_private_sector,108
2008-07-10,7163.0,series.ar.bcra.fx_deposits_private_sector,108
2008-07-11,7176.0,series.ar.bcra.fx_deposits_private_sector,108
2008-07-14,7172.0,series.ar.bcra.fx_deposits_private_sector,108
2008-07-15,7153.0,series.ar.bcra.fx_deposits_private_sector,108
2008-07-16,7227.0,series.ar.bcra.fx_deposits_private_sector,108
2008-07-17,7244.0,series.ar.bcra.fx_deposits_private_sector,108
2008-07-18,7227.0,series.ar.bcra.fx_deposits_private_sector,108
2008-07-21,7221.0,series.ar.bcra.fx_deposits_private_sector,108
2008-07-22,7231.0,series.ar.bcra.fx_deposits_private_sector,108
2008-07-23,7230.0,series.ar.bcra.fx_deposits_private_sector,108
2008-07-24,7247.0,series.ar.bcra.fx_deposits_private_sector,108
2008-07-25,7237.0,series.ar.bcra.fx_deposits_private_sector,108
2008-07-28,7215.0,series.ar.bcra.fx_deposits_private_sector,108
2008-07-29,7249.0,series.ar.bcra.fx_deposits_private_sector,108
2008-07-30,7250.0,series.ar.bcra.fx_deposits_private_sector,108
2008-07-31,7208.0,series.ar.bcra.fx_deposits_private_sector,108
2008-08-01,7192.0,series.ar.bcra.fx_deposits_private_sector,108
2008-08-04,7354.0,series.ar.bcra.fx_deposits_private_sector,108
2008-08-05,7442.0,series.ar.bcra.fx_deposits_private_sector,108
2008-08-06,7459.0,series.ar.bcra.fx_deposits_private_sector,108
2008-08-07,7487.0,series.ar.bcra.fx_deposits_private_sector,108
2008-08-08,7500.0,series.ar.bcra.fx_deposits_private_sector,108
2008-08-11,7509.0,series.ar.bcra.fx_deposits_private_sector,108
2008-08-12,7497.0,series.ar.bcra.fx_deposits_private_sector,108
2008-08-13,7503.0,series.ar.bcra.fx_deposits_private_sector,108
2008-08-14,7521.0,series.ar.bcra.fx_deposits_private_sector,108
2008-08-15,7428.0,series.ar.bcra.fx_deposits_private_sector,108
2008-08-19,7431.0,series.ar.bcra.fx_deposits_private_sector,108
2008-08-20,7437.0,series.ar.bcra.fx_deposits_private_sector,108
2008-08-21,7448.0,series.ar.bcra.fx_deposits_private_sector,108
2008-08-22,7465.0,series.ar.bcra.fx_deposits_private_sector,108
2008-08-25,7464.0,series.ar.bcra.fx_deposits_private_sector,108
2008-08-26,7455.0,series.ar.bcra.fx_deposits_private_sector,108
2008-08-27,7450.0,series.ar.bcra.fx_deposits_private_sector,108
2008-08-28,7454.0,series.ar.bcra.fx_deposits_private_sector,108
2008-08-29,7458.0,series.ar.bcra.fx_deposits_private_sector,108
2008-09-01,7467.0,series.ar.bcra.fx_deposits_private_sector,108
2008-09-02,7475.0,series.ar.bcra.fx_deposits_private_sector,108
2008-09-03,7489.0,series.ar.bcra.fx_deposits_private_sector,108
2008-09-04,7505.0,series.ar.bcra.fx_deposits_private_sector,108
2008-09-05,7498.0,series.ar.bcra.fx_deposits_private_sector,108
2008-09-08,7508.0,series.ar.bcra.fx_deposits_private_sector,108
2008-09-09,7524.0,series.ar.bcra.fx_deposits_private_sector,108
2008-09-10,7539.0,series.ar.bcra.fx_deposits_private_sector,108
2008-09-11,7553.0,series.ar.bcra.fx_deposits_private_sector,108
2008-09-12,7575.0,series.ar.bcra.fx_deposits_private_sector,108
2008-09-15,7591.0,series.ar.bcra.fx_deposits_private_sector,108
2008-09-16,7606.0,series.ar.bcra.fx_deposits_private_sector,108
2008-09-17,7601.0,series.ar.bcra.fx_deposits_private_sector,108
2008-09-18,7622.0,series.ar.bcra.fx_deposits_private_sector,108
2008-09-19,7634.0,series.ar.bcra.fx_deposits_private_sector,108
2008-09-22,7646.0,series.ar.bcra.fx_deposits_private_sector,108
2008-09-23,7645.0,series.ar.bcra.fx_deposits_private_sector,108
2008-09-24,7648.0,series.ar.bcra.fx_deposits_private_sector,108
2008-09-25,7679.0,series.ar.bcra.fx_deposits_private_sector,108
2008-09-26,7679.0,series.ar.bcra.fx_deposits_private_sector,108
2008-09-29,7685.0,series.ar.bcra.fx_deposits_private_sector,108
2008-09-30,7704.0,series.ar.bcra.fx_deposits_private_sector,108
2008-10-01,7701.0,series.ar.bcra.fx_deposits_private_sector,108
2008-10-02,7694.0,series.ar.bcra.fx_deposits_private_sector,108
2008-10-03,7698.0,series.ar.bcra.fx_deposits_private_sector,108
2008-10-06,7703.0,series.ar.bcra.fx_deposits_private_sector,108
2008-10-07,7716.0,series.ar.bcra.fx_deposits_private_sector,108
2008-10-08,7745.0,series.ar.bcra.fx_deposits_private_sector,108
2008-10-09,7761.0,series.ar.bcra.fx_deposits_private_sector,108
2008-10-10,7820.0,series.ar.bcra.fx_deposits_private_sector,108
2008-10-14,7832.0,series.ar.bcra.fx_deposits_private_sector,108
2008-10-15,7845.0,series.ar.bcra.fx_deposits_private_sector,108
2008-10-16,7856.0,series.ar.bcra.fx_deposits_private_sector,108
2008-10-17,7870.0,series.ar.bcra.fx_deposits_private_sector,108
2008-10-20,7894.0,series.ar.bcra.fx_deposits_private_sector,108
2008-10-21,7902.0,series.ar.bcra.fx_deposits_private_sector,108
2008-10-22,7916.0,series.ar.bcra.fx_deposits_private_sector,108
2008-10-23,7899.0,series.ar.bcra.fx_deposits_private_sector,108
2008-10-24,7897.0,series.ar.bcra.fx_deposits_private_sector,108
2008-10-27,7881.0,series.ar.bcra.fx_deposits_private_sector,108
2008-10-28,7896.0,series.ar.bcra.fx_deposits_private_sector,108
2008-10-29,7871.0,series.ar.bcra.fx_deposits_private_sector,108
2008-10-30,7845.0,series.ar.bcra.fx_deposits_private_sector,108
2008-10-31,7875.0,series.ar.bcra.fx_deposits_private_sector,108
2008-11-03,7833.0,series.ar.bcra.fx_deposits_private_sector,108
2008-11-04,7803.0,series.ar.bcra.fx_deposits_private_sector,108
2008-11-05,7803.0,series.ar.bcra.fx_deposits_private_sector,108
2008-11-07,7913.0,series.ar.bcra.fx_deposits_private_sector,108
2008-11-10,8211.0,series.ar.bcra.fx_deposits_private_sector,108
2008-11-11,8226.0,series.ar.bcra.fx_deposits_private_sector,108
2008-11-12,8237.0,series.ar.bcra.fx_deposits_private_sector,108
2008-11-13,8220.0,series.ar.bcra.fx_deposits_private_sector,108
2008-11-14,8221.0,series.ar.bcra.fx_deposits_private_sector,108
2008-11-17,8208.0,series.ar.bcra.fx_deposits_private_sector,108
2008-11-18,8202.0,series.ar.bcra.fx_deposits_private_sector,108
2008-11-19,8187.0,series.ar.bcra.fx_deposits_private_sector,108
2008-11-20,8173.0,series.ar.bcra.fx_deposits_private_sector,108
2008-11-21,8162.0,series.ar.bcra.fx_deposits_private_sector,108
2008-11-24,8157.0,series.ar.bcra.fx_deposits_private_sector,108
2008-11-25,8155.0,series.ar.bcra.fx_deposits_private_sector,108
2008-11-26,8151.0,series.ar.bcra.fx_deposits_private_sector,108
2008-11-27,8141.0,series.ar.bcra.fx_deposits_private_sector,108
2008-11-28,8195.0,series.ar.bcra.fx_deposits_private_sector,108
2008-12-01,8148.0,series.ar.bcra.fx_deposits_private_sector,108
2008-12-02,8151.0,series.ar.bcra.fx_deposits_private_sector,108
2008-12-03,8171.0,series.ar.bcra.fx_deposits_private_sector,108
2008-12-04,8183.0,series.ar.bcra.fx_deposits_private_sector,108
2008-12-05,8189.0,series.ar.bcra.fx_deposits_private_sector,108
2008-12-09,7763.0,series.ar.bcra.fx_deposits_private_sector,108
2008-12-10,7772.0,series.ar.bcra.fx_deposits_private_sector,108
2008-12-11,7773.0,series.ar.bcra.fx_deposits_private_sector,108
2008-12-12,7788.0,series.ar.bcra.fx_deposits_private_sector,108
2008-12-15,7775.0,series.ar.bcra.fx_deposits_private_sector,108
2008-12-16,7798.0,series.ar.bcra.fx_deposits_private_sector,108
2008-12-17,7801.0,series.ar.bcra.fx_deposits_private_sector,108
2008-12-18,7807.0,series.ar.bcra.fx_deposits_private_sector,108
2008-12-19,7832.0,series.ar.bcra.fx_deposits_private_sector,108
2008-12-22,7829.0,series.ar.bcra.fx_deposits_private_sector,108
2008-12-23,7864.0,series.ar.bcra.fx_deposits_private_sector,108
2008-12-24,7874.0,series.ar.bcra.fx_deposits_private_sector,108
2008-12-26,7898.0,series.ar.bcra.fx_deposits_private_sector,108
2008-12-29,7938.0,series.ar.bcra.fx_deposits_private_sector,108
2008-12-30,7951.0,series.ar.bcra.fx_deposits_private_sector,108
2008-12-31,7973.0,series.ar.bcra.fx_deposits_private_sector,108
2009-01-02,7986.0,series.ar.bcra.fx_deposits_private_sector,108
2009-01-05,7974.0,series.ar.bcra.fx_deposits_private_sector,108
2009-01-06,7999.0,series.ar.bcra.fx_deposits_private_sector,108
2009-01-07,8001.0,series.ar.bcra.fx_deposits_private_sector,108
2009-01-08,8001.0,series.ar.bcra.fx_deposits_private_sector,108
2009-01-09,8017.0,series.ar.bcra.fx_deposits_private_sector,108
2009-01-12,8029.0,series.ar.bcra.fx_deposits_private_sector,108
2009-01-13,8042.0,series.ar.bcra.fx_deposits_private_sector,108
2009-01-14,8035.0,series.ar.bcra.fx_deposits_private_sector,108
2009-01-15,8042.0,series.ar.bcra.fx_deposits_private_sector,108
2009-01-16,8057.0,series.ar.bcra.fx_deposits_private_sector,108
2009-01-19,8061.0,series.ar.bcra.fx_deposits_private_sector,108
2009-01-20,8072.0,series.ar.bcra.fx_deposits_private_sector,108
2009-01-21,8072.0,series.ar.bcra.fx_deposits_private_sector,108
2009-01-22,8082.0,series.ar.bcra.fx_deposits_private_sector,108
2009-01-23,8081.0,series.ar.bcra.fx_deposits_private_sector,108
2009-01-26,8106.0,series.ar.bcra.fx_deposits_private_sector,108
2009-01-27,8119.0,series.ar.bcra.fx_deposits_private_sector,108
2009-01-28,8137.0,series.ar.bcra.fx_deposits_private_sector,108
2009-01-29,8125.0,series.ar.bcra.fx_deposits_private_sector,108
2009-01-30,8162.0,series.ar.bcra.fx_deposits_private_sector,108
2009-02-02,8149.0,series.ar.bcra.fx_deposits_private_sector,108
2009-02-03,8172.0,series.ar.bcra.fx_deposits_private_sector,108
2009-02-04,8199.0,series.ar.bcra.fx_deposits_private_sector,108
2009-02-05,8205.0,series.ar.bcra.fx_deposits_private_sector,108
2009-02-06,8220.0,series.ar.bcra.fx_deposits_private_sector,108
2009-02-09,8229.0,series.ar.bcra.fx_deposits_private_sector,108
2009-02-10,8238.0,series.ar.bcra.fx_deposits_private_sector,108
2009-02-11,8249.0,series.ar.bcra.fx_deposits_private_sector,108
2009-02-12,8259.0,series.ar.bcra.fx_deposits_private_sector,108
2009-02-13,8273.0,series.ar.bcra.fx_deposits_private_sector,108
2009-02-16,8280.0,series.ar.bcra.fx_deposits_private_sector,108
2009-02-17,8275.0,series.ar.bcra.fx_deposits_private_sector,108
2009-02-18,8286.0,series.ar.bcra.fx_deposits_private_sector,108
2009-02-19,8295.0,series.ar.bcra.fx_deposits_private_sector,108
2009-02-20,8327.0,series.ar.bcra.fx_deposits_private_sector,108
2009-02-23,8346.0,series.ar.bcra.fx_deposits_private_sector,108
2009-02-24,8354.0,series.ar.bcra.fx_deposits_private_sector,108
2009-02-25,8382.0,series.ar.bcra.fx_deposits_private_sector,108
2009-02-26,8407.0,series.ar.bcra.fx_deposits_private_sector,108
2009-02-27,8442.0,series.ar.bcra.fx_deposits_private_sector,108
2009-03-02,8456.0,series.ar.bcra.fx_deposits_private_sector,108
2009-03-03,8500.0,series.ar.bcra.fx_deposits_private_sector,108
2009-03-04,8534.0,series.ar.bcra.fx_deposits_private_sector,108
2009-03-05,8553.0,series.ar.bcra.fx_deposits_private_sector,108
2009-03-06,8600.0,series.ar.bcra.fx_deposits_private_sector,108
2009-03-09,8637.0,series.ar.bcra.fx_deposits_private_sector,108
2009-03-10,8698.0,series.ar.bcra.fx_deposits_private_sector,108
2009-03-11,8729.0,series.ar.bcra.fx_deposits_private_sector,108
2009-03-12,8747.0,series.ar.bcra.fx_deposits_private_sector,108
2009-03-13,8782.0,series.ar.bcra.fx_deposits_private_sector,108
2009-03-16,8793.0,series.ar.bcra.fx_deposits_private_sector,108
2009-03-17,8821.0,series.ar.bcra.fx_deposits_private_sector,108
2009-03-18,8859.0,series.ar.bcra.fx_deposits_private_sector,108
2009-03-19,8875.0,series.ar.bcra.fx_deposits_private_sector,108
2009-03-20,8902.0,series.ar.bcra.fx_deposits_private_sector,108
2009-03-23,8919.0,series.ar.bcra.fx_deposits_private_sector,108
2009-03-25,8952.0,series.ar.bcra.fx_deposits_private_sector,108
2009-03-26,8972.0,series.ar.bcra.fx_deposits_private_sector,108
2009-03-27,9005.0,series.ar.bcra.fx_deposits_private_sector,108
2009-03-30,9044.0,series.ar.bcra.fx_deposits_private_sector,108
2009-03-31,9053.0,series.ar.bcra.fx_deposits_private_sector,108
2009-04-01,9071.0,series.ar.bcra.fx_deposits_private_sector,108
2009-04-03,9125.0,series.ar.bcra.fx_deposits_private_sector,108
2009-04-06,9135.0,series.ar.bcra.fx_deposits_private_sector,108
2009-04-07,9121.0,series.ar.bcra.fx_deposits_private_sector,108
2009-04-08,9141.0,series.ar.bcra.fx_deposits_private_sector,108
2009-04-13,9157.0,series.ar.bcra.fx_deposits_private_sector,108
2009-04-14,9168.0,series.ar.bcra.fx_deposits_private_sector,108
2009-04-15,9169.0,series.ar.bcra.fx_deposits_private_sector,108
2009-04-16,9162.0,series.ar.bcra.fx_deposits_private_sector,108
2009-04-17,9160.0,series.ar.bcra.fx_deposits_private_sector,108
2009-04-20,9181.0,series.ar.bcra.fx_deposits_private_sector,108
2009-04-21,9184.0,series.ar.bcra.fx_deposits_private_sector,108
2009-04-22,9193.0,series.ar.bcra.fx_deposits_private_sector,108
2009-04-23,9188.0,series.ar.bcra.fx_deposits_private_sector,108
2009-04-24,9200.0,series.ar.bcra.fx_deposits_private_sector,108
2009-04-27,9211.0,series.ar.bcra.fx_deposits_private_sector,108
2009-04-28,9205.0,series.ar.bcra.fx_deposits_private_sector,108
2009-04-29,9208.0,series.ar.bcra.fx_deposits_private_sector,108
2009-04-30,9319.0,series.ar.bcra.fx_deposits_private_sector,108
2009-05-04,9274.0,series.ar.bcra.fx_deposits_private_sector,108
2009-05-05,9330.0,series.ar.bcra.fx_deposits_private_sector,108
2009-05-06,9371.0,series.ar.bcra.fx_deposits_private_sector,108
2009-05-07,9372.0,series.ar.bcra.fx_deposits_private_sector,108
2009-05-08,9374.0,series.ar.bcra.fx_deposits_private_sector,108
2009-05-11,9378.0,series.ar.bcra.fx_deposits_private_sector,108
2009-05-12,9382.0,series.ar.bcra.fx_deposits_private_sector,108
2009-05-13,9367.0,series.ar.bcra.fx_deposits_private_sector,108
2009-05-14,9366.0,series.ar.bcra.fx_deposits_private_sector,108
2009-05-15,9363.0,series.ar.bcra.fx_deposits_private_sector,108
2009-05-18,9356.0,series.ar.bcra.fx_deposits_private_sector,108
2009-05-19,9356.0,series.ar.bcra.fx_deposits_private_sector,108
2009-05-20,9361.0,series.ar.bcra.fx_deposits_private_sector,108
2009-05-21,9361.0,series.ar.bcra.fx_deposits_private_sector,108
2009-05-22,9369.0,series.ar.bcra.fx_deposits_private_sector,108
2009-05-26,9344.0,series.ar.bcra.fx_deposits_private_sector,108
2009-05-27,9361.0,series.ar.bcra.fx_deposits_private_sector,108
2009-05-28,9358.0,series.ar.bcra.fx_deposits_private_sector,108
2009-05-29,9380.0,series.ar.bcra.fx_deposits_private_sector,108
2009-06-01,9336.0,series.ar.bcra.fx_deposits_private_sector,108
2009-06-02,9378.0,series.ar.bcra.fx_deposits_private_sector,108
2009-06-03,9382.0,series.ar.bcra.fx_deposits_private_sector,108
2009-06-04,9390.0,series.ar.bcra.fx_deposits_private_sector,108
2009-06-05,9420.0,series.ar.bcra.fx_deposits_private_sector,108
2009-06-08,9419.0,series.ar.bcra.fx_deposits_private_sector,108
2009-06-09,9427.0,series.ar.bcra.fx_deposits_private_sector,108
2009-06-10,9431.0,series.ar.bcra.fx_deposits_private_sector,108
2009-06-11,9429.0,series.ar.bcra.fx_deposits_private_sector,108
2009-06-12,9444.0,series.ar.bcra.fx_deposits_private_sector,108
2009-06-16,9451.0,series.ar.bcra.fx_deposits_private_sector,108
2009-06-17,9460.0,series.ar.bcra.fx_deposits_private_sector,108
2009-06-18,9470.0,series.ar.bcra.fx_deposits_private_sector,108
2009-06-19,9447.0,series.ar.bcra.fx_deposits_private_sector,108
2009-06-22,9452.0,series.ar.bcra.fx_deposits_private_sector,108
2009-06-23,9456.0,series.ar.bcra.fx_deposits_private_sector,108
2009-06-24,9453.0,series.ar.bcra.fx_deposits_private_sector,108
2009-06-25,9452.0,series.ar.bcra.fx_deposits_private_sector,108
2009-06-26,9458.0,series.ar.bcra.fx_deposits_private_sector,108
2009-06-29,9469.0,series.ar.bcra.fx_deposits_private_sector,108
2009-06-30,9519.0,series.ar.bcra.fx_deposits_private_sector,108
2009-07-01,9514.0,series.ar.bcra.fx_deposits_private_sector,108
2009-07-02,9515.0,series.ar.bcra.fx_deposits_private_sector,108
2009-07-03,9521.0,series.ar.bcra.fx_deposits_private_sector,108
2009-07-06,9533.0,series.ar.bcra.fx_deposits_private_sector,108
2009-07-07,9551.0,series.ar.bcra.fx_deposits_private_sector,108
2009-07-08,9561.0,series.ar.bcra.fx_deposits_private_sector,108
2009-07-13,9543.0,series.ar.bcra.fx_deposits_private_sector,108
2009-07-14,9568.0,series.ar.bcra.fx_deposits_private_sector,108
2009-07-15,9574.0,series.ar.bcra.fx_deposits_private_sector,108
2009-07-16,9582.0,series.ar.bcra.fx_deposits_private_sector,108
2009-07-17,9599.0,series.ar.bcra.fx_deposits_private_sector,108
2009-07-20,9602.0,series.ar.bcra.fx_deposits_private_sector,108
2009-07-21,9614.0,series.ar.bcra.fx_deposits_private_sector,108
2009-07-22,9618.0,series.ar.bcra.fx_deposits_private_sector,108
2009-07-23,9617.0,series.ar.bcra.fx_deposits_private_sector,108
2009-07-24,9619.0,series.ar.bcra.fx_deposits_private_sector,108
2009-07-27,9623.0,series.ar.bcra.fx_deposits_private_sector,108
2009-07-28,9641.0,series.ar.bcra.fx_deposits_private_sector,108
2009-07-29,9644.0,series.ar.bcra.fx_deposits_private_sector,108
2009-07-30,9645.0,series.ar.bcra.fx_deposits_private_sector,108
2009-07-31,9666.0,series.ar.bcra.fx_deposits_private_sector,108
2009-08-03,9784.0,series.ar.bcra.fx_deposits_private_sector,108
2009-08-04,9975.0,series.ar.bcra.fx_deposits_private_sector,108
2009-08-05,9980.0,series.ar.bcra.fx_deposits_private_sector,108
2009-08-06,9975.0,series.ar.bcra.fx_deposits_private_sector,108
2009-08-07,9974.0,series.ar.bcra.fx_deposits_private_sector,108
2009-08-10,9982.0,series.ar.bcra.fx_deposits_private_sector,108
2009-08-11,9992.0,series.ar.bcra.fx_deposits_private_sector,108
2009-08-12,9978.0,series.ar.bcra.fx_deposits_private_sector,108
2009-08-13,9976.0,series.ar.bcra.fx_deposits_private_sector,108
2009-08-14,9967.0,series.ar.bcra.fx_deposits_private_sector,108
2009-08-18,9971.0,series.ar.bcra.fx_deposits_private_sector,108
2009-08-19,9979.0,series.ar.bcra.fx_deposits_private_sector,108
2009-08-20,9978.0,series.ar.bcra.fx_deposits_private_sector,108
2009-08-21,9978.0,series.ar.bcra.fx_deposits_private_sector,108
2009-08-24,9989.0,series.ar.bcra.fx_deposits_private_sector,108
2009-08-25,9991.0,series.ar.bcra.fx_deposits_private_sector,108
2009-08-26,10012.0,series.ar.bcra.fx_deposits_private_sector,108
2009-08-27,10030.0,series.ar.bcra.fx_deposits_private_sector,108
2009-08-28,10098.0,series.ar.bcra.fx_deposits_private_sector,108
2009-08-31,10185.0,series.ar.bcra.fx_deposits_private_sector,108
2009-09-01,10171.0,series.ar.bcra.fx_deposits_private_sector,108
2009-09-02,10166.0,series.ar.bcra.fx_deposits_private_sector,108
2009-09-03,10188.0,series.ar.bcra.fx_deposits_private_sector,108
2009-09-04,10192.0,series.ar.bcra.fx_deposits_private_sector,108
2009-09-07,10200.0,series.ar.bcra.fx_deposits_private_sector,108
2009-09-08,10199.0,series.ar.bcra.fx_deposits_private_sector,108
2009-09-09,10202.0,series.ar.bcra.fx_deposits_private_sector,108
2009-09-10,10217.0,series.ar.bcra.fx_deposits_private_sector,108
2009-09-11,10209.0,series.ar.bcra.fx_deposits_private_sector,108
2009-09-14,10207.0,series.ar.bcra.fx_deposits_private_sector,108
2009-09-15,10216.0,series.ar.bcra.fx_deposits_private_sector,108
2009-09-16,10224.0,series.ar.bcra.fx_deposits_private_sector,108
2009-09-17,10217.0,series.ar.bcra.fx_deposits_private_sector,108
2009-09-18,10207.0,series.ar.bcra.fx_deposits_private_sector,108
2009-09-21,10218.0,series.ar.bcra.fx_deposits_private_sector,108
2009-09-22,10232.0,series.ar.bcra.fx_deposits_private_sector,108
2009-09-23,10220.0,series.ar.bcra.fx_deposits_private_sector,108
2009-09-24,10212.0,series.ar.bcra.fx_deposits_private_sector,108
2009-09-25,10202.0,series.ar.bcra.fx_deposits_private_sector,108
2009-09-28,10191.0,series.ar.bcra.fx_deposits_private_sector,108
2009-09-29,10181.0,series.ar.bcra.fx_deposits_private_sector,108
2009-09-30,10188.0,series.ar.bcra.fx_deposits_private_sector,108
2009-10-01,10200.0,series.ar.bcra.fx_deposits_private_sector,108
2009-10-02,10209.0,series.ar.bcra.fx_deposits_private_sector,108
2009-10-05,10202.0,series.ar.bcra.fx_deposits_private_sector,108
2009-10-06,10190.0,series.ar.bcra.fx_deposits_private_sector,108
2009-10-07,10190.0,series.ar.bcra.fx_deposits_private_sector,108
2009-10-08,10155.0,series.ar.bcra.fx_deposits_private_sector,108
2009-10-09,10152.0,series.ar.bcra.fx_deposits_private_sector,108
2009-10-13,10148.0,series.ar.bcra.fx_deposits_private_sector,108
2009-10-14,10137.0,series.ar.bcra.fx_deposits_private_sector,108
2009-10-15,10125.0,series.ar.bcra.fx_deposits_private_sector,108
2009-10-16,10123.0,series.ar.bcra.fx_deposits_private_sector,108
2009-10-19,10102.0,series.ar.bcra.fx_deposits_private_sector,108
2009-10-20,10088.0,series.ar.bcra.fx_deposits_private_sector,108
2009-10-21,10094.0,series.ar.bcra.fx_deposits_private_sector,108
2009-10-22,10104.0,series.ar.bcra.fx_deposits_private_sector,108
2009-10-23,10100.0,series.ar.bcra.fx_deposits_private_sector,108
2009-10-26,10070.0,series.ar.bcra.fx_deposits_private_sector,108
2009-10-27,10092.0,series.ar.bcra.fx_deposits_private_sector,108
2009-10-28,10063.0,series.ar.bcra.fx_deposits_private_sector,108
2009-10-29,10061.0,series.ar.bcra.fx_deposits_private_sector,108
2009-10-30,10075.0,series.ar.bcra.fx_deposits_private_sector,108
2009-11-02,10058.0,series.ar.bcra.fx_deposits_private_sector,108
2009-11-03,10054.0,series.ar.bcra.fx_deposits_private_sector,108
2009-11-04,10048.0,series.ar.bcra.fx_deposits_private_sector,108
2009-11-05,10046.0,series.ar.bcra.fx_deposits_private_sector,108
2009-11-09,10037.0,series.ar.bcra.fx_deposits_private_sector,108
2009-11-10,10053.0,series.ar.bcra.fx_deposits_private_sector,108
2009-11-11,10034.0,series.ar.bcra.fx_deposits_private_sector,108
2009-11-12,10018.0,series.ar.bcra.fx_deposits_private_sector,108
2009-11-13,10017.0,series.ar.bcra.fx_deposits_private_sector,108
2009-11-16,10017.0,series.ar.bcra.fx_deposits_private_sector,108
2009-11-17,10013.0,series.ar.bcra.fx_deposits_private_sector,108
2009-11-18,10008.0,series.ar.bcra.fx_deposits_private_sector,108
2009-11-19,10009.0,series.ar.bcra.fx_deposits_private_sector,108
2009-11-20,9997.0,series.ar.bcra.fx_deposits_private_sector,108
2009-11-23,10007.0,series.ar.bcra.fx_deposits_private_sector,108
2009-11-24,9982.0,series.ar.bcra.fx_deposits_private_sector,108
2009-11-25,9963.0,series.ar.bcra.fx_deposits_private_sector,108
2009-11-26,9961.0,series.ar.bcra.fx_deposits_private_sector,108
2009-11-27,9962.0,series.ar.bcra.fx_deposits_private_sector,108
2009-11-30,9964.0,series.ar.bcra.fx_deposits_private_sector,108
2009-12-01,9959.0,series.ar.bcra.fx_deposits_private_sector,108
2009-12-02,9964.0,series.ar.bcra.fx_deposits_private_sector,108
2009-12-03,9967.0,series.ar.bcra.fx_deposits_private_sector,108
2009-12-04,9957.0,series.ar.bcra.fx_deposits_private_sector,108
2009-12-07,9939.0,series.ar.bcra.fx_deposits_private_sector,108
2009-12-09,9936.0,series.ar.bcra.fx_deposits_private_sector,108
2009-12-10,9940.0,series.ar.bcra.fx_deposits_private_sector,108
2009-12-11,9941.0,series.ar.bcra.fx_deposits_private_sector,108
2009-12-14,9946.0,series.ar.bcra.fx_deposits_private_sector,108
2009-12-15,9953.0,series.ar.bcra.fx_deposits_private_sector,108
2009-12-16,9968.0,series.ar.bcra.fx_deposits_private_sector,108
2009-12-17,9970.0,series.ar.bcra.fx_deposits_private_sector,108
2009-12-18,10006.0,series.ar.bcra.fx_deposits_private_sector,108
2009-12-21,10035.0,series.ar.bcra.fx_deposits_private_sector,108
2009-12-22,10050.0,series.ar.bcra.fx_deposits_private_sector,108
2009-12-23,10050.0,series.ar.bcra.fx_deposits_private_sector,108
2009-12-24,10057.0,series.ar.bcra.fx_deposits_private_sector,108
2009-12-28,10113.0,series.ar.bcra.fx_deposits_private_sector,108
2009-12-29,10148.0,series.ar.bcra.fx_deposits_private_sector,108
2009-12-30,10183.0,series.ar.bcra.fx_deposits_private_sector,108
2009-12-31,10184.0,series.ar.bcra.fx_deposits_private_sector,108
2010-01-04,10172.0,series.ar.bcra.fx_deposits_private_sector,108
2010-01-05,10153.0,series.ar.bcra.fx_deposits_private_sector,108
2010-01-06,10146.0,series.ar.bcra.fx_deposits_private_sector,108
2010-01-07,10146.0,series.ar.bcra.fx_deposits_private_sector,108
2010-01-08,10143.0,series.ar.bcra.fx_deposits_private_sector,108
2010-01-11,10137.0,series.ar.bcra.fx_deposits_private_sector,108
2010-01-12,10129.0,series.ar.bcra.fx_deposits_private_sector,108
2010-01-13,10112.0,series.ar.bcra.fx_deposits_private_sector,108
2010-01-14,10117.0,series.ar.bcra.fx_deposits_private_sector,108
2010-01-15,10078.0,series.ar.bcra.fx_deposits_private_sector,108
2010-01-18,10071.0,series.ar.bcra.fx_deposits_private_sector,108
2010-01-19,10061.0,series.ar.bcra.fx_deposits_private_sector,108
2010-01-20,10054.0,series.ar.bcra.fx_deposits_private_sector,108
2010-01-21,10046.0,series.ar.bcra.fx_deposits_private_sector,108
2010-01-22,10033.0,series.ar.bcra.fx_deposits_private_sector,108
2010-01-25,10026.0,series.ar.bcra.fx_deposits_private_sector,108
2010-01-26,10017.0,series.ar.bcra.fx_deposits_private_sector,108
2010-01-27,10002.0,series.ar.bcra.fx_deposits_private_sector,108
2010-01-28,9989.0,series.ar.bcra.fx_deposits_private_sector,108
2010-01-29,10014.0,series.ar.bcra.fx_deposits_private_sector,108
2010-02-01,9984.0,series.ar.bcra.fx_deposits_private_sector,108
2010-02-02,9980.0,series.ar.bcra.fx_deposits_private_sector,108
2010-02-03,9981.0,series.ar.bcra.fx_deposits_private_sector,108
2010-02-04,9988.0,series.ar.bcra.fx_deposits_private_sector,108
2010-02-05,9995.0,series.ar.bcra.fx_deposits_private_sector,108
2010-02-08,10002.0,series.ar.bcra.fx_deposits_private_sector,108
2010-02-09,10007.0,series.ar.bcra.fx_deposits_private_sector,108
2010-02-10,10007.0,series.ar.bcra.fx_deposits_private_sector,108
2010-02-11,10013.0,series.ar.bcra.fx_deposits_private_sector,108
2010-02-12,10020.0,series.ar.bcra.fx_deposits_private_sector,108
2010-02-15,10033.0,series.ar.bcra.fx_deposits_private_sector,108
2010-02-16,10034.0,series.ar.bcra.fx_deposits_private_sector,108
2010-02-17,10039.0,series.ar.bcra.fx_deposits_private_sector,108
2010-02-18,10038.0,series.ar.bcra.fx_deposits_private_sector,108
2010-02-19,10041.0,series.ar.bcra.fx_deposits_private_sector,108
2010-02-22,10057.0,series.ar.bcra.fx_deposits_private_sector,108
2010-02-23,10064.0,series.ar.bcra.fx_deposits_private_sector,108
2010-02-24,10075.0,series.ar.bcra.fx_deposits_private_sector,108
2010-02-25,10062.0,series.ar.bcra.fx_deposits_private_sector,108
2010-02-26,10093.0,series.ar.bcra.fx_deposits_private_sector,108
2010-03-01,10096.0,series.ar.bcra.fx_deposits_private_sector,108
2010-03-02,10102.0,series.ar.bcra.fx_deposits_private_sector,108
2010-03-03,10112.0,series.ar.bcra.fx_deposits_private_sector,108
2010-03-04,10112.0,series.ar.bcra.fx_deposits_private_sector,108
2010-03-05,10122.0,series.ar.bcra.fx_deposits_private_sector,108
2010-03-08,10130.0,series.ar.bcra.fx_deposits_private_sector,108
2010-03-09,10131.0,series.ar.bcra.fx_deposits_private_sector,108
2010-03-10,10138.0,series.ar.bcra.fx_deposits_private_sector,108
2010-03-11,10132.0,series.ar.bcra.fx_deposits_private_sector,108
2010-03-12,10138.0,series.ar.bcra.fx_deposits_private_sector,108
2010-03-15,10129.0,series.ar.bcra.fx_deposits_private_sector,108
2010-03-16,10153.0,series.ar.bcra.fx_deposits_private_sector,108
2010-03-17,10164.0,series.ar.bcra.fx_deposits_private_sector,108
2010-03-18,10160.0,series.ar.bcra.fx_deposits_private_sector,108
2010-03-19,10169.0,series.ar.bcra.fx_deposits_private_sector,108
2010-03-22,10160.0,series.ar.bcra.fx_deposits_private_sector,108
2010-03-23,10178.0,series.ar.bcra.fx_deposits_private_sector,108
2010-03-25,10173.0,series.ar.bcra.fx_deposits_private_sector,108
2010-03-26,10170.0,series.ar.bcra.fx_deposits_private_sector,108
2010-03-29,10174.0,series.ar.bcra.fx_deposits_private_sector,108
2010-03-30,10174.0,series.ar.bcra.fx_deposits_private_sector,108
2010-03-31,10226.0,series.ar.bcra.fx_deposits_private_sector,108
2010-04-05,10213.0,series.ar.bcra.fx_deposits_private_sector,108
2010-04-06,10259.0,series.ar.bcra.fx_deposits_private_sector,108
2010-04-07,10243.0,series.ar.bcra.fx_deposits_private_sector,108
2010-04-08,10255.0,series.ar.bcra.fx_deposits_private_sector,108
2010-04-09,10268.0,series.ar.bcra.fx_deposits_private_sector,108
2010-04-12,10270.0,series.ar.bcra.fx_deposits_private_sector,108
2010-04-13,10292.0,series.ar.bcra.fx_deposits_private_sector,108
2010-04-14,10276.0,series.ar.bcra.fx_deposits_private_sector,108
2010-04-15,10292.0,series.ar.bcra.fx_deposits_private_sector,108
2010-04-16,10304.0,series.ar.bcra.fx_deposits_private_sector,108
2010-04-19,10308.0,series.ar.bcra.fx_deposits_private_sector,108
2010-04-20,10318.0,series.ar.bcra.fx_deposits_private_sector,108
2010-04-21,10317.0,series.ar.bcra.fx_deposits_private_sector,108
2010-04-22,10326.0,series.ar.bcra.fx_deposits_private_sector,108
2010-04-23,10324.0,series.ar.bcra.fx_deposits_private_sector,108
2010-04-26,10330.0,series.ar.bcra.fx_deposits_private_sector,108
2010-04-27,10336.0,series.ar.bcra.fx_deposits_private_sector,108
2010-04-28,10337.0,series.ar.bcra.fx_deposits_private_sector,108
2010-04-29,10336.0,series.ar.bcra.fx_deposits_private_sector,108
2010-04-30,10454.0,series.ar.bcra.fx_deposits_private_sector,108
2010-05-03,10473.0,series.ar.bcra.fx_deposits_private_sector,108
2010-05-04,10468.0,series.ar.bcra.fx_deposits_private_sector,108
2010-05-05,10473.0,series.ar.bcra.fx_deposits_private_sector,108
2010-05-06,10475.0,series.ar.bcra.fx_deposits_private_sector,108
2010-05-07,10486.0,series.ar.bcra.fx_deposits_private_sector,108
2010-05-10,10492.0,series.ar.bcra.fx_deposits_private_sector,108
2010-05-11,10508.0,series.ar.bcra.fx_deposits_private_sector,108
2010-05-12,10515.0,series.ar.bcra.fx_deposits_private_sector,108
2010-05-13,10533.0,series.ar.bcra.fx_deposits_private_sector,108
2010-05-14,10527.0,series.ar.bcra.fx_deposits_private_sector,108
2010-05-17,10543.0,series.ar.bcra.fx_deposits_private_sector,108
2010-05-18,10549.0,series.ar.bcra.fx_deposits_private_sector,108
2010-05-19,10555.0,series.ar.bcra.fx_deposits_private_sector,108
2010-05-20,10564.0,series.ar.bcra.fx_deposits_private_sector,108
2010-05-21,10583.0,series.ar.bcra.fx_deposits_private_sector,108
2010-05-26,10600.0,series.ar.bcra.fx_deposits_private_sector,108
2010-05-27,10608.0,series.ar.bcra.fx_deposits_private_sector,108
2010-05-28,10588.0,series.ar.bcra.fx_deposits_private_sector,108
2010-05-31,10628.0,series.ar.bcra.fx_deposits_private_sector,108
2010-06-01,10623.0,series.ar.bcra.fx_deposits_private_sector,108
2010-06-02,10634.0,series.ar.bcra.fx_deposits_private_sector,108
2010-06-03,10652.0,series.ar.bcra.fx_deposits_private_sector,108
2010-06-04,10689.0,series.ar.bcra.fx_deposits_private_sector,108
2010-06-07,10714.0,series.ar.bcra.fx_deposits_private_sector,108
2010-06-08,10722.0,series.ar.bcra.fx_deposits_private_sector,108
2010-06-09,10725.0,series.ar.bcra.fx_deposits_private_sector,108
2010-06-10,10740.0,series.ar.bcra.fx_deposits_private_sector,108
2010-06-11,10748.0,series.ar.bcra.fx_deposits_private_sector,108
2010-06-14,10736.0,series.ar.bcra.fx_deposits_private_sector,108
2010-06-15,10737.0,series.ar.bcra.fx_deposits_private_sector,108
2010-06-16,10738.0,series.ar.bcra.fx_deposits_private_sector,108
2010-06-17,10738.0,series.ar.bcra.fx_deposits_private_sector,108
2010-06-18,10731.0,series.ar.bcra.fx_deposits_private_sector,108
2010-06-22,10745.0,series.ar.bcra.fx_deposits_private_sector,108
2010-06-23,10748.0,series.ar.bcra.fx_deposits_private_sector,108
2010-06-24,10751.0,series.ar.bcra.fx_deposits_private_sector,108
2010-06-25,10760.0,series.ar.bcra.fx_deposits_private_sector,108
2010-06-28,10751.0,series.ar.bcra.fx_deposits_private_sector,108
2010-06-29,10765.0,series.ar.bcra.fx_deposits_private_sector,108
2010-06-30,10816.0,series.ar.bcra.fx_deposits_private_sector,108
2010-07-01,10747.0,series.ar.bcra.fx_deposits_private_sector,108
2010-07-02,10757.0,series.ar.bcra.fx_deposits_private_sector,108
2010-07-05,10778.0,series.ar.bcra.fx_deposits_private_sector,108
2010-07-06,10788.0,series.ar.bcra.fx_deposits_private_sector,108
2010-07-07,10830.0,series.ar.bcra.fx_deposits_private_sector,108
2010-07-08,10842.0,series.ar.bcra.fx_deposits_private_sector,108
2010-07-12,10849.0,series.ar.bcra.fx_deposits_private_sector,108
2010-07-13,10841.0,series.ar.bcra.fx_deposits_private_sector,108
2010-07-14,10851.0,series.ar.bcra.fx_deposits_private_sector,108
2010-07-15,10864.0,series.ar.bcra.fx_deposits_private_sector,108
2010-07-16,10850.0,series.ar.bcra.fx_deposits_private_sector,108
2010-07-19,10864.0,series.ar.bcra.fx_deposits_private_sector,108
2010-07-20,10863.0,series.ar.bcra.fx_deposits_private_sector,108
2010-07-21,10864.0,series.ar.bcra.fx_deposits_private_sector,108
2010-07-22,10873.0,series.ar.bcra.fx_deposits_private_sector,108
2010-07-23,10930.0,series.ar.bcra.fx_deposits_private_sector,108
2010-07-26,10928.0,series.ar.bcra.fx_deposits_private_sector,108
2010-07-27,10918.0,series.ar.bcra.fx_deposits_private_sector,108
2010-07-28,10925.0,series.ar.bcra.fx_deposits_private_sector,108
2010-07-29,10927.0,series.ar.bcra.fx_deposits_private_sector,108
2010-07-30,10956.0,series.ar.bcra.fx_deposits_private_sector,108
2010-08-02,10957.0,series.ar.bcra.fx_deposits_private_sector,108
2010-08-03,11109.0,series.ar.bcra.fx_deposits_private_sector,108
2010-08-04,11148.0,series.ar.bcra.fx_deposits_private_sector,108
2010-08-05,11222.0,series.ar.bcra.fx_deposits_private_sector,108
2010-08-06,11229.0,series.ar.bcra.fx_deposits_private_sector,108
2010-08-09,11230.0,series.ar.bcra.fx_deposits_private_sector,108
2010-08-10,11232.0,series.ar.bcra.fx_deposits_private_sector,108
2010-08-11,11218.0,series.ar.bcra.fx_deposits_private_sector,108
2010-08-12,11234.0,series.ar.bcra.fx_deposits_private_sector,108
2010-08-13,11234.0,series.ar.bcra.fx_deposits_private_sector,108
2010-08-17,11239.0,series.ar.bcra.fx_deposits_private_sector,108
2010-08-18,11229.0,series.ar.bcra.fx_deposits_private_sector,108
2010-08-19,11229.0,series.ar.bcra.fx_deposits_private_sector,108
2010-08-20,11230.0,series.ar.bcra.fx_deposits_private_sector,108
2010-08-23,11228.0,series.ar.bcra.fx_deposits_private_sector,108
2010-08-24,11232.0,series.ar.bcra.fx_deposits_private_sector,108
2010-08-25,11240.0,series.ar.bcra.fx_deposits_private_sector,108
2010-08-26,11226.0,series.ar.bcra.fx_deposits_private_sector,108
2010-08-27,11241.0,series.ar.bcra.fx_deposits_private_sector,108
2010-08-30,11234.0,series.ar.bcra.fx_deposits_private_sector,108
2010-08-31,11237.0,series.ar.bcra.fx_deposits_private_sector,108
2010-09-01,11217.0,series.ar.bcra.fx_deposits_private_sector,108
2010-09-02,11235.0,series.ar.bcra.fx_deposits_private_sector,108
2010-09-03,11241.0,series.ar.bcra.fx_deposits_private_sector,108
2010-09-06,11254.0,series.ar.bcra.fx_deposits_private_sector,108
2010-09-07,11251.0,series.ar.bcra.fx_deposits_private_sector,108
2010-09-08,11249.0,series.ar.bcra.fx_deposits_private_sector,108
2010-09-09,11230.0,series.ar.bcra.fx_deposits_private_sector,108
2010-09-10,11230.0,series.ar.bcra.fx_deposits_private_sector,108
2010-09-13,11242.0,series.ar.bcra.fx_deposits_private_sector,108
2010-09-14,11220.0,series.ar.bcra.fx_deposits_private_sector,108
2010-09-15,11253.0,series.ar.bcra.fx_deposits_private_sector,108
2010-09-16,11222.0,series.ar.bcra.fx_deposits_private_sector,108
2010-09-17,11227.0,series.ar.bcra.fx_deposits_private_sector,108
2010-09-20,11220.0,series.ar.bcra.fx_deposits_private_sector,108
2010-09-21,11228.0,series.ar.bcra.fx_deposits_private_sector,108
2010-09-22,11238.0,series.ar.bcra.fx_deposits_private_sector,108
2010-09-23,11239.0,series.ar.bcra.fx_deposits_private_sector,108
2010-09-24,11212.0,series.ar.bcra.fx_deposits_private_sector,108
2010-09-27,11244.0,series.ar.bcra.fx_deposits_private_sector,108
2010-09-28,11247.0,series.ar.bcra.fx_deposits_private_sector,108
2010-09-29,11264.0,series.ar.bcra.fx_deposits_private_sector,108
2010-09-30,11288.0,series.ar.bcra.fx_deposits_private_sector,108
2010-10-01,11278.0,series.ar.bcra.fx_deposits_private_sector,108
2010-10-04,11289.0,series.ar.bcra.fx_deposits_private_sector,108
2010-10-05,11311.0,series.ar.bcra.fx_deposits_private_sector,108
2010-10-06,11297.0,series.ar.bcra.fx_deposits_private_sector,108
2010-10-07,11297.0,series.ar.bcra.fx_deposits_private_sector,108
2010-10-08,11305.0,series.ar.bcra.fx_deposits_private_sector,108
2010-10-12,11313.0,series.ar.bcra.fx_deposits_private_sector,108
2010-10-13,11306.0,series.ar.bcra.fx_deposits_private_sector,108
2010-10-14,11310.0,series.ar.bcra.fx_deposits_private_sector,108
2010-10-15,11300.0,series.ar.bcra.fx_deposits_private_sector,108
2010-10-18,11313.0,series.ar.bcra.fx_deposits_private_sector,108
2010-10-19,11309.0,series.ar.bcra.fx_deposits_private_sector,108
2010-10-20,11304.0,series.ar.bcra.fx_deposits_private_sector,108
2010-10-21,11297.0,series.ar.bcra.fx_deposits_private_sector,108
2010-10-22,11290.0,series.ar.bcra.fx_deposits_private_sector,108
2010-10-25,11290.0,series.ar.bcra.fx_deposits_private_sector,108
2010-10-26,11288.0,series.ar.bcra.fx_deposits_private_sector,108
2010-10-28,11289.0,series.ar.bcra.fx_deposits_private_sector,108
2010-10-29,11305.0,series.ar.bcra.fx_deposits_private_sector,108
2010-11-01,11295.0,series.ar.bcra.fx_deposits_private_sector,108
2010-11-02,11289.0,series.ar.bcra.fx_deposits_private_sector,108
2010-11-03,11284.0,series.ar.bcra.fx_deposits_private_sector,108
2010-11-04,11286.0,series.ar.bcra.fx_deposits_private_sector,108
2010-11-05,11298.0,series.ar.bcra.fx_deposits_private_sector,108
2010-11-08,11291.0,series.ar.bcra.fx_deposits_private_sector,108
2010-11-09,11284.0,series.ar.bcra.fx_deposits_private_sector,108
2010-11-10,11295.0,series.ar.bcra.fx_deposits_private_sector,108
2010-11-11,11364.0,series.ar.bcra.fx_deposits_private_sector,108
2010-11-12,11364.0,series.ar.bcra.fx_deposits_private_sector,108
2010-11-15,11384.0,series.ar.bcra.fx_deposits_private_sector,108
2010-11-16,11385.0,series.ar.bcra.fx_deposits_private_sector,108
2010-11-17,11398.0,series.ar.bcra.fx_deposits_private_sector,108
2010-11-18,11396.0,series.ar.bcra.fx_deposits_private_sector,108
2010-11-19,11407.0,series.ar.bcra.fx_deposits_private_sector,108
2010-11-23,11410.0,series.ar.bcra.fx_deposits_private_sector,108
2010-11-24,11408.0,series.ar.bcra.fx_deposits_private_sector,108
2010-11-25,11414.0,series.ar.bcra.fx_deposits_private_sector,108
2010-11-26,11425.0,series.ar.bcra.fx_deposits_private_sector,108
2010-11-29,11414.0,series.ar.bcra.fx_deposits_private_sector,108
2010-11-30,11440.0,series.ar.bcra.fx_deposits_private_sector,108
2010-12-01,11450.0,series.ar.bcra.fx_deposits_private_sector,108
2010-12-02,11453.0,series.ar.bcra.fx_deposits_private_sector,108
2010-12-03,11470.0,series.ar.bcra.fx_deposits_private_sector,108
2010-12-06,11474.0,series.ar.bcra.fx_deposits_private_sector,108
2010-12-07,11470.0,series.ar.bcra.fx_deposits_private_sector,108
2010-12-09,11497.0,series.ar.bcra.fx_deposits_private_sector,108
2010-12-10,11499.0,series.ar.bcra.fx_deposits_private_sector,108
2010-12-13,11497.0,series.ar.bcra.fx_deposits_private_sector,108
2010-12-14,11513.0,series.ar.bcra.fx_deposits_private_sector,108
2010-12-15,11512.0,series.ar.bcra.fx_deposits_private_sector,108
2010-12-16,11522.0,series.ar.bcra.fx_deposits_private_sector,108
2010-12-17,11536.0,series.ar.bcra.fx_deposits_private_sector,108
2010-12-20,11555.0,series.ar.bcra.fx_deposits_private_sector,108
2010-12-21,11572.0,series.ar.bcra.fx_deposits_private_sector,108
2010-12-22,11594.0,series.ar.bcra.fx_deposits_private_sector,108
2010-12-23,11614.0,series.ar.bcra.fx_deposits_private_sector,108
2010-12-27,11639.0,series.ar.bcra.fx_deposits_private_sector,108
2010-12-28,11674.0,series.ar.bcra.fx_deposits_private_sector,108
2010-12-29,11692.0,series.ar.bcra.fx_deposits_private_sector,108
2010-12-30,11727.0,series.ar.bcra.fx_deposits_private_sector,108
2011-01-03,11716.0,series.ar.bcra.fx_deposits_private_sector,108
2011-01-04,11729.0,series.ar.bcra.fx_deposits_private_sector,108
2011-01-05,11732.0,series.ar.bcra.fx_deposits_private_sector,108
2011-01-06,11736.0,series.ar.bcra.fx_deposits_private_sector,108
2011-01-07,11747.0,series.ar.bcra.fx_deposits_private_sector,108
2011-01-10,11748.0,series.ar.bcra.fx_deposits_private_sector,108
2011-01-11,11743.0,series.ar.bcra.fx_deposits_private_sector,108
2011-01-12,11736.0,series.ar.bcra.fx_deposits_private_sector,108
2011-01-13,11731.0,series.ar.bcra.fx_deposits_private_sector,108
2011-01-14,11715.0,series.ar.bcra.fx_deposits_private_sector,108
2011-01-17,11722.0,series.ar.bcra.fx_deposits_private_sector,108
2011-01-18,11721.0,series.ar.bcra.fx_deposits_private_sector,108
2011-01-19,11709.0,series.ar.bcra.fx_deposits_private_sector,108
2011-01-20,11710.0,series.ar.bcra.fx_deposits_private_sector,108
2011-01-21,11718.0,series.ar.bcra.fx_deposits_private_sector,108
2011-01-24,11721.0,series.ar.bcra.fx_deposits_private_sector,108
2011-01-25,11726.0,series.ar.bcra.fx_deposits_private_sector,108
2011-01-26,11722.0,series.ar.bcra.fx_deposits_private_sector,108
2011-01-27,11719.0,series.ar.bcra.fx_deposits_private_sector,108
2011-01-28,11726.0,series.ar.bcra.fx_deposits_private_sector,108
2011-01-31,11731.0,series.ar.bcra.fx_deposits_private_sector,108
2011-02-01,11730.0,series.ar.bcra.fx_deposits_private_sector,108
2011-02-02,11739.0,series.ar.bcra.fx_deposits_private_sector,108
2011-02-03,11731.0,series.ar.bcra.fx_deposits_private_sector,108
2011-02-04,11752.0,series.ar.bcra.fx_deposits_private_sector,108
2011-02-07,11752.0,series.ar.bcra.fx_deposits_private_sector,108
2011-02-08,11756.0,series.ar.bcra.fx_deposits_private_sector,108
2011-02-09,11787.0,series.ar.bcra.fx_deposits_private_sector,108
2011-02-10,11786.0,series.ar.bcra.fx_deposits_private_sector,108
2011-02-11,11808.0,series.ar.bcra.fx_deposits_private_sector,108
2011-02-14,11803.0,series.ar.bcra.fx_deposits_private_sector,108
2011-02-15,11815.0,series.ar.bcra.fx_deposits_private_sector,108
2011-02-16,11823.0,series.ar.bcra.fx_deposits_private_sector,108
2011-02-17,11789.0,series.ar.bcra.fx_deposits_private_sector,108
2011-02-18,11794.0,series.ar.bcra.fx_deposits_private_sector,108
2011-02-21,11851.0,series.ar.bcra.fx_deposits_private_sector,108
2011-02-22,11865.0,series.ar.bcra.fx_deposits_private_sector,108
2011-02-23,11908.0,series.ar.bcra.fx_deposits_private_sector,108
2011-02-24,11939.0,series.ar.bcra.fx_deposits_private_sector,108
2011-02-25,11966.0,series.ar.bcra.fx_deposits_private_sector,108
2011-02-28,12006.0,series.ar.bcra.fx_deposits_private_sector,108
2011-03-01,12025.0,series.ar.bcra.fx_deposits_private_sector,108
2011-03-02,12025.0,series.ar.bcra.fx_deposits_private_sector,108
2011-03-03,12039.0,series.ar.bcra.fx_deposits_private_sector,108
2011-03-04,12058.0,series.ar.bcra.fx_deposits_private_sector,108
2011-03-09,12059.0,series.ar.bcra.fx_deposits_private_sector,108
2011-03-10,12066.0,series.ar.bcra.fx_deposits_private_sector,108
2011-03-11,12063.0,series.ar.bcra.fx_deposits_private_sector,108
2011-03-14,12065.0,series.ar.bcra.fx_deposits_private_sector,108
2011-03-15,12062.0,series.ar.bcra.fx_deposits_private_sector,108
2011-03-16,12083.0,series.ar.bcra.fx_deposits_private_sector,108
2011-03-17,12082.0,series.ar.bcra.fx_deposits_private_sector,108
2011-03-18,12074.0,series.ar.bcra.fx_deposits_private_sector,108
2011-03-21,12105.0,series.ar.bcra.fx_deposits_private_sector,108
2011-03-22,12092.0,series.ar.bcra.fx_deposits_private_sector,108
2011-03-23,12105.0,series.ar.bcra.fx_deposits_private_sector,108
2011-03-28,12158.0,series.ar.bcra.fx_deposits_private_sector,108
2011-03-29,12228.0,series.ar.bcra.fx_deposits_private_sector,108
2011-03-30,12179.0,series.ar.bcra.fx_deposits_private_sector,108
2011-03-31,12251.0,series.ar.bcra.fx_deposits_private_sector,108
2011-04-01,12197.0,series.ar.bcra.fx_deposits_private_sector,108
2011-04-04,12225.0,series.ar.bcra.fx_deposits_private_sector,108
2011-04-05,12261.0,series.ar.bcra.fx_deposits_private_sector,108
2011-04-06,12245.0,series.ar.bcra.fx_deposits_private_sector,108
2011-04-07,12253.0,series.ar.bcra.fx_deposits_private_sector,108
2011-04-08,12270.0,series.ar.bcra.fx_deposits_private_sector,108
2011-04-11,12276.0,series.ar.bcra.fx_deposits_private_sector,108
2011-04-12,12281.0,series.ar.bcra.fx_deposits_private_sector,108
2011-04-13,12278.0,series.ar.bcra.fx_deposits_private_sector,108
2011-04-14,12247.0,series.ar.bcra.fx_deposits_private_sector,108
2011-04-15,12263.0,series.ar.bcra.fx_deposits_private_sector,108
2011-04-18,12264.0,series.ar.bcra.fx_deposits_private_sector,108
2011-04-19,12278.0,series.ar.bcra.fx_deposits_private_sector,108
2011-04-20,12284.0,series.ar.bcra.fx_deposits_private_sector,108
2011-04-25,12298.0,series.ar.bcra.fx_deposits_private_sector,108
2011-04-26,12457.0,series.ar.bcra.fx_deposits_private_sector,108
2011-04-27,12482.0,series.ar.bcra.fx_deposits_private_sector,108
2011-04-28,12445.0,series.ar.bcra.fx_deposits_private_sector,108
2011-04-29,12508.0,series.ar.bcra.fx_deposits_private_sector,108
2011-05-02,12527.0,series.ar.bcra.fx_deposits_private_sector,108
2011-05-03,12603.0,series.ar.bcra.fx_deposits_private_sector,108
2011-05-04,12670.0,series.ar.bcra.fx_deposits_private_sector,108
2011-05-05,12676.0,series.ar.bcra.fx_deposits_private_sector,108
2011-05-06,12691.0,series.ar.bcra.fx_deposits_private_sector,108
2011-05-09,12673.0,series.ar.bcra.fx_deposits_private_sector,108
2011-05-10,12659.0,series.ar.bcra.fx_deposits_private_sector,108
2011-05-11,12627.0,series.ar.bcra.fx_deposits_private_sector,108
2011-05-12,12640.0,series.ar.bcra.fx_deposits_private_sector,108
2011-05-13,12631.0,series.ar.bcra.fx_deposits_private_sector,108
2011-05-16,12753.0,series.ar.bcra.fx_deposits_private_sector,108
2011-05-17,12718.0,series.ar.bcra.fx_deposits_private_sector,108
2011-05-18,12729.0,series.ar.bcra.fx_deposits_private_sector,108
2011-05-19,12688.0,series.ar.bcra.fx_deposits_private_sector,108
2011-05-20,12702.0,series.ar.bcra.fx_deposits_private_sector,108
2011-05-23,12722.0,series.ar.bcra.fx_deposits_private_sector,108
2011-05-24,12745.0,series.ar.bcra.fx_deposits_private_sector,108
2011-05-26,12760.0,series.ar.bcra.fx_deposits_private_sector,108
2011-05-27,12780.0,series.ar.bcra.fx_deposits_private_sector,108
2011-05-30,12793.0,series.ar.bcra.fx_deposits_private_sector,108
2011-05-31,12833.0,series.ar.bcra.fx_deposits_private_sector,108
2011-06-01,12854.0,series.ar.bcra.fx_deposits_private_sector,108
2011-06-02,12877.0,series.ar.bcra.fx_deposits_private_sector,108
2011-06-03,12894.0,series.ar.bcra.fx_deposits_private_sector,108
2011-06-06,12925.0,series.ar.bcra.fx_deposits_private_sector,108
2011-06-07,12939.0,series.ar.bcra.fx_deposits_private_sector,108
2011-06-08,12943.0,series.ar.bcra.fx_deposits_private_sector,108
2011-06-09,12945.0,series.ar.bcra.fx_deposits_private_sector,108
2011-06-10,12968.0,series.ar.bcra.fx_deposits_private_sector,108
2011-06-13,12980.0,series.ar.bcra.fx_deposits_private_sector,108
2011-06-14,12982.0,series.ar.bcra.fx_deposits_private_sector,108
2011-06-15,12990.0,series.ar.bcra.fx_deposits_private_sector,108
2011-06-16,13005.0,series.ar.bcra.fx_deposits_private_sector,108
2011-06-17,13020.0,series.ar.bcra.fx_deposits_private_sector,108
2011-06-21,13029.0,series.ar.bcra.fx_deposits_private_sector,108
2011-06-22,13038.0,series.ar.bcra.fx_deposits_private_sector,108
2011-06-23,13044.0,series.ar.bcra.fx_deposits_private_sector,108
2011-06-24,13052.0,series.ar.bcra.fx_deposits_private_sector,108
2011-06-27,13054.0,series.ar.bcra.fx_deposits_private_sector,108
2011-06-28,13046.0,series.ar.bcra.fx_deposits_private_sector,108
2011-06-29,13058.0,series.ar.bcra.fx_deposits_private_sector,108
2011-06-30,13249.0,series.ar.bcra.fx_deposits_private_sector,108
2011-07-01,13123.0,series.ar.bcra.fx_deposits_private_sector,108
2011-07-04,13163.0,series.ar.bcra.fx_deposits_private_sector,108
2011-07-05,13195.0,series.ar.bcra.fx_deposits_private_sector,108
2011-07-06,13224.0,series.ar.bcra.fx_deposits_private_sector,108
2011-07-07,13224.0,series.ar.bcra.fx_deposits_private_sector,108
2011-07-08,13251.0,series.ar.bcra.fx_deposits_private_sector,108
2011-07-11,13262.0,series.ar.bcra.fx_deposits_private_sector,108
2011-07-12,13278.0,series.ar.bcra.fx_deposits_private_sector,108
2011-07-13,13297.0,series.ar.bcra.fx_deposits_private_sector,108
2011-07-14,13310.0,series.ar.bcra.fx_deposits_private_sector,108
2011-07-15,13320.0,series.ar.bcra.fx_deposits_private_sector,108
2011-07-18,13324.0,series.ar.bcra.fx_deposits_private_sector,108
2011-07-19,13364.0,series.ar.bcra.fx_deposits_private_sector,108
2011-07-20,13395.0,series.ar.bcra.fx_deposits_private_sector,108
2011-07-21,13408.0,series.ar.bcra.fx_deposits_private_sector,108
2011-07-22,13425.0,series.ar.bcra.fx_deposits_private_sector,108
2011-07-25,13429.0,series.ar.bcra.fx_deposits_private_sector,108
2011-07-26,13416.0,series.ar.bcra.fx_deposits_private_sector,108
2011-07-27,13407.0,series.ar.bcra.fx_deposits_private_sector,108
2011-07-28,13409.0,series.ar.bcra.fx_deposits_private_sector,108
2011-07-29,13447.0,series.ar.bcra.fx_deposits_private_sector,108
2011-08-01,13457.0,series.ar.bcra.fx_deposits_private_sector,108
2011-08-02,13471.0,series.ar.bcra.fx_deposits_private_sector,108
2011-08-03,13656.0,series.ar.bcra.fx_deposits_private_sector,108
2011-08-04,13742.0,series.ar.bcra.fx_deposits_private_sector,108
2011-08-05,13785.0,series.ar.bcra.fx_deposits_private_sector,108
2011-08-08,13799.0,series.ar.bcra.fx_deposits_private_sector,108
2011-08-09,13827.0,series.ar.bcra.fx_deposits_private_sector,108
2011-08-10,13846.0,series.ar.bcra.fx_deposits_private_sector,108
2011-08-11,13877.0,series.ar.bcra.fx_deposits_private_sector,108
2011-08-12,13885.0,series.ar.bcra.fx_deposits_private_sector,108
2011-08-15,13923.0,series.ar.bcra.fx_deposits_private_sector,108
2011-08-16,13907.0,series.ar.bcra.fx_deposits_private_sector,108
2011-08-17,13918.0,series.ar.bcra.fx_deposits_private_sector,108
2011-08-18,13926.0,series.ar.bcra.fx_deposits_private_sector,108
2011-08-19,13938.0,series.ar.bcra.fx_deposits_private_sector,108
2011-08-23,13970.0,series.ar.bcra.fx_deposits_private_sector,108
2011-08-24,13980.0,series.ar.bcra.fx_deposits_private_sector,108
2011-08-25,13985.0,series.ar.bcra.fx_deposits_private_sector,108
2011-08-26,14003.0,series.ar.bcra.fx_deposits_private_sector,108
2011-08-29,14027.0,series.ar.bcra.fx_deposits_private_sector,108
2011-08-30,14058.0,series.ar.bcra.fx_deposits_private_sector,108
2011-08-31,14089.0,series.ar.bcra.fx_deposits_private_sector,108
2011-09-01,14063.0,series.ar.bcra.fx_deposits_private_sector,108
2011-09-02,14105.0,series.ar.bcra.fx_deposits_private_sector,108
2011-09-05,14151.0,series.ar.bcra.fx_deposits_private_sector,108
2011-09-06,14181.0,series.ar.bcra.fx_deposits_private_sector,108
2011-09-07,14208.0,series.ar.bcra.fx_deposits_private_sector,108
2011-09-08,14241.0,series.ar.bcra.fx_deposits_private_sector,108
2011-09-09,14277.0,series.ar.bcra.fx_deposits_private_sector,108
2011-09-12,14299.0,series.ar.bcra.fx_deposits_private_sector,108
2011-09-13,14330.0,series.ar.bcra.fx_deposits_private_sector,108
2011-09-14,14335.0,series.ar.bcra.fx_deposits_private_sector,108
2011-09-15,14331.0,series.ar.bcra.fx_deposits_private_sector,108
2011-09-16,14365.0,series.ar.bcra.fx_deposits_private_sector,108
2011-09-19,14379.0,series.ar.bcra.fx_deposits_private_sector,108
2011-09-20,14402.0,series.ar.bcra.fx_deposits_private_sector,108
2011-09-21,14420.0,series.ar.bcra.fx_deposits_private_sector,108
2011-09-22,14436.0,series.ar.bcra.fx_deposits_private_sector,108
2011-09-23,14485.0,series.ar.bcra.fx_deposits_private_sector,108
2011-09-26,14505.0,series.ar.bcra.fx_deposits_private_sector,108
2011-09-27,14509.0,series.ar.bcra.fx_deposits_private_sector,108
2011-09-28,14530.0,series.ar.bcra.fx_deposits_private_sector,108
2011-09-29,14555.0,series.ar.bcra.fx_deposits_private_sector,108
2011-09-30,14594.0,series.ar.bcra.fx_deposits_private_sector,108
2011-10-03,14646.0,series.ar.bcra.fx_deposits_private_sector,108
2011-10-04,14684.0,series.ar.bcra.fx_deposits_private_sector,108
2011-10-05,14678.0,series.ar.bcra.fx_deposits_private_sector,108
2011-10-06,14683.0,series.ar.bcra.fx_deposits_private_sector,108
2011-10-07,14709.0,series.ar.bcra.fx_deposits_private_sector,108
2011-10-11,14715.0,series.ar.bcra.fx_deposits_private_sector,108
2011-10-12,14734.0,series.ar.bcra.fx_deposits_private_sector,108
2011-10-13,14720.0,series.ar.bcra.fx_deposits_private_sector,108
2011-10-14,14736.0,series.ar.bcra.fx_deposits_private_sector,108
2011-10-17,14769.0,series.ar.bcra.fx_deposits_private_sector,108
2011-10-18,14766.0,series.ar.bcra.fx_deposits_private_sector,108
2011-10-19,14754.0,series.ar.bcra.fx_deposits_private_sector,108
2011-10-20,14778.0,series.ar.bcra.fx_deposits_private_sector,108
2011-10-21,14800.0,series.ar.bcra.fx_deposits_private_sector,108
2011-10-24,14826.0,series.ar.bcra.fx_deposits_private_sector,108
2011-10-25,14821.0,series.ar.bcra.fx_deposits_private_sector,108
2011-10-26,14832.0,series.ar.bcra.fx_deposits_private_sector,108
2011-10-27,14836.0,series.ar.bcra.fx_deposits_private_sector,108
2011-10-28,14833.0,series.ar.bcra.fx_deposits_private_sector,108
2011-10-31,14754.0,series.ar.bcra.fx_deposits_private_sector,108
2011-11-01,14614.0,series.ar.bcra.fx_deposits_private_sector,108
2011-11-02,14493.0,series.ar.bcra.fx_deposits_private_sector,108
2011-11-03,14357.0,series.ar.bcra.fx_deposits_private_sector,108
2011-11-04,14189.0,series.ar.bcra.fx_deposits_private_sector,108
2011-11-07,14006.0,series.ar.bcra.fx_deposits_private_sector,108
2011-11-08,13839.0,series.ar.bcra.fx_deposits_private_sector,108
2011-11-09,13647.0,series.ar.bcra.fx_deposits_private_sector,108
2011-11-10,13424.0,series.ar.bcra.fx_deposits_private_sector,108
2011-11-11,13143.0,series.ar.bcra.fx_deposits_private_sector,108
2011-11-14,12926.0,series.ar.bcra.fx_deposits_private_sector,108
2011-11-15,12767.0,series.ar.bcra.fx_deposits_private_sector,108
2011-11-16,12645.0,series.ar.bcra.fx_deposits_private_sector,108
2011-11-17,12548.0,series.ar.bcra.fx_deposits_private_sector,108
2011-11-18,12469.0,series.ar.bcra.fx_deposits_private_sector,108
2011-11-21,12409.0,series.ar.bcra.fx_deposits_private_sector,108
2011-11-22,12357.0,series.ar.bcra.fx_deposits_private_sector,108
2011-11-23,12289.0,series.ar.bcra.fx_deposits_private_sector,108
2011-11-24,12255.0,series.ar.bcra.fx_deposits_private_sector,108
2011-11-25,12220.0,series.ar.bcra.fx_deposits_private_sector,108
2011-11-29,12178.0,series.ar.bcra.fx_deposits_private_sector,108
2011-11-30,12168.0,series.ar.bcra.fx_deposits_private_sector,108
2011-12-01,12137.0,series.ar.bcra.fx_deposits_private_sector,108
2011-12-02,12109.0,series.ar.bcra.fx_deposits_private_sector,108
2011-12-05,12080.0,series.ar.bcra.fx_deposits_private_sector,108
2011-12-06,12052.0,series.ar.bcra.fx_deposits_private_sector,108
2011-12-07,12017.0,series.ar.bcra.fx_deposits_private_sector,108
2011-12-12,11993.0,series.ar.bcra.fx_deposits_private_sector,108
2011-12-13,11968.0,series.ar.bcra.fx_deposits_private_sector,108
2011-12-14,11959.0,series.ar.bcra.fx_deposits_private_sector,108
2011-12-15,11974.0,series.ar.bcra.fx_deposits_private_sector,108
2011-12-16,11974.0,series.ar.bcra.fx_deposits_private_sector,108
2011-12-19,11966.0,series.ar.bcra.fx_deposits_private_sector,108
2011-12-20,11971.0,series.ar.bcra.fx_deposits_private_sector,108
2011-12-21,11977.0,series.ar.bcra.fx_deposits_private_sector,108
2011-12-22,11991.0,series.ar.bcra.fx_deposits_private_sector,108
2011-12-23,12014.0,series.ar.bcra.fx_deposits_private_sector,108
2011-12-27,12039.0,series.ar.bcra.fx_deposits_private_sector,108
2011-12-28,12102.0,series.ar.bcra.fx_deposits_private_sector,108
2011-12-29,12152.0,series.ar.bcra.fx_deposits_private_sector,108
2011-12-30,12177.0,series.ar.bcra.fx_deposits_private_sector,108
2012-01-03,12144.0,series.ar.bcra.fx_deposits_private_sector,108
2012-01-04,12128.0,series.ar.bcra.fx_deposits_private_sector,108
2012-01-05,12116.0,series.ar.bcra.fx_deposits_private_sector,108
2012-01-06,12124.0,series.ar.bcra.fx_deposits_private_sector,108
2012-01-09,12118.0,series.ar.bcra.fx_deposits_private_sector,108
2012-01-10,12109.0,series.ar.bcra.fx_deposits_private_sector,108
2012-01-11,12097.0,series.ar.bcra.fx_deposits_private_sector,108
2012-01-12,12096.0,series.ar.bcra.fx_deposits_private_sector,108
2012-01-13,12091.0,series.ar.bcra.fx_deposits_private_sector,108
2012-01-16,12088.0,series.ar.bcra.fx_deposits_private_sector,108
2012-01-17,12079.0,series.ar.bcra.fx_deposits_private_sector,108
2012-01-18,12067.0,series.ar.bcra.fx_deposits_private_sector,108
2012-01-19,12072.0,series.ar.bcra.fx_deposits_private_sector,108
2012-01-20,12073.0,series.ar.bcra.fx_deposits_private_sector,108
2012-01-23,12066.0,series.ar.bcra.fx_deposits_private_sector,108
2012-01-24,12062.0,series.ar.bcra.fx_deposits_private_sector,108
2012-01-25,12049.0,series.ar.bcra.fx_deposits_private_sector,108
2012-01-26,12041.0,series.ar.bcra.fx_deposits_private_sector,108
2012-01-27,12036.0,series.ar.bcra.fx_deposits_private_sector,108
2012-01-30,12030.0,series.ar.bcra.fx_deposits_private_sector,108
2012-01-31,12043.0,series.ar.bcra.fx_deposits_private_sector,108
2012-02-01,12030.0,series.ar.bcra.fx_deposits_private_sector,108
2012-02-02,12016.0,series.ar.bcra.fx_deposits_private_sector,108
2012-02-03,12013.0,series.ar.bcra.fx_deposits_private_sector,108
2012-02-06,11999.0,series.ar.bcra.fx_deposits_private_sector,108
2012-02-07,11985.0,series.ar.bcra.fx_deposits_private_sector,108
2012-02-08,12005.0,series.ar.bcra.fx_deposits_private_sector,108
2012-02-09,11981.0,series.ar.bcra.fx_deposits_private_sector,108
2012-02-10,12005.0,series.ar.bcra.fx_deposits_private_sector,108
2012-02-13,12097.0,series.ar.bcra.fx_deposits_private_sector,108
2012-02-14,12076.0,series.ar.bcra.fx_deposits_private_sector,108
2012-02-15,12130.0,series.ar.bcra.fx_deposits_private_sector,108
2012-02-16,12067.0,series.ar.bcra.fx_deposits_private_sector,108
2012-02-17,12089.0,series.ar.bcra.fx_deposits_private_sector,108
2012-02-22,12027.0,series.ar.bcra.fx_deposits_private_sector,108
2012-02-23,12017.0,series.ar.bcra.fx_deposits_private_sector,108
2012-02-24,11937.0,series.ar.bcra.fx_deposits_private_sector,108
2012-02-28,11980.0,series.ar.bcra.fx_deposits_private_sector,108
2012-02-29,11974.0,series.ar.bcra.fx_deposits_private_sector,108
2012-03-01,11996.0,series.ar.bcra.fx_deposits_private_sector,108
2012-03-02,11998.0,series.ar.bcra.fx_deposits_private_sector,108
2012-03-05,12044.0,series.ar.bcra.fx_deposits_private_sector,108
2012-03-06,12004.0,series.ar.bcra.fx_deposits_private_sector,108
2012-03-07,11992.0,series.ar.bcra.fx_deposits_private_sector,108
2012-03-08,12042.0,series.ar.bcra.fx_deposits_private_sector,108
2012-03-09,12039.0,series.ar.bcra.fx_deposits_private_sector,108
2012-03-12,12010.0,series.ar.bcra.fx_deposits_private_sector,108
2012-03-13,12048.0,series.ar.bcra.fx_deposits_private_sector,108
2012-03-14,12036.0,series.ar.bcra.fx_deposits_private_sector,108
2012-03-15,12004.0,series.ar.bcra.fx_deposits_private_sector,108
2012-03-16,12005.0,series.ar.bcra.fx_deposits_private_sector,108
2012-03-19,11997.0,series.ar.bcra.fx_deposits_private_sector,108
2012-03-20,11951.0,series.ar.bcra.fx_deposits_private_sector,108
2012-03-21,11943.0,series.ar.bcra.fx_deposits_private_sector,108
2012-03-22,11971.0,series.ar.bcra.fx_deposits_private_sector,108
2012-03-23,11967.0,series.ar.bcra.fx_deposits_private_sector,108
2012-03-26,11952.0,series.ar.bcra.fx_deposits_private_sector,108
2012-03-27,11951.0,series.ar.bcra.fx_deposits_private_sector,108
2012-03-28,11944.0,series.ar.bcra.fx_deposits_private_sector,108
2012-03-29,11867.0,series.ar.bcra.fx_deposits_private_sector,108
2012-03-30,11882.0,series.ar.bcra.fx_deposits_private_sector,108
2012-04-03,11905.0,series.ar.bcra.fx_deposits_private_sector,108
2012-04-04,11941.0,series.ar.bcra.fx_deposits_private_sector,108
2012-04-09,11940.0,series.ar.bcra.fx_deposits_private_sector,108
2012-04-10,11937.0,series.ar.bcra.fx_deposits_private_sector,108
2012-04-11,11933.0,series.ar.bcra.fx_deposits_private_sector,108
2012-04-12,11925.0,series.ar.bcra.fx_deposits_private_sector,108
2012-04-13,11923.0,series.ar.bcra.fx_deposits_private_sector,108
2012-04-16,11921.0,series.ar.bcra.fx_deposits_private_sector,108
2012-04-17,11926.0,series.ar.bcra.fx_deposits_private_sector,108
2012-04-18,11917.0,series.ar.bcra.fx_deposits_private_sector,108
2012-04-19,11896.0,series.ar.bcra.fx_deposits_private_sector,108
2012-04-20,11893.0,series.ar.bcra.fx_deposits_private_sector,108
2012-04-23,11891.0,series.ar.bcra.fx_deposits_private_sector,108
2012-04-24,11884.0,series.ar.bcra.fx_deposits_private_sector,108
2012-04-25,11890.0,series.ar.bcra.fx_deposits_private_sector,108
2012-04-26,11875.0,series.ar.bcra.fx_deposits_private_sector,108
2012-04-27,11875.0,series.ar.bcra.fx_deposits_private_sector,108
2012-05-02,11950.0,series.ar.bcra.fx_deposits_private_sector,108
2012-05-03,12007.0,series.ar.bcra.fx_deposits_private_sector,108
2012-05-04,12015.0,series.ar.bcra.fx_deposits_private_sector,108
2012-05-07,12001.0,series.ar.bcra.fx_deposits_private_sector,108
2012-05-08,11985.0,series.ar.bcra.fx_deposits_private_sector,108
2012-05-09,11975.0,series.ar.bcra.fx_deposits_private_sector,108
2012-05-10,11944.0,series.ar.bcra.fx_deposits_private_sector,108
2012-05-11,11899.0,series.ar.bcra.fx_deposits_private_sector,108
2012-05-14,11838.0,series.ar.bcra.fx_deposits_private_sector,108
2012-05-15,11744.0,series.ar.bcra.fx_deposits_private_sector,108
2012-05-16,11662.0,series.ar.bcra.fx_deposits_private_sector,108
2012-05-17,11553.0,series.ar.bcra.fx_deposits_private_sector,108
2012-05-18,11436.0,series.ar.bcra.fx_deposits_private_sector,108
2012-05-21,11325.0,series.ar.bcra.fx_deposits_private_sector,108
2012-05-22,11235.0,series.ar.bcra.fx_deposits_private_sector,108
2012-05-23,11147.0,series.ar.bcra.fx_deposits_private_sector,108
2012-05-24,11030.0,series.ar.bcra.fx_deposits_private_sector,108
2012-05-28,10923.0,series.ar.bcra.fx_deposits_private_sector,108
2012-05-29,10815.0,series.ar.bcra.fx_deposits_private_sector,108
2012-05-30,10725.0,series.ar.bcra.fx_deposits_private_sector,108
2012-05-31,10606.0,series.ar.bcra.fx_deposits_private_sector,108
2012-06-01,10426.0,series.ar.bcra.fx_deposits_private_sector,108
2012-06-04,10280.0,series.ar.bcra.fx_deposits_private_sector,108
2012-06-05,10177.0,series.ar.bcra.fx_deposits_private_sector,108
2012-06-06,10090.0,series.ar.bcra.fx_deposits_private_sector,108
2012-06-07,9986.0,series.ar.bcra.fx_deposits_private_sector,108
2012-06-08,9878.0,series.ar.bcra.fx_deposits_private_sector,108
2012-06-11,9774.0,series.ar.bcra.fx_deposits_private_sector,108
2012-06-12,9666.0,series.ar.bcra.fx_deposits_private_sector,108
2012-06-13,9558.0,series.ar.bcra.fx_deposits_private_sector,108
2012-06-14,9493.0,series.ar.bcra.fx_deposits_private_sector,108
2012-06-15,9439.0,series.ar.bcra.fx_deposits_private_sector,108
2012-06-18,9361.0,series.ar.bcra.fx_deposits_private_sector,108
2012-06-19,9279.0,series.ar.bcra.fx_deposits_private_sector,108
2012-06-21,9226.0,series.ar.bcra.fx_deposits_private_sector,108
2012-06-22,9165.0,series.ar.bcra.fx_deposits_private_sector,108
2012-06-25,9121.0,series.ar.bcra.fx_deposits_private_sector,108
2012-06-26,9097.0,series.ar.bcra.fx_deposits_private_sector,108
2012-06-27,9059.0,series.ar.bcra.fx_deposits_private_sector,108
2012-06-28,9033.0,series.ar.bcra.fx_deposits_private_sector,108
2012-06-29,9000.0,series.ar.bcra.fx_deposits_private_sector,108
2012-07-02,8978.0,series.ar.bcra.fx_deposits_private_sector,108
2012-07-03,8934.0,series.ar.bcra.fx_deposits_private_sector,108
2012-07-04,8922.0,series.ar.bcra.fx_deposits_private_sector,108
2012-07-05,8908.0,series.ar.bcra.fx_deposits_private_sector,108
2012-07-06,8876.0,series.ar.bcra.fx_deposits_private_sector,108
2012-07-10,8837.0,series.ar.bcra.fx_deposits_private_sector,108
2012-07-11,8808.0,series.ar.bcra.fx_deposits_private_sector,108
2012-07-12,8772.0,series.ar.bcra.fx_deposits_private_sector,108
2012-07-13,8734.0,series.ar.bcra.fx_deposits_private_sector,108
2012-07-16,8690.0,series.ar.bcra.fx_deposits_private_sector,108
2012-07-17,8663.0,series.ar.bcra.fx_deposits_private_sector,108
2012-07-18,8626.0,series.ar.bcra.fx_deposits_private_sector,108
2012-07-19,8583.0,series.ar.bcra.fx_deposits_private_sector,108
2012-07-20,8554.0,series.ar.bcra.fx_deposits_private_sector,108
2012-07-23,8529.0,series.ar.bcra.fx_deposits_private_sector,108
2012-07-24,8499.0,series.ar.bcra.fx_deposits_private_sector,108
2012-07-25,8487.0,series.ar.bcra.fx_deposits_private_sector,108
2012-07-26,8462.0,series.ar.bcra.fx_deposits_private_sector,108
2012-07-27,8434.0,series.ar.bcra.fx_deposits_private_sector,108
2012-07-30,8408.0,series.ar.bcra.fx_deposits_private_sector,108
2012-07-31,8379.0,series.ar.bcra.fx_deposits_private_sector,108
2012-08-01,8363.0,series.ar.bcra.fx_deposits_private_sector,108
2012-08-02,8340.0,series.ar.bcra.fx_deposits_private_sector,108
2012-08-03,8546.0,series.ar.bcra.fx_deposits_private_sector,108
2012-08-06,8521.0,series.ar.bcra.fx_deposits_private_sector,108
2012-08-07,8505.0,series.ar.bcra.fx_deposits_private_sector,108
2012-08-08,8477.0,series.ar.bcra.fx_deposits_private_sector,108
2012-08-09,8451.0,series.ar.bcra.fx_deposits_private_sector,108
2012-08-10,8424.0,series.ar.bcra.fx_deposits_private_sector,108
2012-08-13,8389.0,series.ar.bcra.fx_deposits_private_sector,108
2012-08-14,8370.0,series.ar.bcra.fx_deposits_private_sector,108
2012-08-15,8362.0,series.ar.bcra.fx_deposits_private_sector,108
2012-08-16,8342.0,series.ar.bcra.fx_deposits_private_sector,108
2012-08-17,8325.0,series.ar.bcra.fx_deposits_private_sector,108
2012-08-21,8311.0,series.ar.bcra.fx_deposits_private_sector,108
2012-08-22,8301.0,series.ar.bcra.fx_deposits_private_sector,108
2012-08-23,8282.0,series.ar.bcra.fx_deposits_private_sector,108
2012-08-24,8267.0,series.ar.bcra.fx_deposits_private_sector,108
2012-08-27,8255.0,series.ar.bcra.fx_deposits_private_sector,108
2012-08-28,8245.0,series.ar.bcra.fx_deposits_private_sector,108
2012-08-29,8231.0,series.ar.bcra.fx_deposits_private_sector,108
2012-08-30,8218.0,series.ar.bcra.fx_deposits_private_sector,108
2012-08-31,8215.0,series.ar.bcra.fx_deposits_private_sector,108
2012-09-03,8198.0,series.ar.bcra.fx_deposits_private_sector,108
2012-09-04,8183.0,series.ar.bcra.fx_deposits_private_sector,108
2012-09-05,8160.0,series.ar.bcra.fx_deposits_private_sector,108
2012-09-06,8146.0,series.ar.bcra.fx_deposits_private_sector,108
2012-09-07,8132.0,series.ar.bcra.fx_deposits_private_sector,108
2012-09-10,8117.0,series.ar.bcra.fx_deposits_private_sector,108
2012-09-11,8114.0,series.ar.bcra.fx_deposits_private_sector,108
2012-09-12,8122.0,series.ar.bcra.fx_deposits_private_sector,108
2012-09-13,8110.0,series.ar.bcra.fx_deposits_private_sector,108
2012-09-14,8097.0,series.ar.bcra.fx_deposits_private_sector,108
2012-09-17,8077.0,series.ar.bcra.fx_deposits_private_sector,108
2012-09-18,8076.0,series.ar.bcra.fx_deposits_private_sector,108
2012-09-19,8062.0,series.ar.bcra.fx_deposits_private_sector,108
2012-09-20,8051.0,series.ar.bcra.fx_deposits_private_sector,108
2012-09-21,8045.0,series.ar.bcra.fx_deposits_private_sector,108
2012-09-25,8038.0,series.ar.bcra.fx_deposits_private_sector,108
2012-09-26,8036.0,series.ar.bcra.fx_deposits_private_sector,108
2012-09-27,8022.0,series.ar.bcra.fx_deposits_private_sector,108
2012-09-28,8020.0,series.ar.bcra.fx_deposits_private_sector,108
2012-10-01,8009.0,series.ar.bcra.fx_deposits_private_sector,108
2012-10-02,7998.0,series.ar.bcra.fx_deposits_private_sector,108
2012-10-03,7998.0,series.ar.bcra.fx_deposits_private_sector,108
2012-10-04,7995.0,series.ar.bcra.fx_deposits_private_sector,108
2012-10-05,7987.0,series.ar.bcra.fx_deposits_private_sector,108
2012-10-09,7980.0,series.ar.bcra.fx_deposits_private_sector,108
2012-10-10,7968.0,series.ar.bcra.fx_deposits_private_sector,108
2012-10-11,7978.0,series.ar.bcra.fx_deposits_private_sector,108
2012-10-12,7966.0,series.ar.bcra.fx_deposits_private_sector,108
2012-10-15,7955.0,series.ar.bcra.fx_deposits_private_sector,108
2012-10-16,7954.0,series.ar.bcra.fx_deposits_private_sector,108
2012-10-17,7957.0,series.ar.bcra.fx_deposits_private_sector,108
2012-10-18,7948.0,series.ar.bcra.fx_deposits_private_sector,108
2012-10-19,7933.0,series.ar.bcra.fx_deposits_private_sector,108
2012-10-22,7926.0,series.ar.bcra.fx_deposits_private_sector,108
2012-10-23,7914.0,series.ar.bcra.fx_deposits_private_sector,108
2012-10-24,7911.0,series.ar.bcra.fx_deposits_private_sector,108
2012-10-25,7898.0,series.ar.bcra.fx_deposits_private_sector,108
2012-10-26,7890.0,series.ar.bcra.fx_deposits_private_sector,108
2012-10-29,7883.0,series.ar.bcra.fx_deposits_private_sector,108
2012-10-30,7887.0,series.ar.bcra.fx_deposits_private_sector,108
2012-10-31,7876.0,series.ar.bcra.fx_deposits_private_sector,108
2012-11-01,7862.0,series.ar.bcra.fx_deposits_private_sector,108
2012-11-02,7858.0,series.ar.bcra.fx_deposits_private_sector,108
2012-11-05,7850.0,series.ar.bcra.fx_deposits_private_sector,108
2012-11-07,7842.0,series.ar.bcra.fx_deposits_private_sector,108
2012-11-08,7829.0,series.ar.bcra.fx_deposits_private_sector,108
2012-11-09,7827.0,series.ar.bcra.fx_deposits_private_sector,108
2012-11-12,7811.0,series.ar.bcra.fx_deposits_private_sector,108
2012-11-13,7797.0,series.ar.bcra.fx_deposits_private_sector,108
2012-11-14,7794.0,series.ar.bcra.fx_deposits_private_sector,108
2012-11-15,7781.0,series.ar.bcra.fx_deposits_private_sector,108
2012-11-16,7773.0,series.ar.bcra.fx_deposits_private_sector,108
2012-11-19,7767.0,series.ar.bcra.fx_deposits_private_sector,108
2012-11-20,7768.0,series.ar.bcra.fx_deposits_private_sector,108
2012-11-21,7760.0,series.ar.bcra.fx_deposits_private_sector,108
2012-11-22,7759.0,series.ar.bcra.fx_deposits_private_sector,108
2012-11-23,7747.0,series.ar.bcra.fx_deposits_private_sector,108
2012-11-27,7735.0,series.ar.bcra.fx_deposits_private_sector,108
2012-11-28,7728.0,series.ar.bcra.fx_deposits_private_sector,108
2012-11-29,7721.0,series.ar.bcra.fx_deposits_private_sector,108
2012-11-30,7720.0,series.ar.bcra.fx_deposits_private_sector,108
2012-12-03,7697.0,series.ar.bcra.fx_deposits_private_sector,108
2012-12-04,7691.0,series.ar.bcra.fx_deposits_private_sector,108
2012-12-05,7681.0,series.ar.bcra.fx_deposits_private_sector,108
2012-12-06,7681.0,series.ar.bcra.fx_deposits_private_sector,108
2012-12-07,7680.0,series.ar.bcra.fx_deposits_private_sector,108
2012-12-10,7684.0,series.ar.bcra.fx_deposits_private_sector,108
2012-12-11,7678.0,series.ar.bcra.fx_deposits_private_sector,108
2012-12-12,7684.0,series.ar.bcra.fx_deposits_private_sector,108
2012-12-13,7672.0,series.ar.bcra.fx_deposits_private_sector,108
2012-12-14,7676.0,series.ar.bcra.fx_deposits_private_sector,108
2012-12-17,7699.0,series.ar.bcra.fx_deposits_private_sector,108
2012-12-18,7731.0,series.ar.bcra.fx_deposits_private_sector,108
2012-12-19,7749.0,series.ar.bcra.fx_deposits_private_sector,108
2012-12-20,7765.0,series.ar.bcra.fx_deposits_private_sector,108
2012-12-21,7800.0,series.ar.bcra.fx_deposits_private_sector,108
2012-12-26,7875.0,series.ar.bcra.fx_deposits_private_sector,108
2012-12-27,7886.0,series.ar.bcra.fx_deposits_private_sector,108
2012-12-28,7928.0,series.ar.bcra.fx_deposits_private_sector,108
2012-12-31,7952.0,series.ar.bcra.fx_deposits_private_sector,108
2013-01-02,7880.0,series.ar.bcra.fx_deposits_private_sector,108
2013-01-03,7844.0,series.ar.bcra.fx_deposits_private_sector,108
2013-01-04,7829.0,series.ar.bcra.fx_deposits_private_sector,108
2013-01-07,7806.0,series.ar.bcra.fx_deposits_private_sector,108
2013-01-08,7811.0,series.ar.bcra.fx_deposits_private_sector,108
2013-01-09,7799.0,series.ar.bcra.fx_deposits_private_sector,108
2013-01-10,7782.0,series.ar.bcra.fx_deposits_private_sector,108
2013-01-11,7760.0,series.ar.bcra.fx_deposits_private_sector,108
2013-01-14,7750.0,series.ar.bcra.fx_deposits_private_sector,108
2013-01-15,7745.0,series.ar.bcra.fx_deposits_private_sector,108
2013-01-16,7724.0,series.ar.bcra.fx_deposits_private_sector,108
2013-01-17,7726.0,series.ar.bcra.fx_deposits_private_sector,108
2013-01-18,7714.0,series.ar.bcra.fx_deposits_private_sector,108
2013-01-21,7705.0,series.ar.bcra.fx_deposits_private_sector,108
2013-01-22,7694.0,series.ar.bcra.fx_deposits_private_sector,108
2013-01-23,7685.0,series.ar.bcra.fx_deposits_private_sector,108
2013-01-24,7676.0,series.ar.bcra.fx_deposits_private_sector,108
2013-01-25,7664.0,series.ar.bcra.fx_deposits_private_sector,108
2013-01-28,7656.0,series.ar.bcra.fx_deposits_private_sector,108
2013-01-29,7642.0,series.ar.bcra.fx_deposits_private_sector,108
2013-01-30,7635.0,series.ar.bcra.fx_deposits_private_sector,108
2013-02-01,7626.0,series.ar.bcra.fx_deposits_private_sector,108
2013-02-04,7604.0,series.ar.bcra.fx_deposits_private_sector,108
2013-02-05,7578.0,series.ar.bcra.fx_deposits_private_sector,108
2013-02-06,7570.0,series.ar.bcra.fx_deposits_private_sector,108
2013-02-07,7564.0,series.ar.bcra.fx_deposits_private_sector,108
2013-02-08,7559.0,series.ar.bcra.fx_deposits_private_sector,108
2013-02-13,7546.0,series.ar.bcra.fx_deposits_private_sector,108
2013-02-14,7537.0,series.ar.bcra.fx_deposits_private_sector,108
2013-02-15,7527.0,series.ar.bcra.fx_deposits_private_sector,108
2013-02-18,7515.0,series.ar.bcra.fx_deposits_private_sector,108
2013-02-19,7508.0,series.ar.bcra.fx_deposits_private_sector,108
2013-02-21,7503.0,series.ar.bcra.fx_deposits_private_sector,108
2013-02-22,7499.0,series.ar.bcra.fx_deposits_private_sector,108
2013-02-25,7484.0,series.ar.bcra.fx_deposits_private_sector,108
2013-02-26,7475.0,series.ar.bcra.fx_deposits_private_sector,108
2013-02-27,7471.0,series.ar.bcra.fx_deposits_private_sector,108
2013-02-28,7457.0,series.ar.bcra.fx_deposits_private_sector,108
2013-03-01,7451.0,series.ar.bcra.fx_deposits_private_sector,108
2013-03-04,7450.0,series.ar.bcra.fx_deposits_private_sector,108
2013-03-05,7446.0,series.ar.bcra.fx_deposits_private_sector,108
2013-03-06,7441.0,series.ar.bcra.fx_deposits_private_sector,108
2013-03-07,7441.0,series.ar.bcra.fx_deposits_private_sector,108
2013-03-08,7441.0,series.ar.bcra.fx_deposits_private_sector,108
2013-03-11,7440.0,series.ar.bcra.fx_deposits_private_sector,108
2013-03-12,7436.0,series.ar.bcra.fx_deposits_private_sector,108
2013-03-13,7436.0,series.ar.bcra.fx_deposits_private_sector,108
2013-03-14,7427.0,series.ar.bcra.fx_deposits_private_sector,108
2013-03-15,7416.0,series.ar.bcra.fx_deposits_private_sector,108
2013-03-18,7421.0,series.ar.bcra.fx_deposits_private_sector,108
2013-03-19,7389.0,series.ar.bcra.fx_deposits_private_sector,108
2013-03-20,7399.0,series.ar.bcra.fx_deposits_private_sector,108
2013-03-21,7375.0,series.ar.bcra.fx_deposits_private_sector,108
2013-03-22,7358.0,series.ar.bcra.fx_deposits_private_sector,108
2013-03-25,7337.0,series.ar.bcra.fx_deposits_private_sector,108
2013-03-26,7319.0,series.ar.bcra.fx_deposits_private_sector,108
2013-03-27,7291.0,series.ar.bcra.fx_deposits_private_sector,108
2013-04-03,7310.0,series.ar.bcra.fx_deposits_private_sector,108
2013-04-04,7297.0,series.ar.bcra.fx_deposits_private_sector,108
2013-04-05,7284.0,series.ar.bcra.fx_deposits_private_sector,108
2013-04-08,7276.0,series.ar.bcra.fx_deposits_private_sector,108
2013-04-09,7269.0,series.ar.bcra.fx_deposits_private_sector,108
2013-04-10,7269.0,series.ar.bcra.fx_deposits_private_sector,108
2013-04-11,7265.0,series.ar.bcra.fx_deposits_private_sector,108
2013-04-12,7259.0,series.ar.bcra.fx_deposits_private_sector,108
2013-04-15,7259.0,series.ar.bcra.fx_deposits_private_sector,108
2013-04-16,7244.0,series.ar.bcra.fx_deposits_private_sector,108
2013-04-17,7251.0,series.ar.bcra.fx_deposits_private_sector,108
2013-04-18,7253.0,series.ar.bcra.fx_deposits_private_sector,108
2013-04-19,7250.0,series.ar.bcra.fx_deposits_private_sector,108
2013-04-22,7241.0,series.ar.bcra.fx_deposits_private_sector,108
2013-04-23,7233.0,series.ar.bcra.fx_deposits_private_sector,108
2013-04-24,7227.0,series.ar.bcra.fx_deposits_private_sector,108
2013-04-25,7218.0,series.ar.bcra.fx_deposits_private_sector,108
2013-04-26,7204.0,series.ar.bcra.fx_deposits_private_sector,108
2013-04-29,7185.0,series.ar.bcra.fx_deposits_private_sector,108
2013-04-30,7286.0,series.ar.bcra.fx_deposits_private_sector,108
2013-05-02,7276.0,series.ar.bcra.fx_deposits_private_sector,108
2013-05-03,7262.0,series.ar.bcra.fx_deposits_private_sector,108
2013-05-06,7249.0,series.ar.bcra.fx_deposits_private_sector,108
2013-05-07,7238.0,series.ar.bcra.fx_deposits_private_sector,108
2013-05-08,7221.0,series.ar.bcra.fx_deposits_private_sector,108
2013-05-09,7206.0,series.ar.bcra.fx_deposits_private_sector,108
2013-05-10,7199.0,series.ar.bcra.fx_deposits_private_sector,108
2013-05-13,7175.0,series.ar.bcra.fx_deposits_private_sector,108
2013-05-14,7156.0,series.ar.bcra.fx_deposits_private_sector,108
2013-05-15,7143.0,series.ar.bcra.fx_deposits_private_sector,108
2013-05-16,7132.0,series.ar.bcra.fx_deposits_private_sector,108
2013-05-17,7125.0,series.ar.bcra.fx_deposits_private_sector,108
2013-05-20,7118.0,series.ar.bcra.fx_deposits_private_sector,108
2013-05-21,7104.0,series.ar.bcra.fx_deposits_private_sector,108
2013-05-22,7098.0,series.ar.bcra.fx_deposits_private_sector,108
2013-05-23,7093.0,series.ar.bcra.fx_deposits_private_sector,108
2013-05-24,7082.0,series.ar.bcra.fx_deposits_private_sector,108
2013-05-27,7078.0,series.ar.bcra.fx_deposits_private_sector,108
2013-05-28,7071.0,series.ar.bcra.fx_deposits_private_sector,108
2013-05-29,7066.0,series.ar.bcra.fx_deposits_private_sector,108
2013-05-30,7062.0,series.ar.bcra.fx_deposits_private_sector,108
2013-05-31,7049.0,series.ar.bcra.fx_deposits_private_sector,108
2013-06-03,7041.0,series.ar.bcra.fx_deposits_private_sector,108
2013-06-04,7026.0,series.ar.bcra.fx_deposits_private_sector,108
2013-06-05,7018.0,series.ar.bcra.fx_deposits_private_sector,108
2013-06-06,7013.0,series.ar.bcra.fx_deposits_private_sector,108
2013-06-07,7005.0,series.ar.bcra.fx_deposits_private_sector,108
2013-06-10,7005.0,series.ar.bcra.fx_deposits_private_sector,108
2013-06-11,6993.0,series.ar.bcra.fx_deposits_private_sector,108
2013-06-12,6991.0,series.ar.bcra.fx_deposits_private_sector,108
2013-06-13,6986.0,series.ar.bcra.fx_deposits_private_sector,108
2013-06-14,6983.0,series.ar.bcra.fx_deposits_private_sector,108
2013-06-17,6978.0,series.ar.bcra.fx_deposits_private_sector,108
2013-06-18,6973.0,series.ar.bcra.fx_deposits_private_sector,108
2013-06-19,6967.0,series.ar.bcra.fx_deposits_private_sector,108
2013-06-24,6963.0,series.ar.bcra.fx_deposits_private_sector,108
2013-06-25,6949.0,series.ar.bcra.fx_deposits_private_sector,108
2013-06-26,6944.0,series.ar.bcra.fx_deposits_private_sector,108
2013-06-27,6939.0,series.ar.bcra.fx_deposits_private_sector,108
2013-06-28,6939.0,series.ar.bcra.fx_deposits_private_sector,108
2013-07-01,6937.0,series.ar.bcra.fx_deposits_private_sector,108
2013-07-02,6930.0,series.ar.bcra.fx_deposits_private_sector,108
2013-07-03,6941.0,series.ar.bcra.fx_deposits_private_sector,108
2013-07-04,6929.0,series.ar.bcra.fx_deposits_private_sector,108
2013-07-05,6928.0,series.ar.bcra.fx_deposits_private_sector,108
2013-07-08,6921.0,series.ar.bcra.fx_deposits_private_sector,108
2013-07-10,6926.0,series.ar.bcra.fx_deposits_private_sector,108
2013-07-11,6922.0,series.ar.bcra.fx_deposits_private_sector,108
2013-07-12,6918.0,series.ar.bcra.fx_deposits_private_sector,108
2013-07-15,6912.0,series.ar.bcra.fx_deposits_private_sector,108
2013-07-16,6908.0,series.ar.bcra.fx_deposits_private_sector,108
2013-07-17,6899.0,series.ar.bcra.fx_deposits_private_sector,108
2013-07-18,6896.0,series.ar.bcra.fx_deposits_private_sector,108
2013-07-19,6889.0,series.ar.bcra.fx_deposits_private_sector,108
2013-07-22,6891.0,series.ar.bcra.fx_deposits_private_sector,108
2013-07-23,6883.0,series.ar.bcra.fx_deposits_private_sector,108
2013-07-24,6880.0,series.ar.bcra.fx_deposits_private_sector,108
2013-07-25,6874.0,series.ar.bcra.fx_deposits_private_sector,108
2013-07-26,6870.0,series.ar.bcra.fx_deposits_private_sector,108
2013-07-29,6865.0,series.ar.bcra.fx_deposits_private_sector,108
2013-07-30,6861.0,series.ar.bcra.fx_deposits_private_sector,108
2013-07-31,6855.0,series.ar.bcra.fx_deposits_private_sector,108
2013-08-01,6851.0,series.ar.bcra.fx_deposits_private_sector,108
2013-08-02,6852.0,series.ar.bcra.fx_deposits_private_sector,108
2013-08-05,6837.0,series.ar.bcra.fx_deposits_private_sector,108
2013-08-06,6830.0,series.ar.bcra.fx_deposits_private_sector,108
2013-08-07,6824.0,series.ar.bcra.fx_deposits_private_sector,108
2013-08-08,6817.0,series.ar.bcra.fx_deposits_private_sector,108
2013-08-09,6814.0,series.ar.bcra.fx_deposits_private_sector,108
2013-08-12,6803.0,series.ar.bcra.fx_deposits_private_sector,108
2013-08-13,6801.0,series.ar.bcra.fx_deposits_private_sector,108
2013-08-14,6796.0,series.ar.bcra.fx_deposits_private_sector,108
2013-08-15,6776.0,series.ar.bcra.fx_deposits_private_sector,108
2013-08-16,6772.0,series.ar.bcra.fx_deposits_private_sector,108
2013-08-20,6765.0,series.ar.bcra.fx_deposits_private_sector,108
2013-08-21,6758.0,series.ar.bcra.fx_deposits_private_sector,108
2013-08-22,6749.0,series.ar.bcra.fx_deposits_private_sector,108
2013-08-23,6748.0,series.ar.bcra.fx_deposits_private_sector,108
2013-08-26,6742.0,series.ar.bcra.fx_deposits_private_sector,108
2013-08-27,6734.0,series.ar.bcra.fx_deposits_private_sector,108
2013-08-28,6729.0,series.ar.bcra.fx_deposits_private_sector,108
2013-08-29,6723.0,series.ar.bcra.fx_deposits_private_sector,108
2013-08-30,6722.0,series.ar.bcra.fx_deposits_private_sector,108
2013-09-02,6712.0,series.ar.bcra.fx_deposits_private_sector,108
2013-09-03,6705.0,series.ar.bcra.fx_deposits_private_sector,108
2013-09-04,6699.0,series.ar.bcra.fx_deposits_private_sector,108
2013-09-05,6691.0,series.ar.bcra.fx_deposits_private_sector,108
2013-09-06,6685.0,series.ar.bcra.fx_deposits_private_sector,108
2013-09-09,6681.0,series.ar.bcra.fx_deposits_private_sector,108
2013-09-10,6668.0,series.ar.bcra.fx_deposits_private_sector,108
2013-09-11,6664.0,series.ar.bcra.fx_deposits_private_sector,108
2013-09-12,6829.0,series.ar.bcra.fx_deposits_private_sector,108
2013-09-13,6867.0,series.ar.bcra.fx_deposits_private_sector,108
2013-09-16,6874.0,series.ar.bcra.fx_deposits_private_sector,108
2013-09-17,6858.0,series.ar.bcra.fx_deposits_private_sector,108
2013-09-18,6857.0,series.ar.bcra.fx_deposits_private_sector,108
2013-09-19,6857.0,series.ar.bcra.fx_deposits_private_sector,108
2013-09-20,6858.0,series.ar.bcra.fx_deposits_private_sector,108
2013-09-23,6861.0,series.ar.bcra.fx_deposits_private_sector,108
2013-09-24,6850.0,series.ar.bcra.fx_deposits_private_sector,108
2013-09-25,6848.0,series.ar.bcra.fx_deposits_private_sector,108
2013-09-26,6837.0,series.ar.bcra.fx_deposits_private_sector,108
2013-09-27,6834.0,series.ar.bcra.fx_deposits_private_sector,108
2013-09-30,6814.0,series.ar.bcra.fx_deposits_private_sector,108
2013-10-01,6813.0,series.ar.bcra.fx_deposits_private_sector,108
2013-10-02,6801.0,series.ar.bcra.fx_deposits_private_sector,108
2013-10-03,6809.0,series.ar.bcra.fx_deposits_private_sector,108
2013-10-04,6842.0,series.ar.bcra.fx_deposits_private_sector,108
2013-10-07,6847.0,series.ar.bcra.fx_deposits_private_sector,108
2013-10-08,6838.0,series.ar.bcra.fx_deposits_private_sector,108
2013-10-09,6830.0,series.ar.bcra.fx_deposits_private_sector,108
2013-10-10,6824.0,series.ar.bcra.fx_deposits_private_sector,108
2013-10-11,6813.0,series.ar.bcra.fx_deposits_private_sector,108
2013-10-15,6811.0,series.ar.bcra.fx_deposits_private_sector,108
2013-10-16,6801.0,series.ar.bcra.fx_deposits_private_sector,108
2013-10-17,6816.0,series.ar.bcra.fx_deposits_private_sector,108
2013-10-18,6807.0,series.ar.bcra.fx_deposits_private_sector,108
2013-10-21,6808.0,series.ar.bcra.fx_deposits_private_sector,108
2013-10-22,6796.0,series.ar.bcra.fx_deposits_private_sector,108
2013-10-23,6793.0,series.ar.bcra.fx_deposits_private_sector,108
2013-10-24,6771.0,series.ar.bcra.fx_deposits_private_sector,108
2013-10-25,6751.0,series.ar.bcra.fx_deposits_private_sector,108
2013-10-28,6757.0,series.ar.bcra.fx_deposits_private_sector,108
2013-10-29,6749.0,series.ar.bcra.fx_deposits_private_sector,108
2013-10-30,6744.0,series.ar.bcra.fx_deposits_private_sector,108
2013-10-31,6743.0,series.ar.bcra.fx_deposits_private_sector,108
2013-11-01,6734.0,series.ar.bcra.fx_deposits_private_sector,108
2013-11-04,6730.0,series.ar.bcra.fx_deposits_private_sector,108
2013-11-05,6723.0,series.ar.bcra.fx_deposits_private_sector,108
2013-11-07,6718.0,series.ar.bcra.fx_deposits_private_sector,108
2013-11-08,6715.0,series.ar.bcra.fx_deposits_private_sector,108
2013-11-11,6712.0,series.ar.bcra.fx_deposits_private_sector,108
2013-11-12,6708.0,series.ar.bcra.fx_deposits_private_sector,108
2013-11-13,6702.0,series.ar.bcra.fx_deposits_private_sector,108
2013-11-14,6700.0,series.ar.bcra.fx_deposits_private_sector,108
2013-11-15,6697.0,series.ar.bcra.fx_deposits_private_sector,108
2013-11-18,6690.0,series.ar.bcra.fx_deposits_private_sector,108
2013-11-19,6684.0,series.ar.bcra.fx_deposits_private_sector,108
2013-11-20,6679.0,series.ar.bcra.fx_deposits_private_sector,108
2013-11-21,6670.0,series.ar.bcra.fx_deposits_private_sector,108
2013-11-22,6668.0,series.ar.bcra.fx_deposits_private_sector,108
2013-11-26,6668.0,series.ar.bcra.fx_deposits_private_sector,108
2013-11-27,6658.0,series.ar.bcra.fx_deposits_private_sector,108
2013-11-28,6647.0,series.ar.bcra.fx_deposits_private_sector,108
2013-11-29,6664.0,series.ar.bcra.fx_deposits_private_sector,108
2013-12-02,6642.0,series.ar.bcra.fx_deposits_private_sector,108
2013-12-03,6642.0,series.ar.bcra.fx_deposits_private_sector,108
2013-12-04,6647.0,series.ar.bcra.fx_deposits_private_sector,108
2013-12-05,6652.0,series.ar.bcra.fx_deposits_private_sector,108
2013-12-06,6649.0,series.ar.bcra.fx_deposits_private_sector,108
2013-12-09,6652.0,series.ar.bcra.fx_deposits_private_sector,108
2013-12-10,6645.0,series.ar.bcra.fx_deposits_private_sector,108
2013-12-11,6646.0,series.ar.bcra.fx_deposits_private_sector,108
2013-12-12,6655.0,series.ar.bcra.fx_deposits_private_sector,108
2013-12-13,6657.0,series.ar.bcra.fx_deposits_private_sector,108
2013-12-16,6662.0,series.ar.bcra.fx_deposits_private_sector,108
2013-12-17,6681.0,series.ar.bcra.fx_deposits_private_sector,108
2013-12-18,6694.0,series.ar.bcra.fx_deposits_private_sector,108
2013-12-19,6704.0,series.ar.bcra.fx_deposits_private_sector,108
2013-12-20,6735.0,series.ar.bcra.fx_deposits_private_sector,108
2013-12-23,6769.0,series.ar.bcra.fx_deposits_private_sector,108
2013-12-26,6818.0,series.ar.bcra.fx_deposits_private_sector,108
2013-12-27,6858.0,series.ar.bcra.fx_deposits_private_sector,108
2013-12-30,6915.0,series.ar.bcra.fx_deposits_private_sector,108
2014-01-02,6889.0,series.ar.bcra.fx_deposits_private_sector,108
2014-01-03,6857.0,series.ar.bcra.fx_deposits_private_sector,108
2014-01-06,6844.0,series.ar.bcra.fx_deposits_private_sector,108
2014-01-07,6834.0,series.ar.bcra.fx_deposits_private_sector,108
2014-01-08,6816.0,series.ar.bcra.fx_deposits_private_sector,108
2014-01-09,6799.0,series.ar.bcra.fx_deposits_private_sector,108
2014-01-10,6791.0,series.ar.bcra.fx_deposits_private_sector,108
2014-01-13,6782.0,series.ar.bcra.fx_deposits_private_sector,108
2014-01-14,6749.0,series.ar.bcra.fx_deposits_private_sector,108
2014-01-15,6741.0,series.ar.bcra.fx_deposits_private_sector,108
2014-01-16,6729.0,series.ar.bcra.fx_deposits_private_sector,108
2014-01-17,7213.0,series.ar.bcra.fx_deposits_private_sector,108
2014-01-20,7216.0,series.ar.bcra.fx_deposits_private_sector,108
2014-01-21,7246.0,series.ar.bcra.fx_deposits_private_sector,108
2014-01-22,7254.0,series.ar.bcra.fx_deposits_private_sector,108
2014-01-23,7237.0,series.ar.bcra.fx_deposits_private_sector,108
2014-01-24,7220.0,series.ar.bcra.fx_deposits_private_sector,108
2014-01-27,7211.0,series.ar.bcra.fx_deposits_private_sector,108
2014-01-28,7157.0,series.ar.bcra.fx_deposits_private_sector,108
2014-01-29,7145.0,series.ar.bcra.fx_deposits_private_sector,108
2014-01-30,7143.0,series.ar.bcra.fx_deposits_private_sector,108
2014-01-31,7188.0,series.ar.bcra.fx_deposits_private_sector,108
2014-02-03,7183.0,series.ar.bcra.fx_deposits_private_sector,108
2014-02-04,7172.0,series.ar.bcra.fx_deposits_private_sector,108
2014-02-05,7157.0,series.ar.bcra.fx_deposits_private_sector,108
2014-02-06,7150.0,series.ar.bcra.fx_deposits_private_sector,108
2014-02-07,7190.0,series.ar.bcra.fx_deposits_private_sector,108
2014-02-10,7183.0,series.ar.bcra.fx_deposits_private_sector,108
2014-02-11,7178.0,series.ar.bcra.fx_deposits_private_sector,108
2014-02-12,7166.0,series.ar.bcra.fx_deposits_private_sector,108
2014-02-13,7167.0,series.ar.bcra.fx_deposits_private_sector,108
2014-02-14,7080.0,series.ar.bcra.fx_deposits_private_sector,108
2014-02-17,7080.0,series.ar.bcra.fx_deposits_private_sector,108
2014-02-18,7071.0,series.ar.bcra.fx_deposits_private_sector,108
2014-02-19,7110.0,series.ar.bcra.fx_deposits_private_sector,108
2014-02-20,7184.0,series.ar.bcra.fx_deposits_private_sector,108
2014-02-21,7101.0,series.ar.bcra.fx_deposits_private_sector,108
2014-02-24,7090.0,series.ar.bcra.fx_deposits_private_sector,108
2014-02-25,7101.0,series.ar.bcra.fx_deposits_private_sector,108
2014-02-26,7102.0,series.ar.bcra.fx_deposits_private_sector,108
2014-02-27,7098.0,series.ar.bcra.fx_deposits_private_sector,108
2014-02-28,7099.0,series.ar.bcra.fx_deposits_private_sector,108
2014-03-05,7052.0,series.ar.bcra.fx_deposits_private_sector,108
2014-03-06,7050.0,series.ar.bcra.fx_deposits_private_sector,108
2014-03-07,7048.0,series.ar.bcra.fx_deposits_private_sector,108
2014-03-10,7052.0,series.ar.bcra.fx_deposits_private_sector,108
2014-03-11,7050.0,series.ar.bcra.fx_deposits_private_sector,108
2014-03-12,6542.0,series.ar.bcra.fx_deposits_private_sector,108
2014-03-13,6542.0,series.ar.bcra.fx_deposits_private_sector,108
2014-03-14,6541.0,series.ar.bcra.fx_deposits_private_sector,108
2014-03-17,6596.0,series.ar.bcra.fx_deposits_private_sector,108
2014-03-18,6589.0,series.ar.bcra.fx_deposits_private_sector,108
2014-03-19,6588.0,series.ar.bcra.fx_deposits_private_sector,108
2014-03-20,6589.0,series.ar.bcra.fx_deposits_private_sector,108
2014-03-21,6592.0,series.ar.bcra.fx_deposits_private_sector,108
2014-03-25,6637.0,series.ar.bcra.fx_deposits_private_sector,108
2014-03-26,6646.0,series.ar.bcra.fx_deposits_private_sector,108
2014-03-27,6631.0,series.ar.bcra.fx_deposits_private_sector,108
2014-03-28,6622.0,series.ar.bcra.fx_deposits_private_sector,108
2014-03-31,6680.0,series.ar.bcra.fx_deposits_private_sector,108
2014-04-01,6618.0,series.ar.bcra.fx_deposits_private_sector,108
2014-04-03,6658.0,series.ar.bcra.fx_deposits_private_sector,108
2014-04-04,6654.0,series.ar.bcra.fx_deposits_private_sector,108
2014-04-07,6615.0,series.ar.bcra.fx_deposits_private_sector,108
2014-04-08,6646.0,series.ar.bcra.fx_deposits_private_sector,108
2014-04-09,6685.0,series.ar.bcra.fx_deposits_private_sector,108
2014-04-10,6688.0,series.ar.bcra.fx_deposits_private_sector,108
2014-04-11,6630.0,series.ar.bcra.fx_deposits_private_sector,108
2014-04-14,6633.0,series.ar.bcra.fx_deposits_private_sector,108
2014-04-15,6594.0,series.ar.bcra.fx_deposits_private_sector,108
2014-04-16,6587.0,series.ar.bcra.fx_deposits_private_sector,108
2014-04-21,6606.0,series.ar.bcra.fx_deposits_private_sector,108
2014-04-22,6609.0,series.ar.bcra.fx_deposits_private_sector,108
2014-04-23,6607.0,series.ar.bcra.fx_deposits_private_sector,108
2014-04-24,6608.0,series.ar.bcra.fx_deposits_private_sector,108
2014-04-25,6608.0,series.ar.bcra.fx_deposits_private_sector,108
2014-04-28,6614.0,series.ar.bcra.fx_deposits_private_sector,108
2014-04-29,6611.0,series.ar.bcra.fx_deposits_private_sector,108
2014-04-30,6609.0,series.ar.bcra.fx_deposits_private_sector,108
2014-05-05,7104.0,series.ar.bcra.fx_deposits_private_sector,108
2014-05-06,7110.0,series.ar.bcra.fx_deposits_private_sector,108
2014-05-07,7121.0,series.ar.bcra.fx_deposits_private_sector,108
2014-05-08,7121.0,series.ar.bcra.fx_deposits_private_sector,108
2014-05-09,7119.0,series.ar.bcra.fx_deposits_private_sector,108
2014-05-12,7118.0,series.ar.bcra.fx_deposits_private_sector,108
2014-05-13,7118.0,series.ar.bcra.fx_deposits_private_sector,108
2014-05-14,7121.0,series.ar.bcra.fx_deposits_private_sector,108
2014-05-15,7117.0,series.ar.bcra.fx_deposits_private_sector,108
2014-05-16,7119.0,series.ar.bcra.fx_deposits_private_sector,108
2014-05-19,7125.0,series.ar.bcra.fx_deposits_private_sector,108
2014-05-20,7127.0,series.ar.bcra.fx_deposits_private_sector,108
2014-05-21,7127.0,series.ar.bcra.fx_deposits_private_sector,108
2014-05-22,7122.0,series.ar.bcra.fx_deposits_private_sector,108
2014-05-23,7117.0,series.ar.bcra.fx_deposits_private_sector,108
2014-05-26,7125.0,series.ar.bcra.fx_deposits_private_sector,108
2014-05-27,7122.0,series.ar.bcra.fx_deposits_private_sector,108
2014-05-28,7122.0,series.ar.bcra.fx_deposits_private_sector,108
2014-05-29,7119.0,series.ar.bcra.fx_deposits_private_sector,108
2014-05-30,7119.0,series.ar.bcra.fx_deposits_private_sector,108
2014-06-02,7119.0,series.ar.bcra.fx_deposits_private_sector,108
2014-06-03,7119.0,series.ar.bcra.fx_deposits_private_sector,108
2014-06-04,7120.0,series.ar.bcra.fx_deposits_private_sector,108
2014-06-05,7120.0,series.ar.bcra.fx_deposits_private_sector,108
2014-06-06,7119.0,series.ar.bcra.fx_deposits_private_sector,108
2014-06-09,7135.0,series.ar.bcra.fx_deposits_private_sector,108
2014-06-10,7118.0,series.ar.bcra.fx_deposits_private_sector,108
2014-06-11,7116.0,series.ar.bcra.fx_deposits_private_sector,108
2014-06-12,7113.0,series.ar.bcra.fx_deposits_private_sector,108
2014-06-13,7110.0,series.ar.bcra.fx_deposits_private_sector,108
2014-06-16,7110.0,series.ar.bcra.fx_deposits_private_sector,108
2014-06-17,7102.0,series.ar.bcra.fx_deposits_private_sector,108
2014-06-18,7102.0,series.ar.bcra.fx_deposits_private_sector,108
2014-06-19,7079.0,series.ar.bcra.fx_deposits_private_sector,108
2014-06-23,7083.0,series.ar.bcra.fx_deposits_private_sector,108
2014-06-24,7070.0,series.ar.bcra.fx_deposits_private_sector,108
2014-06-25,7069.0,series.ar.bcra.fx_deposits_private_sector,108
2014-06-26,7063.0,series.ar.bcra.fx_deposits_private_sector,108
2014-06-27,7053.0,series.ar.bcra.fx_deposits_private_sector,108
2014-06-30,7057.0,series.ar.bcra.fx_deposits_private_sector,108
2014-07-01,7048.0,series.ar.bcra.fx_deposits_private_sector,108
2014-07-02,7049.0,series.ar.bcra.fx_deposits_private_sector,108
2014-07-03,7049.0,series.ar.bcra.fx_deposits_private_sector,108
2014-07-04,7049.0,series.ar.bcra.fx_deposits_private_sector,108
2014-07-07,7039.0,series.ar.bcra.fx_deposits_private_sector,108
2014-07-08,7040.0,series.ar.bcra.fx_deposits_private_sector,108
2014-07-10,7036.0,series.ar.bcra.fx_deposits_private_sector,108
2014-07-11,7040.0,series.ar.bcra.fx_deposits_private_sector,108
2014-07-14,7036.0,series.ar.bcra.fx_deposits_private_sector,108
2014-07-15,7027.0,series.ar.bcra.fx_deposits_private_sector,108
2014-07-16,7030.0,series.ar.bcra.fx_deposits_private_sector,108
2014-07-17,7022.0,series.ar.bcra.fx_deposits_private_sector,108
2014-07-18,7021.0,series.ar.bcra.fx_deposits_private_sector,108
2014-07-21,7018.0,series.ar.bcra.fx_deposits_private_sector,108
2014-07-22,7018.0,series.ar.bcra.fx_deposits_private_sector,108
2014-07-23,7014.0,series.ar.bcra.fx_deposits_private_sector,108
2014-07-24,7012.0,series.ar.bcra.fx_deposits_private_sector,108
2014-07-25,7006.0,series.ar.bcra.fx_deposits_private_sector,108
2014-07-28,7003.0,series.ar.bcra.fx_deposits_private_sector,108
2014-07-29,6992.0,series.ar.bcra.fx_deposits_private_sector,108
2014-07-30,6995.0,series.ar.bcra.fx_deposits_private_sector,108
2014-07-31,6993.0,series.ar.bcra.fx_deposits_private_sector,108
2014-08-01,6993.0,series.ar.bcra.fx_deposits_private_sector,108
2014-08-04,6988.0,series.ar.bcra.fx_deposits_private_sector,108
2014-08-05,7030.0,series.ar.bcra.fx_deposits_private_sector,108
2014-08-06,7030.0,series.ar.bcra.fx_deposits_private_sector,108
2014-08-07,7029.0,series.ar.bcra.fx_deposits_private_sector,108
2014-08-08,7029.0,series.ar.bcra.fx_deposits_private_sector,108
2014-08-11,6993.0,series.ar.bcra.fx_deposits_private_sector,108
2014-08-12,6991.0,series.ar.bcra.fx_deposits_private_sector,108
2014-08-13,6992.0,series.ar.bcra.fx_deposits_private_sector,108
2014-08-14,6982.0,series.ar.bcra.fx_deposits_private_sector,108
2014-08-15,6978.0,series.ar.bcra.fx_deposits_private_sector,108
2014-08-19,6981.0,series.ar.bcra.fx_deposits_private_sector,108
2014-08-20,6981.0,series.ar.bcra.fx_deposits_private_sector,108
2014-08-21,6979.0,series.ar.bcra.fx_deposits_private_sector,108
2014-08-22,6976.0,series.ar.bcra.fx_deposits_private_sector,108
2014-08-25,6973.0,series.ar.bcra.fx_deposits_private_sector,108
2014-08-26,6968.0,series.ar.bcra.fx_deposits_private_sector,108
2014-08-27,6966.0,series.ar.bcra.fx_deposits_private_sector,108
2014-08-28,6967.0,series.ar.bcra.fx_deposits_private_sector,108
2014-08-29,6968.0,series.ar.bcra.fx_deposits_private_sector,108
2014-09-01,6975.0,series.ar.bcra.fx_deposits_private_sector,108
2014-09-02,6986.0,series.ar.bcra.fx_deposits_private_sector,108
2014-09-03,6985.0,series.ar.bcra.fx_deposits_private_sector,108
2014-09-04,6986.0,series.ar.bcra.fx_deposits_private_sector,108
2014-09-05,6987.0,series.ar.bcra.fx_deposits_private_sector,108
2014-09-08,6993.0,series.ar.bcra.fx_deposits_private_sector,108
2014-09-09,6986.0,series.ar.bcra.fx_deposits_private_sector,108
2014-09-10,6981.0,series.ar.bcra.fx_deposits_private_sector,108
2014-09-11,6983.0,series.ar.bcra.fx_deposits_private_sector,108
2014-09-12,6977.0,series.ar.bcra.fx_deposits_private_sector,108
2014-09-15,6973.0,series.ar.bcra.fx_deposits_private_sector,108
2014-09-16,6975.0,series.ar.bcra.fx_deposits_private_sector,108
2014-09-17,6978.0,series.ar.bcra.fx_deposits_private_sector,108
2014-09-18,6977.0,series.ar.bcra.fx_deposits_private_sector,108
2014-09-19,6976.0,series.ar.bcra.fx_deposits_private_sector,108
2014-09-22,6982.0,series.ar.bcra.fx_deposits_private_sector,108
2014-09-23,6973.0,series.ar.bcra.fx_deposits_private_sector,108
2014-09-24,6928.0,series.ar.bcra.fx_deposits_private_sector,108
2014-09-25,6933.0,series.ar.bcra.fx_deposits_private_sector,108
2014-09-26,6926.0,series.ar.bcra.fx_deposits_private_sector,108
2014-09-29,6934.0,series.ar.bcra.fx_deposits_private_sector,108
2014-09-30,6957.0,series.ar.bcra.fx_deposits_private_sector,108
2014-10-01,6945.0,series.ar.bcra.fx_deposits_private_sector,108
2014-10-02,6967.0,series.ar.bcra.fx_deposits_private_sector,108
2014-10-03,6965.0,series.ar.bcra.fx_deposits_private_sector,108
2014-10-06,7000.0,series.ar.bcra.fx_deposits_private_sector,108
2014-10-07,6990.0,series.ar.bcra.fx_deposits_private_sector,108
2014-10-08,6981.0,series.ar.bcra.fx_deposits_private_sector,108
2014-10-09,6979.0,series.ar.bcra.fx_deposits_private_sector,108
2014-10-10,6972.0,series.ar.bcra.fx_deposits_private_sector,108
2014-10-14,6963.0,series.ar.bcra.fx_deposits_private_sector,108
2014-10-15,6960.0,series.ar.bcra.fx_deposits_private_sector,108
2014-10-16,6947.0,series.ar.bcra.fx_deposits_private_sector,108
2014-10-17,6964.0,series.ar.bcra.fx_deposits_private_sector,108
2014-10-20,6967.0,series.ar.bcra.fx_deposits_private_sector,108
2014-10-21,7113.0,series.ar.bcra.fx_deposits_private_sector,108
2014-10-22,7114.0,series.ar.bcra.fx_deposits_private_sector,108
2014-10-23,7116.0,series.ar.bcra.fx_deposits_private_sector,108
2014-10-24,7115.0,series.ar.bcra.fx_deposits_private_sector,108
2014-10-27,7096.0,series.ar.bcra.fx_deposits_private_sector,108
2014-10-28,7054.0,series.ar.bcra.fx_deposits_private_sector,108
2014-10-29,7050.0,series.ar.bcra.fx_deposits_private_sector,108
2014-10-30,7045.0,series.ar.bcra.fx_deposits_private_sector,108
2014-10-31,7053.0,series.ar.bcra.fx_deposits_private_sector,108
2014-11-03,7070.0,series.ar.bcra.fx_deposits_private_sector,108
2014-11-04,7079.0,series.ar.bcra.fx_deposits_private_sector,108
2014-11-05,7083.0,series.ar.bcra.fx_deposits_private_sector,108
2014-11-07,7105.0,series.ar.bcra.fx_deposits_private_sector,108
2014-11-10,7105.0,series.ar.bcra.fx_deposits_private_sector,108
2014-11-11,7102.0,series.ar.bcra.fx_deposits_private_sector,108
2014-11-12,7118.0,series.ar.bcra.fx_deposits_private_sector,108
2014-11-13,7120.0,series.ar.bcra.fx_deposits_private_sector,108
2014-11-14,7120.0,series.ar.bcra.fx_deposits_private_sector,108
2014-11-17,7116.0,series.ar.bcra.fx_deposits_private_sector,108
2014-11-18,7117.0,series.ar.bcra.fx_deposits_private_sector,108
2014-11-19,7112.0,series.ar.bcra.fx_deposits_private_sector,108
2014-11-20,7109.0,series.ar.bcra.fx_deposits_private_sector,108
2014-11-21,7103.0,series.ar.bcra.fx_deposits_private_sector,108
2014-11-25,7099.0,series.ar.bcra.fx_deposits_private_sector,108
2014-11-26,7098.0,series.ar.bcra.fx_deposits_private_sector,108
2014-11-27,7084.0,series.ar.bcra.fx_deposits_private_sector,108
2014-11-28,7076.0,series.ar.bcra.fx_deposits_private_sector,108
2014-12-01,7082.0,series.ar.bcra.fx_deposits_private_sector,108
2014-12-02,7091.0,series.ar.bcra.fx_deposits_private_sector,108
2014-12-03,7096.0,series.ar.bcra.fx_deposits_private_sector,108
2014-12-04,7105.0,series.ar.bcra.fx_deposits_private_sector,108
2014-12-05,7110.0,series.ar.bcra.fx_deposits_private_sector,108
2014-12-09,7142.0,series.ar.bcra.fx_deposits_private_sector,108
2014-12-10,7157.0,series.ar.bcra.fx_deposits_private_sector,108
2014-12-11,7161.0,series.ar.bcra.fx_deposits_private_sector,108
2014-12-12,7157.0,series.ar.bcra.fx_deposits_private_sector,108
2014-12-15,7172.0,series.ar.bcra.fx_deposits_private_sector,108
2014-12-16,7170.0,series.ar.bcra.fx_deposits_private_sector,108
2014-12-17,7149.0,series.ar.bcra.fx_deposits_private_sector,108
2014-12-18,7171.0,series.ar.bcra.fx_deposits_private_sector,108
2014-12-19,7202.0,series.ar.bcra.fx_deposits_private_sector,108
2014-12-22,7316.0,series.ar.bcra.fx_deposits_private_sector,108
2014-12-23,7337.0,series.ar.bcra.fx_deposits_private_sector,108
2014-12-24,7347.0,series.ar.bcra.fx_deposits_private_sector,108
2014-12-29,7412.0,series.ar.bcra.fx_deposits_private_sector,108
2014-12-30,7460.0,series.ar.bcra.fx_deposits_private_sector,108
2015-01-02,7441.0,series.ar.bcra.fx_deposits_private_sector,108
2015-01-05,7453.0,series.ar.bcra.fx_deposits_private_sector,108
2015-01-06,7443.0,series.ar.bcra.fx_deposits_private_sector,108
2015-01-07,7429.0,series.ar.bcra.fx_deposits_private_sector,108
2015-01-08,7413.0,series.ar.bcra.fx_deposits_private_sector,108
2015-01-09,7359.0,series.ar.bcra.fx_deposits_private_sector,108
2015-01-12,7358.0,series.ar.bcra.fx_deposits_private_sector,108
2015-01-13,7447.0,series.ar.bcra.fx_deposits_private_sector,108
2015-01-14,7445.0,series.ar.bcra.fx_deposits_private_sector,108
2015-01-15,7433.0,series.ar.bcra.fx_deposits_private_sector,108
2015-01-16,7428.0,series.ar.bcra.fx_deposits_private_sector,108
2015-01-19,7424.0,series.ar.bcra.fx_deposits_private_sector,108
2015-01-20,7419.0,series.ar.bcra.fx_deposits_private_sector,108
2015-01-21,7408.0,series.ar.bcra.fx_deposits_private_sector,108
2015-01-22,7402.0,series.ar.bcra.fx_deposits_private_sector,108
2015-01-23,7359.0,series.ar.bcra.fx_deposits_private_sector,108
2015-01-26,7367.0,series.ar.bcra.fx_deposits_private_sector,108
2015-01-27,7357.0,series.ar.bcra.fx_deposits_private_sector,108
2015-01-28,7351.0,series.ar.bcra.fx_deposits_private_sector,108
2015-01-29,7346.0,series.ar.bcra.fx_deposits_private_sector,108
2015-01-30,7345.0,series.ar.bcra.fx_deposits_private_sector,108
2015-02-02,7361.0,series.ar.bcra.fx_deposits_private_sector,108
2015-02-03,7367.0,series.ar.bcra.fx_deposits_private_sector,108
2015-02-04,7363.0,series.ar.bcra.fx_deposits_private_sector,108
2015-02-05,7386.0,series.ar.bcra.fx_deposits_private_sector,108
2015-02-06,7367.0,series.ar.bcra.fx_deposits_private_sector,108
2015-02-09,7462.0,series.ar.bcra.fx_deposits_private_sector,108
2015-02-10,7563.0,series.ar.bcra.fx_deposits_private_sector,108
2015-02-11,7659.0,series.ar.bcra.fx_deposits_private_sector,108
2015-02-12,7758.0,series.ar.bcra.fx_deposits_private_sector,108
2015-02-13,7847.0,series.ar.bcra.fx_deposits_private_sector,108
2015-02-18,7849.0,series.ar.bcra.fx_deposits_private_sector,108
2015-02-19,7852.0,series.ar.bcra.fx_deposits_private_sector,108
2015-02-20,7843.0,series.ar.bcra.fx_deposits_private_sector,108
2015-02-23,7842.0,series.ar.bcra.fx_deposits_private_sector,108
2015-02-24,7846.0,series.ar.bcra.fx_deposits_private_sector,108
2015-02-25,7821.0,series.ar.bcra.fx_deposits_private_sector,108
2015-02-26,7830.0,series.ar.bcra.fx_deposits_private_sector,108
2015-02-27,7827.0,series.ar.bcra.fx_deposits_private_sector,108
2015-03-02,7853.0,series.ar.bcra.fx_deposits_private_sector,108
2015-03-03,7870.0,series.ar.bcra.fx_deposits_private_sector,108
2015-03-04,7875.0,series.ar.bcra.fx_deposits_private_sector,108
2015-03-05,7902.0,series.ar.bcra.fx_deposits_private_sector,108
2015-03-06,7899.0,series.ar.bcra.fx_deposits_private_sector,108
2015-03-09,7905.0,series.ar.bcra.fx_deposits_private_sector,108
2015-03-10,7898.0,series.ar.bcra.fx_deposits_private_sector,108
2015-03-11,7908.0,series.ar.bcra.fx_deposits_private_sector,108
2015-03-12,7889.0,series.ar.bcra.fx_deposits_private_sector,108
2015-03-13,7892.0,series.ar.bcra.fx_deposits_private_sector,108
2015-03-16,7876.0,series.ar.bcra.fx_deposits_private_sector,108
2015-03-17,7874.0,series.ar.bcra.fx_deposits_private_sector,108
2015-03-18,7872.0,series.ar.bcra.fx_deposits_private_sector,108
2015-03-19,7868.0,series.ar.bcra.fx_deposits_private_sector,108
2015-03-20,7872.0,series.ar.bcra.fx_deposits_private_sector,108
2015-03-25,7848.0,series.ar.bcra.fx_deposits_private_sector,108
2015-03-26,7811.0,series.ar.bcra.fx_deposits_private_sector,108
2015-03-27,7788.0,series.ar.bcra.fx_deposits_private_sector,108
2015-03-30,7774.0,series.ar.bcra.fx_deposits_private_sector,108
2015-03-31,7772.0,series.ar.bcra.fx_deposits_private_sector,108
2015-04-01,7767.0,series.ar.bcra.fx_deposits_private_sector,108
2015-04-06,7775.0,series.ar.bcra.fx_deposits_private_sector,108
2015-04-07,7805.0,series.ar.bcra.fx_deposits_private_sector,108
2015-04-08,7815.0,series.ar.bcra.fx_deposits_private_sector,108
2015-04-09,7819.0,series.ar.bcra.fx_deposits_private_sector,108
2015-04-10,7819.0,series.ar.bcra.fx_deposits_private_sector,108
2015-04-13,7758.0,series.ar.bcra.fx_deposits_private_sector,108
2015-04-14,7728.0,series.ar.bcra.fx_deposits_private_sector,108
2015-04-15,7679.0,series.ar.bcra.fx_deposits_private_sector,108
2015-04-16,7652.0,series.ar.bcra.fx_deposits_private_sector,108
2015-04-17,7620.0,series.ar.bcra.fx_deposits_private_sector,108
2015-04-20,7602.0,series.ar.bcra.fx_deposits_private_sector,108
2015-04-21,7567.0,series.ar.bcra.fx_deposits_private_sector,108
2015-04-22,7526.0,series.ar.bcra.fx_deposits_private_sector,108
2015-04-23,7493.0,series.ar.bcra.fx_deposits_private_sector,108
2015-04-24,7461.0,series.ar.bcra.fx_deposits_private_sector,108
2015-04-27,7432.0,series.ar.bcra.fx_deposits_private_sector,108
2015-04-28,7435.0,series.ar.bcra.fx_deposits_private_sector,108
2015-04-29,8326.0,series.ar.bcra.fx_deposits_private_sector,108
2015-04-30,8304.0,series.ar.bcra.fx_deposits_private_sector,108
2015-05-04,8345.0,series.ar.bcra.fx_deposits_private_sector,108
2015-05-05,8393.0,series.ar.bcra.fx_deposits_private_sector,108
2015-05-06,8404.0,series.ar.bcra.fx_deposits_private_sector,108
2015-05-07,8223.0,series.ar.bcra.fx_deposits_private_sector,108
2015-05-08,8227.0,series.ar.bcra.fx_deposits_private_sector,108
2015-05-11,8234.0,series.ar.bcra.fx_deposits_private_sector,108
2015-05-12,8241.0,series.ar.bcra.fx_deposits_private_sector,108
2015-05-13,8236.0,series.ar.bcra.fx_deposits_private_sector,108
2015-05-14,8234.0,series.ar.bcra.fx_deposits_private_sector,108
2015-05-15,8013.0,series.ar.bcra.fx_deposits_private_sector,108
2015-05-18,8013.0,series.ar.bcra.fx_deposits_private_sector,108
2015-05-19,8014.0,series.ar.bcra.fx_deposits_private_sector,108
2015-05-20,8018.0,series.ar.bcra.fx_deposits_private_sector,108
2015-05-21,8018.0,series.ar.bcra.fx_deposits_private_sector,108
2015-05-22,8023.0,series.ar.bcra.fx_deposits_private_sector,108
2015-05-26,8027.0,series.ar.bcra.fx_deposits_private_sector,108
2015-05-27,8032.0,series.ar.bcra.fx_deposits_private_sector,108
2015-05-28,8037.0,series.ar.bcra.fx_deposits_private_sector,108
2015-05-29,8039.0,series.ar.bcra.fx_deposits_private_sector,108
2015-06-01,8074.0,series.ar.bcra.fx_deposits_private_sector,108
2015-06-02,8089.0,series.ar.bcra.fx_deposits_private_sector,108
2015-06-03,8089.0,series.ar.bcra.fx_deposits_private_sector,108
2015-06-04,8096.0,series.ar.bcra.fx_deposits_private_sector,108
2015-06-05,8124.0,series.ar.bcra.fx_deposits_private_sector,108
2015-06-08,8113.0,series.ar.bcra.fx_deposits_private_sector,108
2015-06-09,8132.0,series.ar.bcra.fx_deposits_private_sector,108
2015-06-10,8127.0,series.ar.bcra.fx_deposits_private_sector,108
2015-06-11,8127.0,series.ar.bcra.fx_deposits_private_sector,108
2015-06-12,8135.0,series.ar.bcra.fx_deposits_private_sector,108
2015-06-15,8171.0,series.ar.bcra.fx_deposits_private_sector,108
2015-06-16,8166.0,series.ar.bcra.fx_deposits_private_sector,108
2015-06-17,8164.0,series.ar.bcra.fx_deposits_private_sector,108
2015-06-18,8157.0,series.ar.bcra.fx_deposits_private_sector,108
2015-06-19,8161.0,series.ar.bcra.fx_deposits_private_sector,108
2015-06-22,8172.0,series.ar.bcra.fx_deposits_private_sector,108
2015-06-23,8162.0,series.ar.bcra.fx_deposits_private_sector,108
2015-06-24,8101.0,series.ar.bcra.fx_deposits_private_sector,108
2015-06-25,8099.0,series.ar.bcra.fx_deposits_private_sector,108
2015-06-26,8106.0,series.ar.bcra.fx_deposits_private_sector,108
2015-06-29,8067.0,series.ar.bcra.fx_deposits_private_sector,108
2015-06-30,7973.0,series.ar.bcra.fx_deposits_private_sector,108
2015-07-01,8022.0,series.ar.bcra.fx_deposits_private_sector,108
2015-07-02,8048.0,series.ar.bcra.fx_deposits_private_sector,108
2015-07-03,8062.0,series.ar.bcra.fx_deposits_private_sector,108
2015-07-06,8081.0,series.ar.bcra.fx_deposits_private_sector,108
2015-07-07,8083.0,series.ar.bcra.fx_deposits_private_sector,108
2015-07-08,8081.0,series.ar.bcra.fx_deposits_private_sector,108
2015-07-10,8068.0,series.ar.bcra.fx_deposits_private_sector,108
2015-07-13,8071.0,series.ar.bcra.fx_deposits_private_sector,108
2015-07-14,8065.0,series.ar.bcra.fx_deposits_private_sector,108
2015-07-15,8115.0,series.ar.bcra.fx_deposits_private_sector,108
2015-07-16,8117.0,series.ar.bcra.fx_deposits_private_sector,108
2015-07-17,8117.0,series.ar.bcra.fx_deposits_private_sector,108
2015-07-20,8093.0,series.ar.bcra.fx_deposits_private_sector,108
2015-07-21,8092.0,series.ar.bcra.fx_deposits_private_sector,108
2015-07-22,8124.0,series.ar.bcra.fx_deposits_private_sector,108
2015-07-23,8119.0,series.ar.bcra.fx_deposits_private_sector,108
2015-07-24,8114.0,series.ar.bcra.fx_deposits_private_sector,108
2015-07-27,8128.0,series.ar.bcra.fx_deposits_private_sector,108
2015-07-28,8117.0,series.ar.bcra.fx_deposits_private_sector,108
2015-07-29,8122.0,series.ar.bcra.fx_deposits_private_sector,108
2015-07-30,8121.0,series.ar.bcra.fx_deposits_private_sector,108
2015-07-31,8106.0,series.ar.bcra.fx_deposits_private_sector,108
2015-08-03,8180.0,series.ar.bcra.fx_deposits_private_sector,108
2015-08-04,8201.0,series.ar.bcra.fx_deposits_private_sector,108
2015-08-05,8204.0,series.ar.bcra.fx_deposits_private_sector,108
2015-08-06,8215.0,series.ar.bcra.fx_deposits_private_sector,108
2015-08-07,8214.0,series.ar.bcra.fx_deposits_private_sector,108
2015-08-10,8215.0,series.ar.bcra.fx_deposits_private_sector,108
2015-08-11,8216.0,series.ar.bcra.fx_deposits_private_sector,108
2015-08-12,8234.0,series.ar.bcra.fx_deposits_private_sector,108
2015-08-13,8230.0,series.ar.bcra.fx_deposits_private_sector,108
2015-08-14,8208.0,series.ar.bcra.fx_deposits_private_sector,108
2015-08-18,8259.0,series.ar.bcra.fx_deposits_private_sector,108
2015-08-19,8281.0,series.ar.bcra.fx_deposits_private_sector,108
2015-08-20,8205.0,series.ar.bcra.fx_deposits_private_sector,108
2015-08-21,8211.0,series.ar.bcra.fx_deposits_private_sector,108
2015-08-24,8195.0,series.ar.bcra.fx_deposits_private_sector,108
2015-08-25,8188.0,series.ar.bcra.fx_deposits_private_sector,108
2015-08-26,8189.0,series.ar.bcra.fx_deposits_private_sector,108
2015-08-27,8192.0,series.ar.bcra.fx_deposits_private_sector,108
2015-08-28,8181.0,series.ar.bcra.fx_deposits_private_sector,108
2015-08-31,8170.0,series.ar.bcra.fx_deposits_private_sector,108
2015-09-01,8240.0,series.ar.bcra.fx_deposits_private_sector,108
2015-09-02,8330.0,series.ar.bcra.fx_deposits_private_sector,108
2015-09-03,8348.0,series.ar.bcra.fx_deposits_private_sector,108
2015-09-04,8349.0,series.ar.bcra.fx_deposits_private_sector,108
2015-09-07,8347.0,series.ar.bcra.fx_deposits_private_sector,108
2015-09-08,8350.0,series.ar.bcra.fx_deposits_private_sector,108
2015-09-09,8343.0,series.ar.bcra.fx_deposits_private_sector,108
2015-09-10,8340.0,series.ar.bcra.fx_deposits_private_sector,108
2015-09-11,8335.0,series.ar.bcra.fx_deposits_private_sector,108
2015-09-14,8319.0,series.ar.bcra.fx_deposits_private_sector,108
2015-09-15,8358.0,series.ar.bcra.fx_deposits_private_sector,108
2015-09-16,8351.0,series.ar.bcra.fx_deposits_private_sector,108
2015-09-17,8345.0,series.ar.bcra.fx_deposits_private_sector,108
2015-09-18,8339.0,series.ar.bcra.fx_deposits_private_sector,108
2015-09-21,8337.0,series.ar.bcra.fx_deposits_private_sector,108
2015-09-22,8232.0,series.ar.bcra.fx_deposits_private_sector,108
2015-09-23,8167.0,series.ar.bcra.fx_deposits_private_sector,108
2015-09-24,8160.0,series.ar.bcra.fx_deposits_private_sector,108
2015-09-25,8150.0,series.ar.bcra.fx_deposits_private_sector,108
2015-09-28,8141.0,series.ar.bcra.fx_deposits_private_sector,108
2015-09-29,8133.0,series.ar.bcra.fx_deposits_private_sector,108
2015-09-30,8126.0,series.ar.bcra.fx_deposits_private_sector,108
2015-10-01,8199.0,series.ar.bcra.fx_deposits_private_sector,108
2015-10-02,8225.0,series.ar.bcra.fx_deposits_private_sector,108
2015-10-05,8976.0,series.ar.bcra.fx_deposits_private_sector,108
2015-10-06,9158.0,series.ar.bcra.fx_deposits_private_sector,108
2015-10-07,9214.0,series.ar.bcra.fx_deposits_private_sector,108
2015-10-08,9187.0,series.ar.bcra.fx_deposits_private_sector,108
2015-10-09,9256.0,series.ar.bcra.fx_deposits_private_sector,108
2015-10-13,9246.0,series.ar.bcra.fx_deposits_private_sector,108
2015-10-14,9216.0,series.ar.bcra.fx_deposits_private_sector,108
2015-10-15,9200.0,series.ar.bcra.fx_deposits_private_sector,108
2015-10-16,9171.0,series.ar.bcra.fx_deposits_private_sector,108
2015-10-19,9172.0,series.ar.bcra.fx_deposits_private_sector,108
2015-10-20,9156.0,series.ar.bcra.fx_deposits_private_sector,108
2015-10-21,9122.0,series.ar.bcra.fx_deposits_private_sector,108
2015-10-22,9087.0,series.ar.bcra.fx_deposits_private_sector,108
2015-10-23,9000.0,series.ar.bcra.fx_deposits_private_sector,108
2015-10-26,8988.0,series.ar.bcra.fx_deposits_private_sector,108
2015-10-27,8976.0,series.ar.bcra.fx_deposits_private_sector,108
2015-10-28,8969.0,series.ar.bcra.fx_deposits_private_sector,108
2015-10-29,8949.0,series.ar.bcra.fx_deposits_private_sector,108
2015-10-30,8938.0,series.ar.bcra.fx_deposits_private_sector,108
2015-11-02,9021.0,series.ar.bcra.fx_deposits_private_sector,108
2015-11-03,9054.0,series.ar.bcra.fx_deposits_private_sector,108
2015-11-04,9035.0,series.ar.bcra.fx_deposits_private_sector,108
2015-11-05,9023.0,series.ar.bcra.fx_deposits_private_sector,108
2015-11-09,9075.0,series.ar.bcra.fx_deposits_private_sector,108
2015-11-10,9087.0,series.ar.bcra.fx_deposits_private_sector,108
2015-11-11,9070.0,series.ar.bcra.fx_deposits_private_sector,108
2015-11-12,9046.0,series.ar.bcra.fx_deposits_private_sector,108
2015-11-13,9027.0,series.ar.bcra.fx_deposits_private_sector,108
2015-11-16,9013.0,series.ar.bcra.fx_deposits_private_sector,108
2015-11-17,9018.0,series.ar.bcra.fx_deposits_private_sector,108
2015-11-18,8997.0,series.ar.bcra.fx_deposits_private_sector,108
2015-11-19,8966.0,series.ar.bcra.fx_deposits_private_sector,108
2015-11-20,8919.0,series.ar.bcra.fx_deposits_private_sector,108
2015-11-23,8867.0,series.ar.bcra.fx_deposits_private_sector,108
2015-11-24,8832.0,series.ar.bcra.fx_deposits_private_sector,108
2015-11-25,8776.0,series.ar.bcra.fx_deposits_private_sector,108
2015-11-26,8750.0,series.ar.bcra.fx_deposits_private_sector,108
2015-11-30,8865.0,series.ar.bcra.fx_deposits_private_sector,108
2015-12-01,8902.0,series.ar.bcra.fx_deposits_private_sector,108
2015-12-02,8917.0,series.ar.bcra.fx_deposits_private_sector,108
2015-12-03,8913.0,series.ar.bcra.fx_deposits_private_sector,108
2015-12-04,8886.0,series.ar.bcra.fx_deposits_private_sector,108
2015-12-09,8902.0,series.ar.bcra.fx_deposits_private_sector,108
2015-12-10,8924.0,series.ar.bcra.fx_deposits_private_sector,108
2015-12-11,8920.0,series.ar.bcra.fx_deposits_private_sector,108
2015-12-14,8940.0,series.ar.bcra.fx_deposits_private_sector,108
2015-12-15,8961.0,series.ar.bcra.fx_deposits_private_sector,108
2015-12-16,8985.0,series.ar.bcra.fx_deposits_private_sector,108
2015-12-17,9033.0,series.ar.bcra.fx_deposits_private_sector,108
2015-12-18,9139.0,series.ar.bcra.fx_deposits_private_sector,108
2015-12-21,9329.0,series.ar.bcra.fx_deposits_private_sector,108
2015-12-22,9542.0,series.ar.bcra.fx_deposits_private_sector,108
2015-12-23,9754.0,series.ar.bcra.fx_deposits_private_sector,108
2015-12-24,9820.0,series.ar.bcra.fx_deposits_private_sector,108
2015-12-28,10044.0,series.ar.bcra.fx_deposits_private_sector,108
2015-12-29,10280.0,series.ar.bcra.fx_deposits_private_sector,108
2015-12-30,10531.0,series.ar.bcra.fx_deposits_private_sector,108
2015-12-31,10622.0,series.ar.bcra.fx_deposits_private_sector,108
2016-01-04,10692.0,series.ar.bcra.fx_deposits_private_sector,108
2016-01-05,10704.0,series.ar.bcra.fx_deposits_private_sector,108
2016-01-06,10743.0,series.ar.bcra.fx_deposits_private_sector,108
2016-01-07,10772.0,series.ar.bcra.fx_deposits_private_sector,108
2016-01-08,10825.0,series.ar.bcra.fx_deposits_private_sector,108
2016-01-11,10839.0,series.ar.bcra.fx_deposits_private_sector,108
2016-01-12,10869.0,series.ar.bcra.fx_deposits_private_sector,108
2016-01-13,10886.0,series.ar.bcra.fx_deposits_private_sector,108
2016-01-14,10922.0,series.ar.bcra.fx_deposits_private_sector,108
2016-01-15,11021.0,series.ar.bcra.fx_deposits_private_sector,108
2016-01-18,11057.0,series.ar.bcra.fx_deposits_private_sector,108
2016-01-19,11100.0,series.ar.bcra.fx_deposits_private_sector,108
2016-01-20,11116.0,series.ar.bcra.fx_deposits_private_sector,108
2016-01-21,11114.0,series.ar.bcra.fx_deposits_private_sector,108
2016-01-22,11153.0,series.ar.bcra.fx_deposits_private_sector,108
2016-01-25,11183.0,series.ar.bcra.fx_deposits_private_sector,108
2016-01-26,11191.0,series.ar.bcra.fx_deposits_private_sector,108
2016-01-27,11187.0,series.ar.bcra.fx_deposits_private_sector,108
2016-01-28,11182.0,series.ar.bcra.fx_deposits_private_sector,108
2016-01-29,11152.0,series.ar.bcra.fx_deposits_private_sector,108
2016-02-01,11166.0,series.ar.bcra.fx_deposits_private_sector,108
2016-02-02,11170.0,series.ar.bcra.fx_deposits_private_sector,108
2016-02-03,11191.0,series.ar.bcra.fx_deposits_private_sector,108
2016-02-04,11154.0,series.ar.bcra.fx_deposits_private_sector,108
2016-02-05,11212.0,series.ar.bcra.fx_deposits_private_sector,108
2016-02-10,11229.0,series.ar.bcra.fx_deposits_private_sector,108
2016-02-11,11219.0,series.ar.bcra.fx_deposits_private_sector,108
2016-02-12,11214.0,series.ar.bcra.fx_deposits_private_sector,108
2016-02-15,11263.0,series.ar.bcra.fx_deposits_private_sector,108
2016-02-16,11276.0,series.ar.bcra.fx_deposits_private_sector,108
2016-02-17,11300.0,series.ar.bcra.fx_deposits_private_sector,108
2016-02-18,11355.0,series.ar.bcra.fx_deposits_private_sector,108
2016-02-19,11379.0,series.ar.bcra.fx_deposits_private_sector,108
2016-02-22,11414.0,series.ar.bcra.fx_deposits_private_sector,108
2016-02-23,11424.0,series.ar.bcra.fx_deposits_private_sector,108
2016-02-24,11429.0,series.ar.bcra.fx_deposits_private_sector,108
2016-02-25,11434.0,series.ar.bcra.fx_deposits_private_sector,108
2016-02-26,11471.0,series.ar.bcra.fx_deposits_private_sector,108
2016-02-29,11445.0,series.ar.bcra.fx_deposits_private_sector,108
2016-03-01,11496.0,series.ar.bcra.fx_deposits_private_sector,108
2016-03-02,11547.0,series.ar.bcra.fx_deposits_private_sector,108
2016-03-03,11576.0,series.ar.bcra.fx_deposits_private_sector,108
2016-03-04,11636.0,series.ar.bcra.fx_deposits_private_sector,108
2016-03-07,11664.0,series.ar.bcra.fx_deposits_private_sector,108
2016-03-08,11671.0,series.ar.bcra.fx_deposits_private_sector,108
2016-03-09,11697.0,series.ar.bcra.fx_deposits_private_sector,108
2016-03-10,11715.0,series.ar.bcra.fx_deposits_private_sector,108
2016-03-11,11738.0,series.ar.bcra.fx_deposits_private_sector,108
2016-03-14,11769.0,series.ar.bcra.fx_deposits_private_sector,108
2016-03-15,11822.0,series.ar.bcra.fx_deposits_private_sector,108
2016-03-16,11837.0,series.ar.bcra.fx_deposits_private_sector,108
2016-03-17,11865.0,series.ar.bcra.fx_deposits_private_sector,108
2016-03-18,11889.0,series.ar.bcra.fx_deposits_private_sector,108
2016-03-21,11900.0,series.ar.bcra.fx_deposits_private_sector,108
2016-03-22,11945.0,series.ar.bcra.fx_deposits_private_sector,108
2016-03-23,11951.0,series.ar.bcra.fx_deposits_private_sector,108
2016-03-28,11912.0,series.ar.bcra.fx_deposits_private_sector,108
2016-03-29,11860.0,series.ar.bcra.fx_deposits_private_sector,108
2016-03-30,11867.0,series.ar.bcra.fx_deposits_private_sector,108
2016-03-31,11828.0,series.ar.bcra.fx_deposits_private_sector,108
2016-04-01,11836.0,series.ar.bcra.fx_deposits_private_sector,108
2016-04-04,11813.0,series.ar.bcra.fx_deposits_private_sector,108
2016-04-05,11811.0,series.ar.bcra.fx_deposits_private_sector,108
2016-04-06,11816.0,series.ar.bcra.fx_deposits_private_sector,108
2016-04-07,11804.0,series.ar.bcra.fx_deposits_private_sector,108
2016-04-08,11823.0,series.ar.bcra.fx_deposits_private_sector,108
2016-04-11,11835.0,series.ar.bcra.fx_deposits_private_sector,108
2016-04-12,11794.0,series.ar.bcra.fx_deposits_private_sector,108
2016-04-13,11803.0,series.ar.bcra.fx_deposits_private_sector,108
2016-04-14,11816.0,series.ar.bcra.fx_deposits_private_sector,108
2016-04-15,11788.0,series.ar.bcra.fx_deposits_private_sector,108
2016-04-18,11821.0,series.ar.bcra.fx_deposits_private_sector,108
2016-04-19,11830.0,series.ar.bcra.fx_deposits_private_sector,108
2016-04-20,11831.0,series.ar.bcra.fx_deposits_private_sector,108
2016-04-21,11834.0,series.ar.bcra.fx_deposits_private_sector,108
2016-04-22,11842.0,series.ar.bcra.fx_deposits_private_sector,108
2016-04-25,11809.0,series.ar.bcra.fx_deposits_private_sector,108
2016-04-26,11792.0,series.ar.bcra.fx_deposits_private_sector,108
2016-04-27,11796.0,series.ar.bcra.fx_deposits_private_sector,108
2016-04-28,11740.0,series.ar.bcra.fx_deposits_private_sector,108
2016-04-29,11769.0,series.ar.bcra.fx_deposits_private_sector,108
2016-05-02,11782.0,series.ar.bcra.fx_deposits_private_sector,108
2016-05-03,11797.0,series.ar.bcra.fx_deposits_private_sector,108
2016-05-04,11802.0,series.ar.bcra.fx_deposits_private_sector,108
2016-05-05,11792.0,series.ar.bcra.fx_deposits_private_sector,108
2016-05-06,11814.0,series.ar.bcra.fx_deposits_private_sector,108
2016-05-09,11714.0,series.ar.bcra.fx_deposits_private_sector,108
2016-05-10,11724.0,series.ar.bcra.fx_deposits_private_sector,108
2016-05-11,11777.0,series.ar.bcra.fx_deposits_private_sector,108
2016-05-12,11807.0,series.ar.bcra.fx_deposits_private_sector,108
2016-05-13,11820.0,series.ar.bcra.fx_deposits_private_sector,108
2016-05-16,11829.0,series.ar.bcra.fx_deposits_private_sector,108
2016-05-17,11812.0,series.ar.bcra.fx_deposits_private_sector,108
2016-05-18,11798.0,series.ar.bcra.fx_deposits_private_sector,108
2016-05-19,11758.0,series.ar.bcra.fx_deposits_private_sector,108
2016-05-20,11766.0,series.ar.bcra.fx_deposits_private_sector,108
2016-05-23,11646.0,series.ar.bcra.fx_deposits_private_sector,108
2016-05-24,11697.0,series.ar.bcra.fx_deposits_private_sector,108
2016-05-26,11700.0,series.ar.bcra.fx_deposits_private_sector,108
2016-05-27,11721.0,series.ar.bcra.fx_deposits_private_sector,108
2016-05-30,11747.0,series.ar.bcra.fx_deposits_private_sector,108
2016-05-31,11735.0,series.ar.bcra.fx_deposits_private_sector,108
2016-06-01,11791.0,series.ar.bcra.fx_deposits_private_sector,108
2016-06-02,11790.0,series.ar.bcra.fx_deposits_private_sector,108
2016-06-03,11877.0,series.ar.bcra.fx_deposits_private_sector,108
2016-06-06,11754.0,series.ar.bcra.fx_deposits_private_sector,108
2016-06-07,11757.0,series.ar.bcra.fx_deposits_private_sector,108
2016-06-08,11784.0,series.ar.bcra.fx_deposits_private_sector,108
2016-06-09,11795.0,series.ar.bcra.fx_deposits_private_sector,108
2016-06-10,11809.0,series.ar.bcra.fx_deposits_private_sector,108
2016-06-13,11832.0,series.ar.bcra.fx_deposits_private_sector,108
2016-06-14,11927.0,series.ar.bcra.fx_deposits_private_sector,108
2016-06-15,11823.0,series.ar.bcra.fx_deposits_private_sector,108
2016-06-16,11843.0,series.ar.bcra.fx_deposits_private_sector,108
2016-06-21,11894.0,series.ar.bcra.fx_deposits_private_sector,108
2016-06-22,11818.0,series.ar.bcra.fx_deposits_private_sector,108
2016-06-23,11829.0,series.ar.bcra.fx_deposits_private_sector,108
2016-06-24,11856.0,series.ar.bcra.fx_deposits_private_sector,108
2016-06-27,11882.0,series.ar.bcra.fx_deposits_private_sector,108
2016-06-28,11889.0,series.ar.bcra.fx_deposits_private_sector,108
2016-06-29,11966.0,series.ar.bcra.fx_deposits_private_sector,108
2016-06-30,11962.0,series.ar.bcra.fx_deposits_private_sector,108
2016-07-01,12016.0,series.ar.bcra.fx_deposits_private_sector,108
2016-07-04,12046.0,series.ar.bcra.fx_deposits_private_sector,108
2016-07-05,12080.0,series.ar.bcra.fx_deposits_private_sector,108
2016-07-06,12107.0,series.ar.bcra.fx_deposits_private_sector,108
2016-07-07,12183.0,series.ar.bcra.fx_deposits_private_sector,108
2016-07-11,12233.0,series.ar.bcra.fx_deposits_private_sector,108
2016-07-12,12169.0,series.ar.bcra.fx_deposits_private_sector,108
2016-07-13,12147.0,series.ar.bcra.fx_deposits_private_sector,108
2016-07-14,12185.0,series.ar.bcra.fx_deposits_private_sector,108
2016-07-15,12171.0,series.ar.bcra.fx_deposits_private_sector,108
2016-07-18,12211.0,series.ar.bcra.fx_deposits_private_sector,108
2016-07-19,12304.0,series.ar.bcra.fx_deposits_private_sector,108
2016-07-20,12302.0,series.ar.bcra.fx_deposits_private_sector,108
2016-07-21,12323.0,series.ar.bcra.fx_deposits_private_sector,108
2016-07-22,12281.0,series.ar.bcra.fx_deposits_private_sector,108
2016-07-25,12273.0,series.ar.bcra.fx_deposits_private_sector,108
2016-07-26,12307.0,series.ar.bcra.fx_deposits_private_sector,108
2016-07-27,12325.0,series.ar.bcra.fx_deposits_private_sector,108
2016-07-28,12329.0,series.ar.bcra.fx_deposits_private_sector,108
2016-07-29,12313.0,series.ar.bcra.fx_deposits_private_sector,108
2016-08-01,12357.0,series.ar.bcra.fx_deposits_private_sector,108
2016-08-02,12379.0,series.ar.bcra.fx_deposits_private_sector,108
2016-08-03,12373.0,series.ar.bcra.fx_deposits_private_sector,108
2016-08-04,12375.0,series.ar.bcra.fx_deposits_private_sector,108
2016-08-05,12397.0,series.ar.bcra.fx_deposits_private_sector,108
2016-08-08,12406.0,series.ar.bcra.fx_deposits_private_sector,108
2016-08-09,12417.0,series.ar.bcra.fx_deposits_private_sector,108
2016-08-10,12462.0,series.ar.bcra.fx_deposits_private_sector,108
2016-08-11,12513.0,series.ar.bcra.fx_deposits_private_sector,108
2016-08-12,12526.0,series.ar.bcra.fx_deposits_private_sector,108
2016-08-16,12535.0,series.ar.bcra.fx_deposits_private_sector,108
2016-08-17,12578.0,series.ar.bcra.fx_deposits_private_sector,108
2016-08-18,12588.0,series.ar.bcra.fx_deposits_private_sector,108
2016-08-19,12592.0,series.ar.bcra.fx_deposits_private_sector,108
2016-08-22,12650.0,series.ar.bcra.fx_deposits_private_sector,108
2016-08-23,12652.0,series.ar.bcra.fx_deposits_private_sector,108
2016-08-24,12683.0,series.ar.bcra.fx_deposits_private_sector,108
2016-08-25,12676.0,series.ar.bcra.fx_deposits_private_sector,108
2016-08-26,12682.0,series.ar.bcra.fx_deposits_private_sector,108
2016-08-29,12735.0,series.ar.bcra.fx_deposits_private_sector,108
2016-08-30,12763.0,series.ar.bcra.fx_deposits_private_sector,108
2016-08-31,12690.0,series.ar.bcra.fx_deposits_private_sector,108
2016-09-01,12726.0,series.ar.bcra.fx_deposits_private_sector,108
2016-09-02,12777.0,series.ar.bcra.fx_deposits_private_sector,108
2016-09-05,12771.0,series.ar.bcra.fx_deposits_private_sector,108
2016-09-06,12775.0,series.ar.bcra.fx_deposits_private_sector,108
2016-09-07,12808.0,series.ar.bcra.fx_deposits_private_sector,108
2016-09-08,12811.0,series.ar.bcra.fx_deposits_private_sector,108
2016-09-09,12850.0,series.ar.bcra.fx_deposits_private_sector,108
2016-09-12,12879.0,series.ar.bcra.fx_deposits_private_sector,108
2016-09-13,12905.0,series.ar.bcra.fx_deposits_private_sector,108
2016-09-14,12903.0,series.ar.bcra.fx_deposits_private_sector,108
2016-09-15,12906.0,series.ar.bcra.fx_deposits_private_sector,108
2016-09-16,12937.0,series.ar.bcra.fx_deposits_private_sector,108
2016-09-19,13007.0,series.ar.bcra.fx_deposits_private_sector,108
2016-09-20,13016.0,series.ar.bcra.fx_deposits_private_sector,108
2016-09-21,13056.0,series.ar.bcra.fx_deposits_private_sector,108
2016-09-22,13082.0,series.ar.bcra.fx_deposits_private_sector,108
2016-09-23,13105.0,series.ar.bcra.fx_deposits_private_sector,108
2016-09-26,13120.0,series.ar.bcra.fx_deposits_private_sector,108
2016-09-27,13115.0,series.ar.bcra.fx_deposits_private_sector,108
2016-09-28,13117.0,series.ar.bcra.fx_deposits_private_sector,108
2016-09-29,13154.0,series.ar.bcra.fx_deposits_private_sector,108
2016-09-30,13206.0,series.ar.bcra.fx_deposits_private_sector,108
2016-10-03,13292.0,series.ar.bcra.fx_deposits_private_sector,108
2016-10-04,13321.0,series.ar.bcra.fx_deposits_private_sector,108
2016-10-05,13418.0,series.ar.bcra.fx_deposits_private_sector,108
2016-10-06,13475.0,series.ar.bcra.fx_deposits_private_sector,108
2016-10-07,13577.0,series.ar.bcra.fx_deposits_private_sector,108
2016-10-11,13691.0,series.ar.bcra.fx_deposits_private_sector,108
2016-10-12,13775.0,series.ar.bcra.fx_deposits_private_sector,108
2016-10-13,13924.0,series.ar.bcra.fx_deposits_private_sector,108
2016-10-14,14079.0,series.ar.bcra.fx_deposits_private_sector,108
2016-10-17,14240.0,series.ar.bcra.fx_deposits_private_sector,108
2016-10-18,14400.0,series.ar.bcra.fx_deposits_private_sector,108
2016-10-19,14639.0,series.ar.bcra.fx_deposits_private_sector,108
2016-10-20,14972.0,series.ar.bcra.fx_deposits_private_sector,108
2016-10-21,15307.0,series.ar.bcra.fx_deposits_private_sector,108
2016-10-24,15523.0,series.ar.bcra.fx_deposits_private_sector,108
2016-10-25,15779.0,series.ar.bcra.fx_deposits_private_sector,108
2016-10-26,16028.0,series.ar.bcra.fx_deposits_private_sector,108
2016-10-27,16324.0,series.ar.bcra.fx_deposits_private_sector,108
2016-10-28,16403.0,series.ar.bcra.fx_deposits_private_sector,108
2016-10-31,16691.0,series.ar.bcra.fx_deposits_private_sector,108
2016-11-01,16552.0,series.ar.bcra.fx_deposits_private_sector,108
2016-11-02,16690.0,series.ar.bcra.fx_deposits_private_sector,108
2016-11-03,16831.0,series.ar.bcra.fx_deposits_private_sector,108
2016-11-04,16999.0,series.ar.bcra.fx_deposits_private_sector,108
2016-11-07,17664.0,series.ar.bcra.fx_deposits_private_sector,108
2016-11-08,17639.0,series.ar.bcra.fx_deposits_private_sector,108
2016-11-09,17844.0,series.ar.bcra.fx_deposits_private_sector,108
2016-11-10,17984.0,series.ar.bcra.fx_deposits_private_sector,108
2016-11-11,18225.0,series.ar.bcra.fx_deposits_private_sector,108
2016-11-14,18409.0,series.ar.bcra.fx_deposits_private_sector,108
2016-11-15,18718.0,series.ar.bcra.fx_deposits_private_sector,108
2016-11-16,19097.0,series.ar.bcra.fx_deposits_private_sector,108
2016-11-17,19604.0,series.ar.bcra.fx_deposits_private_sector,108
2016-11-18,20114.0,series.ar.bcra.fx_deposits_private_sector,108
2016-11-21,20509.0,series.ar.bcra.fx_deposits_private_sector,108
2016-11-22,20537.0,series.ar.bcra.fx_deposits_private_sector,108
2016-11-23,20552.0,series.ar.bcra.fx_deposits_private_sector,108
2016-11-24,20571.0,series.ar.bcra.fx_deposits_private_sector,108
2016-11-25,20605.0,series.ar.bcra.fx_deposits_private_sector,108
2016-11-29,20635.0,series.ar.bcra.fx_deposits_private_sector,108
2016-11-30,20792.0,series.ar.bcra.fx_deposits_private_sector,108
2016-12-01,20858.0,series.ar.bcra.fx_deposits_private_sector,108
2016-12-02,20924.0,series.ar.bcra.fx_deposits_private_sector,108
2016-12-05,21010.0,series.ar.bcra.fx_deposits_private_sector,108
2016-12-06,21073.0,series.ar.bcra.fx_deposits_private_sector,108
2016-12-07,21183.0,series.ar.bcra.fx_deposits_private_sector,108
2016-12-12,21245.0,series.ar.bcra.fx_deposits_private_sector,108
2016-12-13,21283.0,series.ar.bcra.fx_deposits_private_sector,108
2016-12-14,21314.0,series.ar.bcra.fx_deposits_private_sector,108
2016-12-15,21399.0,series.ar.bcra.fx_deposits_private_sector,108
2016-12-16,21476.0,series.ar.bcra.fx_deposits_private_sector,108
2016-12-19,21521.0,series.ar.bcra.fx_deposits_private_sector,108
2016-12-20,21562.0,series.ar.bcra.fx_deposits_private_sector,108
2016-12-21,21633.0,series.ar.bcra.fx_deposits_private_sector,108
2016-12-22,21634.0,series.ar.bcra.fx_deposits_private_sector,108
2016-12-23,21756.0,series.ar.bcra.fx_deposits_private_sector,108
2016-12-26,21885.0,series.ar.bcra.fx_deposits_private_sector,108
2016-12-27,21991.0,series.ar.bcra.fx_deposits_private_sector,108
2016-12-28,22174.0,series.ar.bcra.fx_deposits_private_sector,108
2016-12-29,22354.0,series.ar.bcra.fx_deposits_private_sector,108
2016-12-30,22464.0,series.ar.bcra.fx_deposits_private_sector,108
2017-01-02,22509.0,series.ar.bcra.fx_deposits_private_sector,108
2017-01-03,22554.0,series.ar.bcra.fx_deposits_private_sector,108
2017-01-04,22581.0,series.ar.bcra.fx_deposits_private_sector,108
2017-01-05,22614.0,series.ar.bcra.fx_deposits_private_sector,108
2017-01-06,22661.0,series.ar.bcra.fx_deposits_private_sector,108
2017-01-09,22706.0,series.ar.bcra.fx_deposits_private_sector,108
2017-01-10,22725.0,series.ar.bcra.fx_deposits_private_sector,108
2017-01-11,22695.0,series.ar.bcra.fx_deposits_private_sector,108
2017-01-12,22685.0,series.ar.bcra.fx_deposits_private_sector,108
2017-01-13,22727.0,series.ar.bcra.fx_deposits_private_sector,108
2017-01-16,22672.0,series.ar.bcra.fx_deposits_private_sector,108
2017-01-17,22639.0,series.ar.bcra.fx_deposits_private_sector,108
2017-01-18,22632.0,series.ar.bcra.fx_deposits_private_sector,108
2017-01-19,22633.0,series.ar.bcra.fx_deposits_private_sector,108
2017-01-20,22661.0,series.ar.bcra.fx_deposits_private_sector,108
2017-01-23,22659.0,series.ar.bcra.fx_deposits_private_sector,108
2017-01-24,22609.0,series.ar.bcra.fx_deposits_private_sector,108
2017-01-25,22599.0,series.ar.bcra.fx_deposits_private_sector,108
2017-01-26,22575.0,series.ar.bcra.fx_deposits_private_sector,108
2017-01-27,22539.0,series.ar.bcra.fx_deposits_private_sector,108
2017-01-30,22577.0,series.ar.bcra.fx_deposits_private_sector,108
2017-01-31,22561.0,series.ar.bcra.fx_deposits_private_sector,108
2017-02-01,22574.0,series.ar.bcra.fx_deposits_private_sector,108
2017-02-02,22636.0,series.ar.bcra.fx_deposits_private_sector,108
2017-02-03,22665.0,series.ar.bcra.fx_deposits_private_sector,108
2017-02-06,22709.0,series.ar.bcra.fx_deposits_private_sector,108
2017-02-07,22731.0,series.ar.bcra.fx_deposits_private_sector,108
2017-02-08,22764.0,series.ar.bcra.fx_deposits_private_sector,108
2017-02-09,22762.0,series.ar.bcra.fx_deposits_private_sector,108
2017-02-10,22795.0,series.ar.bcra.fx_deposits_private_sector,108
2017-02-13,22886.0,series.ar.bcra.fx_deposits_private_sector,108
2017-02-14,22926.0,series.ar.bcra.fx_deposits_private_sector,108
2017-02-15,22929.0,series.ar.bcra.fx_deposits_private_sector,108
2017-02-16,22947.0,series.ar.bcra.fx_deposits_private_sector,108
2017-02-17,23006.0,series.ar.bcra.fx_deposits_private_sector,108
2017-02-20,22903.0,series.ar.bcra.fx_deposits_private_sector,108
2017-02-21,22934.0,series.ar.bcra.fx_deposits_private_sector,108
2017-02-22,22951.0,series.ar.bcra.fx_deposits_private_sector,108
2017-02-23,22955.0,series.ar.bcra.fx_deposits_private_sector,108
2017-02-24,22977.0,series.ar.bcra.fx_deposits_private_sector,108
2017-03-01,23023.0,series.ar.bcra.fx_deposits_private_sector,108
2017-03-02,23109.0,series.ar.bcra.fx_deposits_private_sector,108
2017-03-03,23115.0,series.ar.bcra.fx_deposits_private_sector,108
2017-03-06,23212.0,series.ar.bcra.fx_deposits_private_sector,108
2017-03-07,23248.0,series.ar.bcra.fx_deposits_private_sector,108
2017-03-08,23223.0,series.ar.bcra.fx_deposits_private_sector,108
2017-03-09,23210.0,series.ar.bcra.fx_deposits_private_sector,108
2017-03-10,23264.0,series.ar.bcra.fx_deposits_private_sector,108
2017-03-13,23398.0,series.ar.bcra.fx_deposits_private_sector,108
2017-03-14,23401.0,series.ar.bcra.fx_deposits_private_sector,108
2017-03-15,23450.0,series.ar.bcra.fx_deposits_private_sector,108
2017-03-16,23415.0,series.ar.bcra.fx_deposits_private_sector,108
2017-03-17,23415.0,series.ar.bcra.fx_deposits_private_sector,108
2017-03-20,23563.0,series.ar.bcra.fx_deposits_private_sector,108
2017-03-21,23518.0,series.ar.bcra.fx_deposits_private_sector,108
2017-03-22,23457.0,series.ar.bcra.fx_deposits_private_sector,108
2017-03-23,23435.0,series.ar.bcra.fx_deposits_private_sector,108
2017-03-27,23331.0,series.ar.bcra.fx_deposits_private_sector,108
2017-03-28,23326.0,series.ar.bcra.fx_deposits_private_sector,108
2017-03-29,23275.0,series.ar.bcra.fx_deposits_private_sector,108
2017-03-30,23292.0,series.ar.bcra.fx_deposits_private_sector,108
2017-03-31,23368.0,series.ar.bcra.fx_deposits_private_sector,108
2017-04-03,23504.0,series.ar.bcra.fx_deposits_private_sector,108
2017-04-04,23535.0,series.ar.bcra.fx_deposits_private_sector,108
2017-04-05,23527.0,series.ar.bcra.fx_deposits_private_sector,108
2017-04-06,23485.0,series.ar.bcra.fx_deposits_private_sector,108
2017-04-07,23474.0,series.ar.bcra.fx_deposits_private_sector,108
2017-04-10,23504.0,series.ar.bcra.fx_deposits_private_sector,108
2017-04-11,23497.0,series.ar.bcra.fx_deposits_private_sector,108
2017-04-12,23539.0,series.ar.bcra.fx_deposits_private_sector,108
2017-04-17,24713.0,series.ar.bcra.fx_deposits_private_sector,108
2017-04-18,24788.0,series.ar.bcra.fx_deposits_private_sector,108
2017-04-19,24731.0,series.ar.bcra.fx_deposits_private_sector,108
2017-04-20,24768.0,series.ar.bcra.fx_deposits_private_sector,108
2017-04-21,24699.0,series.ar.bcra.fx_deposits_private_sector,108
2017-04-24,24644.0,series.ar.bcra.fx_deposits_private_sector,108
2017-04-25,24557.0,series.ar.bcra.fx_deposits_private_sector,108
2017-04-26,24524.0,series.ar.bcra.fx_deposits_private_sector,108
2017-04-27,24413.0,series.ar.bcra.fx_deposits_private_sector,108
2017-04-28,24262.0,series.ar.bcra.fx_deposits_private_sector,108
2017-05-02,24263.0,series.ar.bcra.fx_deposits_private_sector,108
2017-05-03,24218.0,series.ar.bcra.fx_deposits_private_sector,108
2017-05-04,24198.0,series.ar.bcra.fx_deposits_private_sector,108
2017-05-05,24151.0,series.ar.bcra.fx_deposits_private_sector,108
2017-05-08,24182.0,series.ar.bcra.fx_deposits_private_sector,108
2017-05-09,24206.0,series.ar.bcra.fx_deposits_private_sector,108
2017-05-10,24133.0,series.ar.bcra.fx_deposits_private_sector,108
2017-05-11,24102.0,series.ar.bcra.fx_deposits_private_sector,108
2017-05-12,23755.0,series.ar.bcra.fx_deposits_private_sector,108
2017-05-15,23660.0,series.ar.bcra.fx_deposits_private_sector,108
2017-05-16,23604.0,series.ar.bcra.fx_deposits_private_sector,108
2017-05-17,23524.0,series.ar.bcra.fx_deposits_private_sector,108
2017-05-18,23442.0,series.ar.bcra.fx_deposits_private_sector,108
2017-05-19,23392.0,series.ar.bcra.fx_deposits_private_sector,108
2017-05-22,23359.0,series.ar.bcra.fx_deposits_private_sector,108
2017-05-23,23325.0,series.ar.bcra.fx_deposits_private_sector,108
2017-05-24,23305.0,series.ar.bcra.fx_deposits_private_sector,108
2017-05-26,23535.0,series.ar.bcra.fx_deposits_private_sector,108
2017-05-29,23167.0,series.ar.bcra.fx_deposits_private_sector,108
2017-05-30,23101.0,series.ar.bcra.fx_deposits_private_sector,108
2017-05-31,23091.0,series.ar.bcra.fx_deposits_private_sector,108
2017-06-01,23120.0,series.ar.bcra.fx_deposits_private_sector,108
2017-06-02,23090.0,series.ar.bcra.fx_deposits_private_sector,108
2017-06-05,23239.0,series.ar.bcra.fx_deposits_private_sector,108
2017-06-06,23264.0,series.ar.bcra.fx_deposits_private_sector,108
2017-06-07,23212.0,series.ar.bcra.fx_deposits_private_sector,108
2017-06-08,23211.0,series.ar.bcra.fx_deposits_private_sector,108
2017-06-09,23205.0,series.ar.bcra.fx_deposits_private_sector,108
2017-06-12,23157.0,series.ar.bcra.fx_deposits_private_sector,108
2017-06-13,23111.0,series.ar.bcra.fx_deposits_private_sector,108
2017-06-14,23384.0,series.ar.bcra.fx_deposits_private_sector,108
2017-06-15,23044.0,series.ar.bcra.fx_deposits_private_sector,108
2017-06-16,22816.0,series.ar.bcra.fx_deposits_private_sector,108
2017-06-19,22850.0,series.ar.bcra.fx_deposits_private_sector,108
2017-06-21,22774.0,series.ar.bcra.fx_deposits_private_sector,108
2017-06-22,22770.0,series.ar.bcra.fx_deposits_private_sector,108
2017-06-23,22814.0,series.ar.bcra.fx_deposits_private_sector,108
2017-06-26,22842.0,series.ar.bcra.fx_deposits_private_sector,108
2017-06-27,22774.0,series.ar.bcra.fx_deposits_private_sector,108
2017-06-28,22795.0,series.ar.bcra.fx_deposits_private_sector,108
2017-06-29,22727.0,series.ar.bcra.fx_deposits_private_sector,108
2017-06-30,22704.0,series.ar.bcra.fx_deposits_private_sector,108
2017-07-03,22794.0,series.ar.bcra.fx_deposits_private_sector,108
2017-07-04,22842.0,series.ar.bcra.fx_deposits_private_sector,108
2017-07-05,22871.0,series.ar.bcra.fx_deposits_private_sector,108
2017-07-06,22927.0,series.ar.bcra.fx_deposits_private_sector,108
2017-07-07,22955.0,series.ar.bcra.fx_deposits_private_sector,108
2017-07-10,22967.0,series.ar.bcra.fx_deposits_private_sector,108
2017-07-11,23006.0,series.ar.bcra.fx_deposits_private_sector,108
2017-07-12,23057.0,series.ar.bcra.fx_deposits_private_sector,108
2017-07-13,23061.0,series.ar.bcra.fx_deposits_private_sector,108
2017-07-14,23131.0,series.ar.bcra.fx_deposits_private_sector,108
2017-07-17,23391.0,series.ar.bcra.fx_deposits_private_sector,108
2017-07-18,23403.0,series.ar.bcra.fx_deposits_private_sector,108
2017-07-19,23368.0,series.ar.bcra.fx_deposits_private_sector,108
2017-07-20,23386.0,series.ar.bcra.fx_deposits_private_sector,108
2017-07-21,23438.0,series.ar.bcra.fx_deposits_private_sector,108
2017-07-24,23403.0,series.ar.bcra.fx_deposits_private_sector,108
2017-07-25,23441.0,series.ar.bcra.fx_deposits_private_sector,108
2017-07-26,23518.0,series.ar.bcra.fx_deposits_private_sector,108
2017-07-27,23555.0,series.ar.bcra.fx_deposits_private_sector,108
2017-07-28,23398.0,series.ar.bcra.fx_deposits_private_sector,108
2017-07-31,23432.0,series.ar.bcra.fx_deposits_private_sector,108
2017-08-01,23464.0,series.ar.bcra.fx_deposits_private_sector,108
2017-08-02,23549.0,series.ar.bcra.fx_deposits_private_sector,108
2017-08-03,23541.0,series.ar.bcra.fx_deposits_private_sector,108
2017-08-04,23625.0,series.ar.bcra.fx_deposits_private_sector,108
2017-08-07,23688.0,series.ar.bcra.fx_deposits_private_sector,108
2017-08-08,23724.0,series.ar.bcra.fx_deposits_private_sector,108
2017-08-09,23756.0,series.ar.bcra.fx_deposits_private_sector,108
2017-08-10,23854.0,series.ar.bcra.fx_deposits_private_sector,108
2017-08-11,23926.0,series.ar.bcra.fx_deposits_private_sector,108
2017-08-14,23978.0,series.ar.bcra.fx_deposits_private_sector,108
2017-08-15,24084.0,series.ar.bcra.fx_deposits_private_sector,108
2017-08-16,24058.0,series.ar.bcra.fx_deposits_private_sector,108
2017-08-17,24097.0,series.ar.bcra.fx_deposits_private_sector,108
2017-08-18,24085.0,series.ar.bcra.fx_deposits_private_sector,108
2017-08-22,24157.0,series.ar.bcra.fx_deposits_private_sector,108
2017-08-23,24081.0,series.ar.bcra.fx_deposits_private_sector,108
2017-08-24,24076.0,series.ar.bcra.fx_deposits_private_sector,108
2017-08-25,24150.0,series.ar.bcra.fx_deposits_private_sector,108
2017-08-28,24164.0,series.ar.bcra.fx_deposits_private_sector,108
2017-08-29,24140.0,series.ar.bcra.fx_deposits_private_sector,108
2017-08-30,24130.0,series.ar.bcra.fx_deposits_private_sector,108
2017-08-31,24074.0,series.ar.bcra.fx_deposits_private_sector,108
2017-09-01,24107.0,series.ar.bcra.fx_deposits_private_sector,108
2017-09-04,24112.0,series.ar.bcra.fx_deposits_private_sector,108
2017-09-05,24106.0,series.ar.bcra.fx_deposits_private_sector,108
2017-09-06,24108.0,series.ar.bcra.fx_deposits_private_sector,108
2017-09-07,24127.0,series.ar.bcra.fx_deposits_private_sector,108
2017-09-08,24128.0,series.ar.bcra.fx_deposits_private_sector,108
2017-09-11,24192.0,series.ar.bcra.fx_deposits_private_sector,108
2017-09-12,24181.0,series.ar.bcra.fx_deposits_private_sector,108
2017-09-13,24193.0,series.ar.bcra.fx_deposits_private_sector,108
2017-09-14,24225.0,series.ar.bcra.fx_deposits_private_sector,108
2017-09-15,24443.0,series.ar.bcra.fx_deposits_private_sector,108
2017-09-18,24443.0,series.ar.bcra.fx_deposits_private_sector,108
2017-09-19,24458.0,series.ar.bcra.fx_deposits_private_sector,108
2017-09-20,24419.0,series.ar.bcra.fx_deposits_private_sector,108
2017-09-21,24445.0,series.ar.bcra.fx_deposits_private_sector,108
2017-09-22,24379.0,series.ar.bcra.fx_deposits_private_sector,108
2017-09-25,24366.0,series.ar.bcra.fx_deposits_private_sector,108
2017-09-26,24318.0,series.ar.bcra.fx_deposits_private_sector,108
2017-09-27,24324.0,series.ar.bcra.fx_deposits_private_sector,108
2017-09-28,24307.0,series.ar.bcra.fx_deposits_private_sector,108
2017-09-29,24418.0,series.ar.bcra.fx_deposits_private_sector,108
2017-10-02,24461.0,series.ar.bcra.fx_deposits_private_sector,108
2017-10-03,24383.0,series.ar.bcra.fx_deposits_private_sector,108
2017-10-04,24448.0,series.ar.bcra.fx_deposits_private_sector,108
2017-10-05,24448.0,series.ar.bcra.fx_deposits_private_sector,108
2017-10-06,24471.0,series.ar.bcra.fx_deposits_private_sector,108
2017-10-09,24477.0,series.ar.bcra.fx_deposits_private_sector,108
2017-10-10,24550.0,series.ar.bcra.fx_deposits_private_sector,108
2017-10-11,24514.0,series.ar.bcra.fx_deposits_private_sector,108
2017-10-12,24431.0,series.ar.bcra.fx_deposits_private_sector,108
2017-10-13,24444.0,series.ar.bcra.fx_deposits_private_sector,108
2017-10-17,24492.0,series.ar.bcra.fx_deposits_private_sector,108
2017-10-18,24551.0,series.ar.bcra.fx_deposits_private_sector,108
2017-10-19,24590.0,series.ar.bcra.fx_deposits_private_sector,108
2017-10-20,24632.0,series.ar.bcra.fx_deposits_private_sector,108
2017-10-23,24654.0,series.ar.bcra.fx_deposits_private_sector,108
2017-10-24,24650.0,series.ar.bcra.fx_deposits_private_sector,108
2017-10-25,24613.0,series.ar.bcra.fx_deposits_private_sector,108
2017-10-26,24593.0,series.ar.bcra.fx_deposits_private_sector,108
2017-10-27,24590.0,series.ar.bcra.fx_deposits_private_sector,108
2017-10-30,24632.0,series.ar.bcra.fx_deposits_private_sector,108
2017-10-31,24658.0,series.ar.bcra.fx_deposits_private_sector,108
2017-11-01,24704.0,series.ar.bcra.fx_deposits_private_sector,108
2017-11-02,24753.0,series.ar.bcra.fx_deposits_private_sector,108
2017-11-03,24824.0,series.ar.bcra.fx_deposits_private_sector,108
2017-11-07,24868.0,series.ar.bcra.fx_deposits_private_sector,108
2017-11-08,24861.0,series.ar.bcra.fx_deposits_private_sector,108
2017-11-09,24887.0,series.ar.bcra.fx_deposits_private_sector,108
2017-11-10,24947.0,series.ar.bcra.fx_deposits_private_sector,108
2017-11-13,24900.0,series.ar.bcra.fx_deposits_private_sector,108
2017-11-14,24867.0,series.ar.bcra.fx_deposits_private_sector,108
2017-11-15,24891.0,series.ar.bcra.fx_deposits_private_sector,108
2017-11-16,24877.0,series.ar.bcra.fx_deposits_private_sector,108
2017-11-17,24870.0,series.ar.bcra.fx_deposits_private_sector,108
2017-11-21,24859.0,series.ar.bcra.fx_deposits_private_sector,108
2017-11-22,25284.0,series.ar.bcra.fx_deposits_private_sector,108
2017-11-23,25282.0,series.ar.bcra.fx_deposits_private_sector,108
2017-11-24,25230.0,series.ar.bcra.fx_deposits_private_sector,108
2017-11-27,24892.0,series.ar.bcra.fx_deposits_private_sector,108
2017-11-28,24930.0,series.ar.bcra.fx_deposits_private_sector,108
2017-11-29,25019.0,series.ar.bcra.fx_deposits_private_sector,108
2017-11-30,25155.0,series.ar.bcra.fx_deposits_private_sector,108
2017-12-01,25157.0,series.ar.bcra.fx_deposits_private_sector,108
2017-12-04,25168.0,series.ar.bcra.fx_deposits_private_sector,108
2017-12-05,25193.0,series.ar.bcra.fx_deposits_private_sector,108
2017-12-06,25207.0,series.ar.bcra.fx_deposits_private_sector,108
2017-12-07,25244.0,series.ar.bcra.fx_deposits_private_sector,108
2017-12-11,25316.0,series.ar.bcra.fx_deposits_private_sector,108
2017-12-12,25349.0,series.ar.bcra.fx_deposits_private_sector,108
2017-12-13,25361.0,series.ar.bcra.fx_deposits_private_sector,108
2017-12-14,25423.0,series.ar.bcra.fx_deposits_private_sector,108
2017-12-15,25639.0,series.ar.bcra.fx_deposits_private_sector,108
2017-12-18,25737.0,series.ar.bcra.fx_deposits_private_sector,108
2017-12-19,25803.0,series.ar.bcra.fx_deposits_private_sector,108
2017-12-20,25822.0,series.ar.bcra.fx_deposits_private_sector,108
2017-12-21,25933.0,series.ar.bcra.fx_deposits_private_sector,108
2017-12-22,26095.0,series.ar.bcra.fx_deposits_private_sector,108
2017-12-26,26179.0,series.ar.bcra.fx_deposits_private_sector,108
2017-12-27,26359.0,series.ar.bcra.fx_deposits_private_sector,108
2017-12-28,26471.0,series.ar.bcra.fx_deposits_private_sector,108
2017-12-29,26428.0,series.ar.bcra.fx_deposits_private_sector,108
2018-01-02,26452.0,series.ar.bcra.fx_deposits_private_sector,108
2018-01-03,26359.0,series.ar.bcra.fx_deposits_private_sector,108
2018-01-04,26254.0,series.ar.bcra.fx_deposits_private_sector,108
2018-01-05,26146.0,series.ar.bcra.fx_deposits_private_sector,108
2018-01-08,26042.0,series.ar.bcra.fx_deposits_private_sector,108
2018-01-09,25996.0,series.ar.bcra.fx_deposits_private_sector,108
2018-01-10,25821.0,series.ar.bcra.fx_deposits_private_sector,108
2018-01-11,25904.0,series.ar.bcra.fx_deposits_private_sector,108
2018-01-12,25796.0,series.ar.bcra.fx_deposits_private_sector,108
2018-01-15,25819.0,series.ar.bcra.fx_deposits_private_sector,108
2018-01-16,25775.0,series.ar.bcra.fx_deposits_private_sector,108
2018-01-17,25706.0,series.ar.bcra.fx_deposits_private_sector,108
2018-01-18,25720.0,series.ar.bcra.fx_deposits_private_sector,108
2018-01-19,25705.0,series.ar.bcra.fx_deposits_private_sector,108
2018-01-22,25653.0,series.ar.bcra.fx_deposits_private_sector,108
2018-01-23,25655.0,series.ar.bcra.fx_deposits_private_sector,108
2018-01-24,25596.0,series.ar.bcra.fx_deposits_private_sector,108
2018-01-25,25577.0,series.ar.bcra.fx_deposits_private_sector,108
2018-01-26,25448.0,series.ar.bcra.fx_deposits_private_sector,108
2018-01-29,25399.0,series.ar.bcra.fx_deposits_private_sector,108
2018-01-30,25406.0,series.ar.bcra.fx_deposits_private_sector,108
2018-01-31,25389.0,series.ar.bcra.fx_deposits_private_sector,108
2018-02-01,25465.0,series.ar.bcra.fx_deposits_private_sector,108
2018-02-02,25449.0,series.ar.bcra.fx_deposits_private_sector,108
2018-02-05,25424.0,series.ar.bcra.fx_deposits_private_sector,108
2018-02-06,25448.0,series.ar.bcra.fx_deposits_private_sector,108
2018-02-07,25520.0,series.ar.bcra.fx_deposits_private_sector,108
2018-02-08,25390.0,series.ar.bcra.fx_deposits_private_sector,108
2018-02-09,25485.0,series.ar.bcra.fx_deposits_private_sector,108
2018-02-14,25510.0,series.ar.bcra.fx_deposits_private_sector,108
2018-02-15,25468.0,series.ar.bcra.fx_deposits_private_sector,108
2018-02-16,25537.0,series.ar.bcra.fx_deposits_private_sector,108
2018-02-19,25592.0,series.ar.bcra.fx_deposits_private_sector,108
2018-02-20,25601.0,series.ar.bcra.fx_deposits_private_sector,108
2018-02-21,25686.0,series.ar.bcra.fx_deposits_private_sector,108
2018-02-22,25615.0,series.ar.bcra.fx_deposits_private_sector,108
2018-02-23,25596.0,series.ar.bcra.fx_deposits_private_sector,108
2018-02-26,25628.0,series.ar.bcra.fx_deposits_private_sector,108
2018-02-27,25636.0,series.ar.bcra.fx_deposits_private_sector,108
2018-02-28,25615.0,series.ar.bcra.fx_deposits_private_sector,108
2018-03-01,25698.0,series.ar.bcra.fx_deposits_private_sector,108
2018-03-02,25727.0,series.ar.bcra.fx_deposits_private_sector,108
2018-03-05,25794.0,series.ar.bcra.fx_deposits_private_sector,108
2018-03-06,25823.0,series.ar.bcra.fx_deposits_private_sector,108
2018-03-07,25793.0,series.ar.bcra.fx_deposits_private_sector,108
2018-03-08,25769.0,series.ar.bcra.fx_deposits_private_sector,108
2018-03-09,25826.0,series.ar.bcra.fx_deposits_private_sector,108
2018-03-12,25903.0,series.ar.bcra.fx_deposits_private_sector,108
2018-03-13,25930.0,series.ar.bcra.fx_deposits_private_sector,108
2018-03-14,25921.0,series.ar.bcra.fx_deposits_private_sector,108
2018-03-15,25887.0,series.ar.bcra.fx_deposits_private_sector,108
2018-03-16,25937.0,series.ar.bcra.fx_deposits_private_sector,108
2018-03-19,25966.0,series.ar.bcra.fx_deposits_private_sector,108
2018-03-20,25963.0,series.ar.bcra.fx_deposits_private_sector,108
2018-03-21,25939.0,series.ar.bcra.fx_deposits_private_sector,108
2018-03-22,25938.0,series.ar.bcra.fx_deposits_private_sector,108
2018-03-23,25911.0,series.ar.bcra.fx_deposits_private_sector,108
2018-03-26,25994.0,series.ar.bcra.fx_deposits_private_sector,108
2018-03-27,25980.0,series.ar.bcra.fx_deposits_private_sector,108
2018-03-28,25995.0,series.ar.bcra.fx_deposits_private_sector,108
2018-04-03,26114.0,series.ar.bcra.fx_deposits_private_sector,108
2018-04-04,26149.0,series.ar.bcra.fx_deposits_private_sector,108
2018-04-05,26157.0,series.ar.bcra.fx_deposits_private_sector,108
2018-04-06,26202.0,series.ar.bcra.fx_deposits_private_sector,108
2018-04-09,26219.0,series.ar.bcra.fx_deposits_private_sector,108
2018-04-10,26206.0,series.ar.bcra.fx_deposits_private_sector,108
2018-04-11,26184.0,series.ar.bcra.fx_deposits_private_sector,108
2018-04-12,26184.0,series.ar.bcra.fx_deposits_private_sector,108
2018-04-13,26107.0,series.ar.bcra.fx_deposits_private_sector,108
2018-04-16,26112.0,series.ar.bcra.fx_deposits_private_sector,108
2018-04-17,26146.0,series.ar.bcra.fx_deposits_private_sector,108
2018-04-18,26150.0,series.ar.bcra.fx_deposits_private_sector,108
2018-04-19,26128.0,series.ar.bcra.fx_deposits_private_sector,108
2018-04-20,26114.0,series.ar.bcra.fx_deposits_private_sector,108
2018-04-23,26109.0,series.ar.bcra.fx_deposits_private_sector,108
2018-04-24,26171.0,series.ar.bcra.fx_deposits_private_sector,108
2018-04-25,26237.0,series.ar.bcra.fx_deposits_private_sector,108
2018-04-26,26360.0,series.ar.bcra.fx_deposits_private_sector,108
2018-04-27,26477.0,series.ar.bcra.fx_deposits_private_sector,108
2018-05-02,26566.0,series.ar.bcra.fx_deposits_private_sector,108
2018-05-03,26523.0,series.ar.bcra.fx_deposits_private_sector,108
2018-05-04,26409.0,series.ar.bcra.fx_deposits_private_sector,108
2018-05-07,26429.0,series.ar.bcra.fx_deposits_private_sector,108
2018-05-08,26362.0,series.ar.bcra.fx_deposits_private_sector,108
2018-05-09,26277.0,series.ar.bcra.fx_deposits_private_sector,108
2018-05-10,26257.0,series.ar.bcra.fx_deposits_private_sector,108
2018-05-11,26463.0,series.ar.bcra.fx_deposits_private_sector,108
2018-05-14,26420.0,series.ar.bcra.fx_deposits_private_sector,108
2018-05-15,26273.0,series.ar.bcra.fx_deposits_private_sector,108
2018-05-16,26231.0,series.ar.bcra.fx_deposits_private_sector,108
2018-05-17,26099.0,series.ar.bcra.fx_deposits_private_sector,108
2018-05-18,25986.0,series.ar.bcra.fx_deposits_private_sector,108
2018-05-21,25932.0,series.ar.bcra.fx_deposits_private_sector,108
2018-05-22,25878.0,series.ar.bcra.fx_deposits_private_sector,108
2018-05-23,25849.0,series.ar.bcra.fx_deposits_private_sector,108
2018-05-24,25831.0,series.ar.bcra.fx_deposits_private_sector,108
2018-05-28,25759.0,series.ar.bcra.fx_deposits_private_sector,108
2018-05-29,25749.0,series.ar.bcra.fx_deposits_private_sector,108
2018-05-30,25773.0,series.ar.bcra.fx_deposits_private_sector,108
2018-05-31,25819.0,series.ar.bcra.fx_deposits_private_sector,108
2018-06-01,25941.0,series.ar.bcra.fx_deposits_private_sector,108
2018-06-04,25991.0,series.ar.bcra.fx_deposits_private_sector,108
2018-06-05,26068.0,series.ar.bcra.fx_deposits_private_sector,108
2018-06-06,26054.0,series.ar.bcra.fx_deposits_private_sector,108
2018-06-07,26044.0,series.ar.bcra.fx_deposits_private_sector,108
2018-06-08,26112.0,series.ar.bcra.fx_deposits_private_sector,108
2018-06-11,26134.0,series.ar.bcra.fx_deposits_private_sector,108
2018-06-12,26210.0,series.ar.bcra.fx_deposits_private_sector,108
2018-06-13,26158.0,series.ar.bcra.fx_deposits_private_sector,108
2018-06-14,26170.0,series.ar.bcra.fx_deposits_private_sector,108
2018-06-15,26230.0,series.ar.bcra.fx_deposits_private_sector,108
2018-06-18,26238.0,series.ar.bcra.fx_deposits_private_sector,108
2018-06-19,26164.0,series.ar.bcra.fx_deposits_private_sector,108
2018-06-21,26209.0,series.ar.bcra.fx_deposits_private_sector,108
2018-06-22,26297.0,series.ar.bcra.fx_deposits_private_sector,108
2018-06-25,26379.0,series.ar.bcra.fx_deposits_private_sector,108
2018-06-26,26396.0,series.ar.bcra.fx_deposits_private_sector,108
2018-06-27,26393.0,series.ar.bcra.fx_deposits_private_sector,108
2018-06-28,26452.0,series.ar.bcra.fx_deposits_private_sector,108
2018-06-29,26633.0,series.ar.bcra.fx_deposits_private_sector,108
2018-07-02,26769.0,series.ar.bcra.fx_deposits_private_sector,108
2018-07-03,26931.0,series.ar.bcra.fx_deposits_private_sector,108
2018-07-04,27073.0,series.ar.bcra.fx_deposits_private_sector,108
2018-07-05,27137.0,series.ar.bcra.fx_deposits_private_sector,108
2018-07-06,27207.0,series.ar.bcra.fx_deposits_private_sector,108
2018-07-10,27230.0,series.ar.bcra.fx_deposits_private_sector,108
2018-07-11,27243.0,series.ar.bcra.fx_deposits_private_sector,108
2018-07-12,27225.0,series.ar.bcra.fx_deposits_private_sector,108
2018-07-13,27461.0,series.ar.bcra.fx_deposits_private_sector,108
2018-07-16,27487.0,series.ar.bcra.fx_deposits_private_sector,108
2018-07-17,27494.0,series.ar.bcra.fx_deposits_private_sector,108
2018-07-18,27503.0,series.ar.bcra.fx_deposits_private_sector,108
2018-07-19,27521.0,series.ar.bcra.fx_deposits_private_sector,108
2018-07-20,27532.0,series.ar.bcra.fx_deposits_private_sector,108
2018-07-23,27555.0,series.ar.bcra.fx_deposits_private_sector,108
2018-07-24,27531.0,series.ar.bcra.fx_deposits_private_sector,108
2018-07-25,27479.0,series.ar.bcra.fx_deposits_private_sector,108
2018-07-26,27468.0,series.ar.bcra.fx_deposits_private_sector,108
2018-07-27,27511.0,series.ar.bcra.fx_deposits_private_sector,108
2018-07-30,27562.0,series.ar.bcra.fx_deposits_private_sector,108
2018-07-31,27102.0,series.ar.bcra.fx_deposits_private_sector,108
2018-08-01,27153.0,series.ar.bcra.fx_deposits_private_sector,108
2018-08-02,27251.0,series.ar.bcra.fx_deposits_private_sector,108
2018-08-03,27353.0,series.ar.bcra.fx_deposits_private_sector,108
2018-08-06,27288.0,series.ar.bcra.fx_deposits_private_sector,108
2018-08-07,27289.0,series.ar.bcra.fx_deposits_private_sector,108
2018-08-08,27243.0,series.ar.bcra.fx_deposits_private_sector,108
2018-08-09,27324.0,series.ar.bcra.fx_deposits_private_sector,108
2018-08-10,27950.0,series.ar.bcra.fx_deposits_private_sector,108
2018-08-13,28018.0,series.ar.bcra.fx_deposits_private_sector,108
2018-08-14,28026.0,series.ar.bcra.fx_deposits_private_sector,108
2018-08-15,28104.0,series.ar.bcra.fx_deposits_private_sector,108
2018-08-16,28221.0,series.ar.bcra.fx_deposits_private_sector,108
2018-08-17,28309.0,series.ar.bcra.fx_deposits_private_sector,108
2018-08-21,28274.0,series.ar.bcra.fx_deposits_private_sector,108
2018-08-22,28296.0,series.ar.bcra.fx_deposits_private_sector,108
2018-08-23,28266.0,series.ar.bcra.fx_deposits_private_sector,108
2018-08-24,28523.0,series.ar.bcra.fx_deposits_private_sector,108
2018-08-27,28585.0,series.ar.bcra.fx_deposits_private_sector,108
2018-08-28,28505.0,series.ar.bcra.fx_deposits_private_sector,108
2018-08-29,28539.0,series.ar.bcra.fx_deposits_private_sector,108
2018-08-30,28309.0,series.ar.bcra.fx_deposits_private_sector,108
2018-08-31,27994.0,series.ar.bcra.fx_deposits_private_sector,108
2018-09-03,27815.0,series.ar.bcra.fx_deposits_private_sector,108
2018-09-04,27552.0,series.ar.bcra.fx_deposits_private_sector,108
2018-09-05,27383.0,series.ar.bcra.fx_deposits_private_sector,108
2018-09-06,27260.0,series.ar.bcra.fx_deposits_private_sector,108
2018-09-07,27162.0,series.ar.bcra.fx_deposits_private_sector,108
2018-09-10,27047.0,series.ar.bcra.fx_deposits_private_sector,108
2018-09-11,26987.0,series.ar.bcra.fx_deposits_private_sector,108
2018-09-12,26952.0,series.ar.bcra.fx_deposits_private_sector,108
2018-09-13,26876.0,series.ar.bcra.fx_deposits_private_sector,108
2018-09-14,26919.0,series.ar.bcra.fx_deposits_private_sector,108
2018-09-17,26921.0,series.ar.bcra.fx_deposits_private_sector,108
2018-09-18,26942.0,series.ar.bcra.fx_deposits_private_sector,108
2018-09-19,27005.0,series.ar.bcra.fx_deposits_private_sector,108
2018-09-20,26996.0,series.ar.bcra.fx_deposits_private_sector,108
2018-09-21,26987.0,series.ar.bcra.fx_deposits_private_sector,108
2018-09-24,27005.0,series.ar.bcra.fx_deposits_private_sector,108
2018-09-25,26964.0,series.ar.bcra.fx_deposits_private_sector,108
2018-09-26,26955.0,series.ar.bcra.fx_deposits_private_sector,108
2018-09-27,26895.0,series.ar.bcra.fx_deposits_private_sector,108
2018-09-28,27021.0,series.ar.bcra.fx_deposits_private_sector,108
2018-10-01,26991.0,series.ar.bcra.fx_deposits_private_sector,108
2018-10-02,27048.0,series.ar.bcra.fx_deposits_private_sector,108
2018-10-03,27065.0,series.ar.bcra.fx_deposits_private_sector,108
2018-10-04,27045.0,series.ar.bcra.fx_deposits_private_sector,108
2018-10-05,27065.0,series.ar.bcra.fx_deposits_private_sector,108
2018-10-08,27079.0,series.ar.bcra.fx_deposits_private_sector,108
2018-10-09,27013.0,series.ar.bcra.fx_deposits_private_sector,108
2018-10-10,26961.0,series.ar.bcra.fx_deposits_private_sector,108
2018-10-11,26952.0,series.ar.bcra.fx_deposits_private_sector,108
2018-10-12,27039.0,series.ar.bcra.fx_deposits_private_sector,108
2018-10-16,27041.0,series.ar.bcra.fx_deposits_private_sector,108
2018-10-17,27212.0,series.ar.bcra.fx_deposits_private_sector,108
2018-10-18,27248.0,series.ar.bcra.fx_deposits_private_sector,108
2018-10-19,27149.0,series.ar.bcra.fx_deposits_private_sector,108
2018-10-22,27104.0,series.ar.bcra.fx_deposits_private_sector,108
2018-10-23,27073.0,series.ar.bcra.fx_deposits_private_sector,108
2018-10-24,27053.0,series.ar.bcra.fx_deposits_private_sector,108
2018-10-25,27037.0,series.ar.bcra.fx_deposits_private_sector,108
2018-10-26,27085.0,series.ar.bcra.fx_deposits_private_sector,108
2018-10-29,27081.0,series.ar.bcra.fx_deposits_private_sector,108
2018-10-30,27184.0,series.ar.bcra.fx_deposits_private_sector,108
2018-10-31,27288.0,series.ar.bcra.fx_deposits_private_sector,108
2018-11-01,27371.0,series.ar.bcra.fx_deposits_private_sector,108
2018-11-02,27353.0,series.ar.bcra.fx_deposits_private_sector,108
2018-11-05,27353.0,series.ar.bcra.fx_deposits_private_sector,108
2018-11-07,27461.0,series.ar.bcra.fx_deposits_private_sector,108
2018-11-08,27548.0,series.ar.bcra.fx_deposits_private_sector,108
2018-11-09,27608.0,series.ar.bcra.fx_deposits_private_sector,108
2018-11-12,27603.0,series.ar.bcra.fx_deposits_private_sector,108
2018-11-13,27592.0,series.ar.bcra.fx_deposits_private_sector,108
2018-11-14,27581.0,series.ar.bcra.fx_deposits_private_sector,108
2018-11-15,27465.0,series.ar.bcra.fx_deposits_private_sector,108
2018-11-16,27513.0,series.ar.bcra.fx_deposits_private_sector,108
2018-11-20,27548.0,series.ar.bcra.fx_deposits_private_sector,108
2018-11-21,27520.0,series.ar.bcra.fx_deposits_private_sector,108
2018-11-22,27511.0,series.ar.bcra.fx_deposits_private_sector,108
2018-11-23,27508.0,series.ar.bcra.fx_deposits_private_sector,108
2018-11-26,27526.0,series.ar.bcra.fx_deposits_private_sector,108
2018-11-27,27505.0,series.ar.bcra.fx_deposits_private_sector,108
2018-11-28,27465.0,series.ar.bcra.fx_deposits_private_sector,108
2018-11-29,27500.0,series.ar.bcra.fx_deposits_private_sector,108
2018-12-03,27736.0,series.ar.bcra.fx_deposits_private_sector,108
2018-12-04,27752.0,series.ar.bcra.fx_deposits_private_sector,108
2018-12-05,27733.0,series.ar.bcra.fx_deposits_private_sector,108
2018-12-06,27763.0,series.ar.bcra.fx_deposits_private_sector,108
2018-12-07,28155.0,series.ar.bcra.fx_deposits_private_sector,108
2018-12-10,28164.0,series.ar.bcra.fx_deposits_private_sector,108
2018-12-11,28184.0,series.ar.bcra.fx_deposits_private_sector,108
2018-12-12,28231.0,series.ar.bcra.fx_deposits_private_sector,108
2018-12-13,28365.0,series.ar.bcra.fx_deposits_private_sector,108
2018-12-14,28492.0,series.ar.bcra.fx_deposits_private_sector,108
2018-12-17,28527.0,series.ar.bcra.fx_deposits_private_sector,108
2018-12-18,28620.0,series.ar.bcra.fx_deposits_private_sector,108
2018-12-19,28706.0,series.ar.bcra.fx_deposits_private_sector,108
2018-12-20,28781.0,series.ar.bcra.fx_deposits_private_sector,108
2018-12-21,28912.0,series.ar.bcra.fx_deposits_private_sector,108
2018-12-26,28999.0,series.ar.bcra.fx_deposits_private_sector,108
2018-12-27,28845.0,series.ar.bcra.fx_deposits_private_sector,108
2018-12-28,28951.0,series.ar.bcra.fx_deposits_private_sector,108
2019-01-02,29086.0,series.ar.bcra.fx_deposits_private_sector,108
2019-01-03,29123.0,series.ar.bcra.fx_deposits_private_sector,108
2019-01-04,29382.0,series.ar.bcra.fx_deposits_private_sector,108
2019-01-07,29419.0,series.ar.bcra.fx_deposits_private_sector,108
2019-01-08,29484.0,series.ar.bcra.fx_deposits_private_sector,108
2019-01-09,29509.0,series.ar.bcra.fx_deposits_private_sector,108
2019-01-10,29492.0,series.ar.bcra.fx_deposits_private_sector,108
2019-01-11,29545.0,series.ar.bcra.fx_deposits_private_sector,108
2019-01-14,29621.0,series.ar.bcra.fx_deposits_private_sector,108
2019-01-15,29671.0,series.ar.bcra.fx_deposits_private_sector,108
2019-01-16,29651.0,series.ar.bcra.fx_deposits_private_sector,108
2019-01-17,29617.0,series.ar.bcra.fx_deposits_private_sector,108
2019-01-18,29563.0,series.ar.bcra.fx_deposits_private_sector,108
2019-01-21,29565.0,series.ar.bcra.fx_deposits_private_sector,108
2019-01-22,29533.0,series.ar.bcra.fx_deposits_private_sector,108
2019-01-23,29555.0,series.ar.bcra.fx_deposits_private_sector,108
2019-01-24,29521.0,series.ar.bcra.fx_deposits_private_sector,108
2019-01-25,29391.0,series.ar.bcra.fx_deposits_private_sector,108
2019-01-28,29429.0,series.ar.bcra.fx_deposits_private_sector,108
2019-01-29,29464.0,series.ar.bcra.fx_deposits_private_sector,108
2019-01-30,29477.0,series.ar.bcra.fx_deposits_private_sector,108
2019-01-31,29527.0,series.ar.bcra.fx_deposits_private_sector,108
2019-02-01,29565.0,series.ar.bcra.fx_deposits_private_sector,108
2019-02-04,29563.0,series.ar.bcra.fx_deposits_private_sector,108
2019-02-05,29598.0,series.ar.bcra.fx_deposits_private_sector,108
2019-02-06,29606.0,series.ar.bcra.fx_deposits_private_sector,108
2019-02-07,29747.0,series.ar.bcra.fx_deposits_private_sector,108
2019-02-08,29819.0,series.ar.bcra.fx_deposits_private_sector,108
2019-02-11,29727.0,series.ar.bcra.fx_deposits_private_sector,108
2019-02-12,29726.0,series.ar.bcra.fx_deposits_private_sector,108
2019-02-13,29769.0,series.ar.bcra.fx_deposits_private_sector,108
2019-02-14,29776.0,series.ar.bcra.fx_deposits_private_sector,108
2019-02-15,29703.0,series.ar.bcra.fx_deposits_private_sector,108
2019-02-18,29626.0,series.ar.bcra.fx_deposits_private_sector,108
2019-02-19,29560.0,series.ar.bcra.fx_deposits_private_sector,108
2019-02-20,29598.0,series.ar.bcra.fx_deposits_private_sector,108
2019-02-21,29673.0,series.ar.bcra.fx_deposits_private_sector,108
2019-02-22,29557.0,series.ar.bcra.fx_deposits_private_sector,108
2019-02-25,29588.0,series.ar.bcra.fx_deposits_private_sector,108
2019-02-26,29654.0,series.ar.bcra.fx_deposits_private_sector,108
2019-02-27,29660.0,series.ar.bcra.fx_deposits_private_sector,108
2019-02-28,29677.0,series.ar.bcra.fx_deposits_private_sector,108
2019-03-01,29709.0,series.ar.bcra.fx_deposits_private_sector,108
2019-03-06,29732.0,series.ar.bcra.fx_deposits_private_sector,108
2019-03-07,29716.0,series.ar.bcra.fx_deposits_private_sector,108
2019-03-08,29769.0,series.ar.bcra.fx_deposits_private_sector,108
2019-03-11,29818.0,series.ar.bcra.fx_deposits_private_sector,108
2019-03-12,29811.0,series.ar.bcra.fx_deposits_private_sector,108
2019-03-13,29960.0,series.ar.bcra.fx_deposits_private_sector,108
2019-03-14,30007.0,series.ar.bcra.fx_deposits_private_sector,108
2019-03-15,29997.0,series.ar.bcra.fx_deposits_private_sector,108
2019-03-18,30059.0,series.ar.bcra.fx_deposits_private_sector,108
2019-03-19,30031.0,series.ar.bcra.fx_deposits_private_sector,108
2019-03-20,30030.0,series.ar.bcra.fx_deposits_private_sector,108
2019-03-21,29938.0,series.ar.bcra.fx_deposits_private_sector,108
2019-03-22,29883.0,series.ar.bcra.fx_deposits_private_sector,108
2019-03-25,29876.0,series.ar.bcra.fx_deposits_private_sector,108
2019-03-26,29824.0,series.ar.bcra.fx_deposits_private_sector,108
2019-03-27,30047.0,series.ar.bcra.fx_deposits_private_sector,108
2019-03-28,29646.0,series.ar.bcra.fx_deposits_private_sector,108
2019-03-29,29828.0,series.ar.bcra.fx_deposits_private_sector,108
2019-04-01,29971.0,series.ar.bcra.fx_deposits_private_sector,108
2019-04-03,29867.0,series.ar.bcra.fx_deposits_private_sector,108
2019-04-04,29811.0,series.ar.bcra.fx_deposits_private_sector,108
2019-04-05,29794.0,series.ar.bcra.fx_deposits_private_sector,108
2019-04-08,29833.0,series.ar.bcra.fx_deposits_private_sector,108
2019-04-09,29834.0,series.ar.bcra.fx_deposits_private_sector,108
2019-04-10,29906.0,series.ar.bcra.fx_deposits_private_sector,108
2019-04-11,29856.0,series.ar.bcra.fx_deposits_private_sector,108
2019-04-12,30052.0,series.ar.bcra.fx_deposits_private_sector,108
2019-04-15,29995.0,series.ar.bcra.fx_deposits_private_sector,108
2019-04-16,30027.0,series.ar.bcra.fx_deposits_private_sector,108
2019-04-17,29924.0,series.ar.bcra.fx_deposits_private_sector,108
2019-04-22,29968.0,series.ar.bcra.fx_deposits_private_sector,108
2019-04-23,30032.0,series.ar.bcra.fx_deposits_private_sector,108
2019-04-24,30029.0,series.ar.bcra.fx_deposits_private_sector,108
2019-04-25,29993.0,series.ar.bcra.fx_deposits_private_sector,108
2019-04-26,30083.0,series.ar.bcra.fx_deposits_private_sector,108
2019-04-29,30086.0,series.ar.bcra.fx_deposits_private_sector,108
2019-04-30,30194.0,series.ar.bcra.fx_deposits_private_sector,108
2019-05-02,30185.0,series.ar.bcra.fx_deposits_private_sector,108
2019-05-03,30191.0,series.ar.bcra.fx_deposits_private_sector,108
2019-05-06,30174.0,series.ar.bcra.fx_deposits_private_sector,108
2019-05-07,30741.0,series.ar.bcra.fx_deposits_private_sector,108
2019-05-08,30911.0,series.ar.bcra.fx_deposits_private_sector,108
2019-05-09,30893.0,series.ar.bcra.fx_deposits_private_sector,108
2019-05-10,30818.0,series.ar.bcra.fx_deposits_private_sector,108
2019-05-13,30738.0,series.ar.bcra.fx_deposits_private_sector,108
2019-05-14,30617.0,series.ar.bcra.fx_deposits_private_sector,108
2019-05-15,30546.0,series.ar.bcra.fx_deposits_private_sector,108
2019-05-16,30491.0,series.ar.bcra.fx_deposits_private_sector,108
2019-05-17,30494.0,series.ar.bcra.fx_deposits_private_sector,108
2019-05-20,30529.0,series.ar.bcra.fx_deposits_private_sector,108
2019-05-21,30534.0,series.ar.bcra.fx_deposits_private_sector,108
2019-05-22,30441.0,series.ar.bcra.fx_deposits_private_sector,108
2019-05-23,30472.0,series.ar.bcra.fx_deposits_private_sector,108
2019-05-24,30451.0,series.ar.bcra.fx_deposits_private_sector,108
2019-05-27,30521.0,series.ar.bcra.fx_deposits_private_sector,108
2019-05-28,30584.0,series.ar.bcra.fx_deposits_private_sector,108
2019-05-29,30638.0,series.ar.bcra.fx_deposits_private_sector,108
2019-05-30,30614.0,series.ar.bcra.fx_deposits_private_sector,108
2019-05-31,30636.0,series.ar.bcra.fx_deposits_private_sector,108
2019-06-03,30646.0,series.ar.bcra.fx_deposits_private_sector,108
2019-06-04,30653.0,series.ar.bcra.fx_deposits_private_sector,108
2019-06-05,30671.0,series.ar.bcra.fx_deposits_private_sector,108
2019-06-06,30640.0,series.ar.bcra.fx_deposits_private_sector,108
2019-06-07,30688.0,series.ar.bcra.fx_deposits_private_sector,108
2019-06-10,30708.0,series.ar.bcra.fx_deposits_private_sector,108
2019-06-11,30644.0,series.ar.bcra.fx_deposits_private_sector,108
2019-06-12,30686.0,series.ar.bcra.fx_deposits_private_sector,108
2019-06-13,30843.0,series.ar.bcra.fx_deposits_private_sector,108
2019-06-14,30622.0,series.ar.bcra.fx_deposits_private_sector,108
2019-06-18,30614.0,series.ar.bcra.fx_deposits_private_sector,108
2019-06-19,30604.0,series.ar.bcra.fx_deposits_private_sector,108
2019-06-21,30645.0,series.ar.bcra.fx_deposits_private_sector,108
2019-06-24,30646.0,series.ar.bcra.fx_deposits_private_sector,108
2019-06-25,30693.0,series.ar.bcra.fx_deposits_private_sector,108
2019-06-26,30926.0,series.ar.bcra.fx_deposits_private_sector,108
2019-06-27,30861.0,series.ar.bcra.fx_deposits_private_sector,108
2019-06-28,30908.0,series.ar.bcra.fx_deposits_private_sector,108
2019-07-01,31197.0,series.ar.bcra.fx_deposits_private_sector,108
2019-07-02,31182.0,series.ar.bcra.fx_deposits_private_sector,108
2019-07-03,31290.0,series.ar.bcra.fx_deposits_private_sector,108
2019-07-04,31312.0,series.ar.bcra.fx_deposits_private_sector,108
2019-07-05,31351.0,series.ar.bcra.fx_deposits_private_sector,108
2019-07-10,31428.0,series.ar.bcra.fx_deposits_private_sector,108
2019-07-11,31382.0,series.ar.bcra.fx_deposits_private_sector,108
2019-07-12,31422.0,series.ar.bcra.fx_deposits_private_sector,108
2019-07-15,31394.0,series.ar.bcra.fx_deposits_private_sector,108
2019-07-16,31664.0,series.ar.bcra.fx_deposits_private_sector,108
2019-07-17,31753.0,series.ar.bcra.fx_deposits_private_sector,108
2019-07-18,31736.0,series.ar.bcra.fx_deposits_private_sector,108
2019-07-19,31716.0,series.ar.bcra.fx_deposits_private_sector,108
2019-07-22,31794.0,series.ar.bcra.fx_deposits_private_sector,108
2019-07-23,31825.0,series.ar.bcra.fx_deposits_private_sector,108
2019-07-24,31879.0,series.ar.bcra.fx_deposits_private_sector,108
2019-07-25,32003.0,series.ar.bcra.fx_deposits_private_sector,108
2019-07-26,32116.0,series.ar.bcra.fx_deposits_private_sector,108
2019-07-29,32139.0,series.ar.bcra.fx_deposits_private_sector,108
2019-07-30,32165.0,series.ar.bcra.fx_deposits_private_sector,108
2019-07-31,32163.0,series.ar.bcra.fx_deposits_private_sector,108
2019-08-01,32315.0,series.ar.bcra.fx_deposits_private_sector,108
2019-08-02,32277.0,series.ar.bcra.fx_deposits_private_sector,108
2019-08-05,32369.0,series.ar.bcra.fx_deposits_private_sector,108
2019-08-06,32424.0,series.ar.bcra.fx_deposits_private_sector,108
2019-08-07,32439.0,series.ar.bcra.fx_deposits_private_sector,108
2019-08-08,32411.0,series.ar.bcra.fx_deposits_private_sector,108
2019-08-09,32492.0,series.ar.bcra.fx_deposits_private_sector,108
2019-08-12,32264.0,series.ar.bcra.fx_deposits_private_sector,108
2019-08-13,31736.0,series.ar.bcra.fx_deposits_private_sector,108
2019-08-14,31273.0,series.ar.bcra.fx_deposits_private_sector,108
2019-08-15,30904.0,series.ar.bcra.fx_deposits_private_sector,108
2019-08-16,30532.0,series.ar.bcra.fx_deposits_private_sector,108
2019-08-20,30097.0,series.ar.bcra.fx_deposits_private_sector,108
2019-08-21,29764.0,series.ar.bcra.fx_deposits_private_sector,108
2019-08-22,29493.0,series.ar.bcra.fx_deposits_private_sector,108
2019-08-23,29304.0,series.ar.bcra.fx_deposits_private_sector,108
2019-08-26,29120.0,series.ar.bcra.fx_deposits_private_sector,108
2019-08-27,28970.0,series.ar.bcra.fx_deposits_private_sector,108
2019-08-28,28519.0,series.ar.bcra.fx_deposits_private_sector,108
2019-08-29,27686.0,series.ar.bcra.fx_deposits_private_sector,108
2019-08-30,26623.0,series.ar.bcra.fx_deposits_private_sector,108
2019-09-02,25649.0,series.ar.bcra.fx_deposits_private_sector,108
2019-09-03,24929.0,series.ar.bcra.fx_deposits_private_sector,108
2019-09-04,24164.0,series.ar.bcra.fx_deposits_private_sector,108
2019-09-05,23674.0,series.ar.bcra.fx_deposits_private_sector,108
2019-09-06,23269.0,series.ar.bcra.fx_deposits_private_sector,108
2019-09-09,23008.0,series.ar.bcra.fx_deposits_private_sector,108
2019-09-10,22852.0,series.ar.bcra.fx_deposits_private_sector,108
2019-09-11,22672.0,series.ar.bcra.fx_deposits_private_sector,108
2019-09-12,22517.0,series.ar.bcra.fx_deposits_private_sector,108
2019-09-13,22547.0,series.ar.bcra.fx_deposits_private_sector,108
2019-09-16,22413.0,series.ar.bcra.fx_deposits_private_sector,108
2019-09-17,22308.0,series.ar.bcra.fx_deposits_private_sector,108
2019-09-18,22210.0,series.ar.bcra.fx_deposits_private_sector,108
2019-09-19,21875.0,series.ar.bcra.fx_deposits_private_sector,108
2019-09-20,21713.0,series.ar.bcra.fx_deposits_private_sector,108
2019-09-23,21627.0,series.ar.bcra.fx_deposits_private_sector,108
2019-09-24,21536.0,series.ar.bcra.fx_deposits_private_sector,108
2019-09-25,21371.0,series.ar.bcra.fx_deposits_private_sector,108
2019-09-26,21275.0,series.ar.bcra.fx_deposits_private_sector,108
2019-09-27,21412.0,series.ar.bcra.fx_deposits_private_sector,108
2019-09-30,21384.0,series.ar.bcra.fx_deposits_private_sector,108
2019-10-01,21381.0,series.ar.bcra.fx_deposits_private_sector,108
2019-10-02,21291.0,series.ar.bcra.fx_deposits_private_sector,108
2019-10-03,21233.0,series.ar.bcra.fx_deposits_private_sector,108
2019-10-04,21147.0,series.ar.bcra.fx_deposits_private_sector,108
2019-10-07,21101.0,series.ar.bcra.fx_deposits_private_sector,108
2019-10-08,21026.0,series.ar.bcra.fx_deposits_private_sector,108
2019-10-09,20981.0,series.ar.bcra.fx_deposits_private_sector,108
2019-10-10,20877.0,series.ar.bcra.fx_deposits_private_sector,108
2019-10-11,21032.0,series.ar.bcra.fx_deposits_private_sector,108
2019-10-15,20998.0,series.ar.bcra.fx_deposits_private_sector,108
2019-10-16,20905.0,series.ar.bcra.fx_deposits_private_sector,108
2019-10-17,20963.0,series.ar.bcra.fx_deposits_private_sector,108
2019-10-18,20771.0,series.ar.bcra.fx_deposits_private_sector,108
2019-10-21,20738.0,series.ar.bcra.fx_deposits_private_sector,108
2019-10-22,20655.0,series.ar.bcra.fx_deposits_private_sector,108
2019-10-23,20464.0,series.ar.bcra.fx_deposits_private_sector,108
2019-10-24,20079.0,series.ar.bcra.fx_deposits_private_sector,108
2019-10-25,19837.0,series.ar.bcra.fx_deposits_private_sector,108
2019-10-28,19529.0,series.ar.bcra.fx_deposits_private_sector,108
2019-10-29,19296.0,series.ar.bcra.fx_deposits_private_sector,108
2019-10-30,19130.0,series.ar.bcra.fx_deposits_private_sector,108
2019-10-31,19099.0,series.ar.bcra.fx_deposits_private_sector,108
2019-11-01,18978.0,series.ar.bcra.fx_deposits_private_sector,108
2019-11-04,18921.0,series.ar.bcra.fx_deposits_private_sector,108
2019-11-05,18825.0,series.ar.bcra.fx_deposits_private_sector,108
2019-11-07,18820.0,series.ar.bcra.fx_deposits_private_sector,108
2019-11-08,18768.0,series.ar.bcra.fx_deposits_private_sector,108
2019-11-11,18739.0,series.ar.bcra.fx_deposits_private_sector,108
2019-11-12,18688.0,series.ar.bcra.fx_deposits_private_sector,108
2019-11-13,18561.0,series.ar.bcra.fx_deposits_private_sector,108
2019-11-14,18519.0,series.ar.bcra.fx_deposits_private_sector,108
2019-11-15,18692.0,series.ar.bcra.fx_deposits_private_sector,108
2019-11-19,18686.0,series.ar.bcra.fx_deposits_private_sector,108
2019-11-20,18582.0,series.ar.bcra.fx_deposits_private_sector,108
2019-11-21,18525.0,series.ar.bcra.fx_deposits_private_sector,108
2019-11-22,18541.0,series.ar.bcra.fx_deposits_private_sector,108
2019-11-25,18482.0,series.ar.bcra.fx_deposits_private_sector,108
2019-11-26,18436.0,series.ar.bcra.fx_deposits_private_sector,108
2019-11-27,18358.0,series.ar.bcra.fx_deposits_private_sector,108
2019-11-28,18363.0,series.ar.bcra.fx_deposits_private_sector,108
2019-11-29,18441.0,series.ar.bcra.fx_deposits_private_sector,108
2019-12-02,18431.0,series.ar.bcra.fx_deposits_private_sector,108
2019-12-03,18410.0,series.ar.bcra.fx_deposits_private_sector,108
2019-12-04,18370.0,series.ar.bcra.fx_deposits_private_sector,108
2019-12-05,18342.0,series.ar.bcra.fx_deposits_private_sector,108
2019-12-06,18275.0,series.ar.bcra.fx_deposits_private_sector,108
2019-12-09,18082.0,series.ar.bcra.fx_deposits_private_sector,108
2019-12-10,18003.0,series.ar.bcra.fx_deposits_private_sector,108
2019-12-11,17912.0,series.ar.bcra.fx_deposits_private_sector,108
2019-12-12,17957.0,series.ar.bcra.fx_deposits_private_sector,108
2019-12-13,17900.0,series.ar.bcra.fx_deposits_private_sector,108
2019-12-16,17906.0,series.ar.bcra.fx_deposits_private_sector,108
2019-12-17,17994.0,series.ar.bcra.fx_deposits_private_sector,108
2019-12-18,18065.0,series.ar.bcra.fx_deposits_private_sector,108
2019-12-19,18167.0,series.ar.bcra.fx_deposits_private_sector,108
2019-12-20,18237.0,series.ar.bcra.fx_deposits_private_sector,108
2019-12-23,18359.0,series.ar.bcra.fx_deposits_private_sector,108
2019-12-26,18672.0,series.ar.bcra.fx_deposits_private_sector,108
2019-12-27,19096.0,series.ar.bcra.fx_deposits_private_sector,108
2019-12-30,19448.0,series.ar.bcra.fx_deposits_private_sector,108
2020-01-02,19365.0,series.ar.bcra.fx_deposits_private_sector,108
2020-01-03,19304.0,series.ar.bcra.fx_deposits_private_sector,108
2020-01-06,19285.0,series.ar.bcra.fx_deposits_private_sector,108
2020-01-07,19245.0,series.ar.bcra.fx_deposits_private_sector,108
2020-01-08,19223.0,series.ar.bcra.fx_deposits_private_sector,108
2020-01-09,19193.0,series.ar.bcra.fx_deposits_private_sector,108
2020-01-10,19138.0,series.ar.bcra.fx_deposits_private_sector,108
2020-01-13,19082.0,series.ar.bcra.fx_deposits_private_sector,108
2020-01-14,19070.0,series.ar.bcra.fx_deposits_private_sector,108
2020-01-15,19019.0,series.ar.bcra.fx_deposits_private_sector,108
2020-01-16,18993.0,series.ar.bcra.fx_deposits_private_sector,108
2020-01-17,18981.0,series.ar.bcra.fx_deposits_private_sector,108
2020-01-20,18977.0,series.ar.bcra.fx_deposits_private_sector,108
2020-01-21,18945.0,series.ar.bcra.fx_deposits_private_sector,108
2020-01-22,18907.0,series.ar.bcra.fx_deposits_private_sector,108
2020-01-23,18895.0,series.ar.bcra.fx_deposits_private_sector,108
2020-01-24,18866.0,series.ar.bcra.fx_deposits_private_sector,108
2020-01-27,18831.0,series.ar.bcra.fx_deposits_private_sector,108
2020-01-28,18778.0,series.ar.bcra.fx_deposits_private_sector,108
2020-01-29,18730.0,series.ar.bcra.fx_deposits_private_sector,108
2020-01-30,18703.0,series.ar.bcra.fx_deposits_private_sector,108
2020-01-31,18719.0,series.ar.bcra.fx_deposits_private_sector,108
2020-02-03,18693.0,series.ar.bcra.fx_deposits_private_sector,108
2020-02-04,18675.0,series.ar.bcra.fx_deposits_private_sector,108
2020-02-05,18690.0,series.ar.bcra.fx_deposits_private_sector,108
2020-02-06,18680.0,series.ar.bcra.fx_deposits_private_sector,108
2020-02-07,18681.0,series.ar.bcra.fx_deposits_private_sector,108
2020-02-10,18637.0,series.ar.bcra.fx_deposits_private_sector,108
2020-02-11,18622.0,series.ar.bcra.fx_deposits_private_sector,108
2020-02-12,18587.0,series.ar.bcra.fx_deposits_private_sector,108
2020-02-13,18572.0,series.ar.bcra.fx_deposits_private_sector,108
2020-02-14,18559.0,series.ar.bcra.fx_deposits_private_sector,108
2020-02-17,18570.0,series.ar.bcra.fx_deposits_private_sector,108
2020-02-18,18603.0,series.ar.bcra.fx_deposits_private_sector,108
2020-02-19,18785.0,series.ar.bcra.fx_deposits_private_sector,108
2020-02-20,18583.0,series.ar.bcra.fx_deposits_private_sector,108
2020-02-21,18574.0,series.ar.bcra.fx_deposits_private_sector,108
2020-02-26,18546.0,series.ar.bcra.fx_deposits_private_sector,108
2020-02-27,18528.0,series.ar.bcra.fx_deposits_private_sector,108
2020-02-28,18555.0,series.ar.bcra.fx_deposits_private_sector,108
2020-03-02,18553.0,series.ar.bcra.fx_deposits_private_sector,108
2020-03-03,18485.0,series.ar.bcra.fx_deposits_private_sector,108
2020-03-04,18474.0,series.ar.bcra.fx_deposits_private_sector,108
2020-03-05,18479.0,series.ar.bcra.fx_deposits_private_sector,108
2020-03-06,18478.0,series.ar.bcra.fx_deposits_private_sector,108
2020-03-09,18469.0,series.ar.bcra.fx_deposits_private_sector,108
2020-03-10,18438.0,series.ar.bcra.fx_deposits_private_sector,108
2020-03-11,18413.0,series.ar.bcra.fx_deposits_private_sector,108
2020-03-12,18388.0,series.ar.bcra.fx_deposits_private_sector,108
2020-03-13,18230.0,series.ar.bcra.fx_deposits_private_sector,108
2020-03-16,18189.0,series.ar.bcra.fx_deposits_private_sector,108
2020-03-17,18157.0,series.ar.bcra.fx_deposits_private_sector,108
2020-03-18,18147.0,series.ar.bcra.fx_deposits_private_sector,108
2020-03-19,18108.0,series.ar.bcra.fx_deposits_private_sector,108
2020-03-20,18056.0,series.ar.bcra.fx_deposits_private_sector,108
2020-03-25,18040.0,series.ar.bcra.fx_deposits_private_sector,108
2020-03-26,18104.0,series.ar.bcra.fx_deposits_private_sector,108
2020-03-27,18090.0,series.ar.bcra.fx_deposits_private_sector,108
2020-03-30,18142.0,series.ar.bcra.fx_deposits_private_sector,108
2020-04-01,18090.0,series.ar.bcra.fx_deposits_private_sector,108
2020-04-02,18124.0,series.ar.bcra.fx_deposits_private_sector,108
2020-04-03,18150.0,series.ar.bcra.fx_deposits_private_sector,108
2020-04-06,18139.0,series.ar.bcra.fx_deposits_private_sector,108
2020-04-07,18146.0,series.ar.bcra.fx_deposits_private_sector,108
2020-04-08,18131.0,series.ar.bcra.fx_deposits_private_sector,108
2020-04-13,18160.0,series.ar.bcra.fx_deposits_private_sector,108
2020-04-14,18151.0,series.ar.bcra.fx_deposits_private_sector,108
2020-04-15,18183.0,series.ar.bcra.fx_deposits_private_sector,108
2020-04-16,18243.0,series.ar.bcra.fx_deposits_private_sector,108
2020-04-17,18287.0,series.ar.bcra.fx_deposits_private_sector,108
2020-04-20,18200.0,series.ar.bcra.fx_deposits_private_sector,108
2020-04-21,18100.0,series.ar.bcra.fx_deposits_private_sector,108
2020-04-22,18030.0,series.ar.bcra.fx_deposits_private_sector,108
2020-04-23,17927.0,series.ar.bcra.fx_deposits_private_sector,108
2020-04-24,17859.0,series.ar.bcra.fx_deposits_private_sector,108
2020-04-27,17851.0,series.ar.bcra.fx_deposits_private_sector,108
2020-04-28,17810.0,series.ar.bcra.fx_deposits_private_sector,108
2020-04-29,17773.0,series.ar.bcra.fx_deposits_private_sector,108
2020-04-30,17783.0,series.ar.bcra.fx_deposits_private_sector,108
2020-05-04,17583.0,series.ar.bcra.fx_deposits_private_sector,108
2020-05-05,17534.0,series.ar.bcra.fx_deposits_private_sector,108
2020-05-06,17475.0,series.ar.bcra.fx_deposits_private_sector,108
2020-05-07,17409.0,series.ar.bcra.fx_deposits_private_sector,108
2020-05-08,17344.0,series.ar.bcra.fx_deposits_private_sector,108
2020-05-11,17310.0,series.ar.bcra.fx_deposits_private_sector,108
2020-05-12,17282.0,series.ar.bcra.fx_deposits_private_sector,108
2020-05-13,17211.0,series.ar.bcra.fx_deposits_private_sector,108
2020-05-14,17173.0,series.ar.bcra.fx_deposits_private_sector,108
2020-05-15,17141.0,series.ar.bcra.fx_deposits_private_sector,108
2020-05-18,17105.0,series.ar.bcra.fx_deposits_private_sector,108
2020-05-19,17073.0,series.ar.bcra.fx_deposits_private_sector,108
2020-05-20,17035.0,series.ar.bcra.fx_deposits_private_sector,108
2020-05-21,17018.0,series.ar.bcra.fx_deposits_private_sector,108
2020-05-22,16985.0,series.ar.bcra.fx_deposits_private_sector,108
2020-05-26,16950.0,series.ar.bcra.fx_deposits_private_sector,108
2020-05-27,16923.0,series.ar.bcra.fx_deposits_private_sector,108
2020-05-28,16891.0,series.ar.bcra.fx_deposits_private_sector,108
2020-05-29,16880.0,series.ar.bcra.fx_deposits_private_sector,108
2020-06-01,16919.0,series.ar.bcra.fx_deposits_private_sector,108
2020-06-02,16902.0,series.ar.bcra.fx_deposits_private_sector,108
2020-06-03,16880.0,series.ar.bcra.fx_deposits_private_sector,108
2020-06-04,16861.0,series.ar.bcra.fx_deposits_private_sector,108
2020-06-05,16855.0,series.ar.bcra.fx_deposits_private_sector,108
2020-06-08,16890.0,series.ar.bcra.fx_deposits_private_sector,108
2020-06-09,16870.0,series.ar.bcra.fx_deposits_private_sector,108
2020-06-10,16857.0,series.ar.bcra.fx_deposits_private_sector,108
2020-06-11,16841.0,series.ar.bcra.fx_deposits_private_sector,108
2020-06-12,16832.0,series.ar.bcra.fx_deposits_private_sector,108
2020-06-16,16857.0,series.ar.bcra.fx_deposits_private_sector,108
2020-06-17,16860.0,series.ar.bcra.fx_deposits_private_sector,108
2020-06-18,16863.0,series.ar.bcra.fx_deposits_private_sector,108
2020-06-19,16837.0,series.ar.bcra.fx_deposits_private_sector,108
2020-06-22,16818.0,series.ar.bcra.fx_deposits_private_sector,108
2020-06-23,16805.0,series.ar.bcra.fx_deposits_private_sector,108
2020-06-24,16803.0,series.ar.bcra.fx_deposits_private_sector,108
2020-06-25,16811.0,series.ar.bcra.fx_deposits_private_sector,108
2020-06-26,16774.0,series.ar.bcra.fx_deposits_private_sector,108
2020-06-29,16782.0,series.ar.bcra.fx_deposits_private_sector,108
2020-06-30,16783.0,series.ar.bcra.fx_deposits_private_sector,108
2020-07-01,16917.0,series.ar.bcra.fx_deposits_private_sector,108
2020-07-02,16942.0,series.ar.bcra.fx_deposits_private_sector,108
2020-07-03,16960.0,series.ar.bcra.fx_deposits_private_sector,108
2020-07-06,16995.0,series.ar.bcra.fx_deposits_private_sector,108
2020-07-07,16993.0,series.ar.bcra.fx_deposits_private_sector,108
2020-07-08,16989.0,series.ar.bcra.fx_deposits_private_sector,108
2020-07-13,16999.0,series.ar.bcra.fx_deposits_private_sector,108
2020-07-14,17062.0,series.ar.bcra.fx_deposits_private_sector,108
2020-07-15,17064.0,series.ar.bcra.fx_deposits_private_sector,108
2020-07-16,17064.0,series.ar.bcra.fx_deposits_private_sector,108
2020-07-17,17110.0,series.ar.bcra.fx_deposits_private_sector,108
2020-07-20,17040.0,series.ar.bcra.fx_deposits_private_sector,108
2020-07-21,17058.0,series.ar.bcra.fx_deposits_private_sector,108
2020-07-22,17007.0,series.ar.bcra.fx_deposits_private_sector,108
2020-07-23,16980.0,series.ar.bcra.fx_deposits_private_sector,108
2020-07-24,16959.0,series.ar.bcra.fx_deposits_private_sector,108
2020-07-27,16942.0,series.ar.bcra.fx_deposits_private_sector,108
2020-07-28,16962.0,series.ar.bcra.fx_deposits_private_sector,108
2020-07-29,16936.0,series.ar.bcra.fx_deposits_private_sector,108
2020-07-30,16921.0,series.ar.bcra.fx_deposits_private_sector,108
2020-07-31,17004.0,series.ar.bcra.fx_deposits_private_sector,108
2020-08-03,17102.0,series.ar.bcra.fx_deposits_private_sector,108
2020-08-04,17192.0,series.ar.bcra.fx_deposits_private_sector,108
2020-08-05,17206.0,series.ar.bcra.fx_deposits_private_sector,108
2020-08-06,17215.0,series.ar.bcra.fx_deposits_private_sector,108
2020-08-07,17264.0,series.ar.bcra.fx_deposits_private_sector,108
2020-08-10,17285.0,series.ar.bcra.fx_deposits_private_sector,108
2020-08-11,17297.0,series.ar.bcra.fx_deposits_private_sector,108
2020-08-12,17274.0,series.ar.bcra.fx_deposits_private_sector,108
2020-08-13,17264.0,series.ar.bcra.fx_deposits_private_sector,108
2020-08-14,17242.0,series.ar.bcra.fx_deposits_private_sector,108
2020-08-18,17244.0,series.ar.bcra.fx_deposits_private_sector,108
2020-08-19,17248.0,series.ar.bcra.fx_deposits_private_sector,108
2020-08-20,17239.0,series.ar.bcra.fx_deposits_private_sector,108
2020-08-21,17229.0,series.ar.bcra.fx_deposits_private_sector,108
2020-08-24,17233.0,series.ar.bcra.fx_deposits_private_sector,108
2020-08-25,17251.0,series.ar.bcra.fx_deposits_private_sector,108
2020-08-26,17246.0,series.ar.bcra.fx_deposits_private_sector,108
2020-08-27,17237.0,series.ar.bcra.fx_deposits_private_sector,108
2020-08-28,17165.0,series.ar.bcra.fx_deposits_private_sector,108
2020-08-31,17165.0,series.ar.bcra.fx_deposits_private_sector,108
2020-09-01,17319.0,series.ar.bcra.fx_deposits_private_sector,108
2020-09-02,17377.0,series.ar.bcra.fx_deposits_private_sector,108
2020-09-03,17399.0,series.ar.bcra.fx_deposits_private_sector,108
2020-09-04,17410.0,series.ar.bcra.fx_deposits_private_sector,108
2020-09-07,17430.0,series.ar.bcra.fx_deposits_private_sector,108
2020-09-08,17466.0,series.ar.bcra.fx_deposits_private_sector,108
2020-09-09,17440.0,series.ar.bcra.fx_deposits_private_sector,108
2020-09-10,17383.0,series.ar.bcra.fx_deposits_private_sector,108
2020-09-11,17369.0,series.ar.bcra.fx_deposits_private_sector,108
2020-09-14,17414.0,series.ar.bcra.fx_deposits_private_sector,108
2020-09-15,17380.0,series.ar.bcra.fx_deposits_private_sector,108
2020-09-16,17353.0,series.ar.bcra.fx_deposits_private_sector,108
2020-09-17,17346.0,series.ar.bcra.fx_deposits_private_sector,108
2020-09-18,17247.0,series.ar.bcra.fx_deposits_private_sector,108
2020-09-21,17195.0,series.ar.bcra.fx_deposits_private_sector,108
2020-09-22,17086.0,series.ar.bcra.fx_deposits_private_sector,108
2020-09-23,16867.0,series.ar.bcra.fx_deposits_private_sector,108
2020-09-24,16625.0,series.ar.bcra.fx_deposits_private_sector,108
2020-09-25,16451.0,series.ar.bcra.fx_deposits_private_sector,108
2020-09-28,16374.0,series.ar.bcra.fx_deposits_private_sector,108
2020-09-29,16251.0,series.ar.bcra.fx_deposits_private_sector,108
2020-09-30,16137.0,series.ar.bcra.fx_deposits_private_sector,108
2020-10-01,16076.0,series.ar.bcra.fx_deposits_private_sector,108
2020-10-02,15963.0,series.ar.bcra.fx_deposits_private_sector,108
2020-10-05,15842.0,series.ar.bcra.fx_deposits_private_sector,108
2020-10-06,15766.0,series.ar.bcra.fx_deposits_private_sector,108
2020-10-07,15697.0,series.ar.bcra.fx_deposits_private_sector,108
2020-10-08,15638.0,series.ar.bcra.fx_deposits_private_sector,108
2020-10-09,15548.0,series.ar.bcra.fx_deposits_private_sector,108
2020-10-13,15484.0,series.ar.bcra.fx_deposits_private_sector,108
2020-10-14,15431.0,series.ar.bcra.fx_deposits_private_sector,108
2020-10-15,15362.0,series.ar.bcra.fx_deposits_private_sector,108
2020-10-16,15287.0,series.ar.bcra.fx_deposits_private_sector,108
2020-10-19,15229.0,series.ar.bcra.fx_deposits_private_sector,108
2020-10-20,15166.0,series.ar.bcra.fx_deposits_private_sector,108
2020-10-21,15068.0,series.ar.bcra.fx_deposits_private_sector,108
2020-10-22,15021.0,series.ar.bcra.fx_deposits_private_sector,108
2020-10-23,14933.0,series.ar.bcra.fx_deposits_private_sector,108
2020-10-26,14852.0,series.ar.bcra.fx_deposits_private_sector,108
2020-10-27,14785.0,series.ar.bcra.fx_deposits_private_sector,108
2020-10-28,14742.0,series.ar.bcra.fx_deposits_private_sector,108
2020-10-29,14698.0,series.ar.bcra.fx_deposits_private_sector,108
2020-10-30,14659.0,series.ar.bcra.fx_deposits_private_sector,108
2020-11-02,14702.0,series.ar.bcra.fx_deposits_private_sector,108
2020-11-03,14689.0,series.ar.bcra.fx_deposits_private_sector,108
2020-11-04,14674.0,series.ar.bcra.fx_deposits_private_sector,108
2020-11-05,14660.0,series.ar.bcra.fx_deposits_private_sector,108
2020-11-09,14633.0,series.ar.bcra.fx_deposits_private_sector,108
2020-11-10,14620.0,series.ar.bcra.fx_deposits_private_sector,108
2020-11-11,14611.0,series.ar.bcra.fx_deposits_private_sector,108
2020-11-12,14635.0,series.ar.bcra.fx_deposits_private_sector,108
2020-11-13,14649.0,series.ar.bcra.fx_deposits_private_sector,108
2020-11-16,14644.0,series.ar.bcra.fx_deposits_private_sector,108
2020-11-17,14654.0,series.ar.bcra.fx_deposits_private_sector,108
2020-11-18,14662.0,series.ar.bcra.fx_deposits_private_sector,108
2020-11-19,14660.0,series.ar.bcra.fx_deposits_private_sector,108
2020-11-20,14680.0,series.ar.bcra.fx_deposits_private_sector,108
2020-11-24,14660.0,series.ar.bcra.fx_deposits_private_sector,108
2020-11-25,14675.0,series.ar.bcra.fx_deposits_private_sector,108
2020-11-26,14668.0,series.ar.bcra.fx_deposits_private_sector,108
2020-11-27,14668.0,series.ar.bcra.fx_deposits_private_sector,108
2020-11-30,14676.0,series.ar.bcra.fx_deposits_private_sector,108
2020-12-01,14734.0,series.ar.bcra.fx_deposits_private_sector,108
2020-12-02,14762.0,series.ar.bcra.fx_deposits_private_sector,108
2020-12-03,14771.0,series.ar.bcra.fx_deposits_private_sector,108
2020-12-04,14783.0,series.ar.bcra.fx_deposits_private_sector,108
2020-12-09,14832.0,series.ar.bcra.fx_deposits_private_sector,108
2020-12-10,14855.0,series.ar.bcra.fx_deposits_private_sector,108
2020-12-11,14862.0,series.ar.bcra.fx_deposits_private_sector,108
2020-12-14,14869.0,series.ar.bcra.fx_deposits_private_sector,108
2020-12-15,14905.0,series.ar.bcra.fx_deposits_private_sector,108
2020-12-16,14960.0,series.ar.bcra.fx_deposits_private_sector,108
2020-12-17,14995.0,series.ar.bcra.fx_deposits_private_sector,108
2020-12-18,15069.0,series.ar.bcra.fx_deposits_private_sector,108
2020-12-21,15198.0,series.ar.bcra.fx_deposits_private_sector,108
2020-12-22,15336.0,series.ar.bcra.fx_deposits_private_sector,108
2020-12-23,15447.0,series.ar.bcra.fx_deposits_private_sector,108
2020-12-28,15622.0,series.ar.bcra.fx_deposits_private_sector,108
2020-12-29,15811.0,series.ar.bcra.fx_deposits_private_sector,108
2020-12-30,15935.0,series.ar.bcra.fx_deposits_private_sector,108
2021-01-04,15907.0,series.ar.bcra.fx_deposits_private_sector,108
2021-01-05,15844.0,series.ar.bcra.fx_deposits_private_sector,108
2021-01-06,15815.0,series.ar.bcra.fx_deposits_private_sector,108
2021-01-07,15783.0,series.ar.bcra.fx_deposits_private_sector,108
2021-01-08,15783.0,series.ar.bcra.fx_deposits_private_sector,108
2021-01-11,15767.0,series.ar.bcra.fx_deposits_private_sector,108
2021-01-12,15780.0,series.ar.bcra.fx_deposits_private_sector,108
2021-01-13,15751.0,series.ar.bcra.fx_deposits_private_sector,108
2021-01-14,15758.0,series.ar.bcra.fx_deposits_private_sector,108
2021-01-15,15737.0,series.ar.bcra.fx_deposits_private_sector,108
2021-01-18,15745.0,series.ar.bcra.fx_deposits_private_sector,108
2021-01-19,15722.0,series.ar.bcra.fx_deposits_private_sector,108
2021-01-20,15704.0,series.ar.bcra.fx_deposits_private_sector,108
2021-01-21,15688.0,series.ar.bcra.fx_deposits_private_sector,108
2021-01-22,15651.0,series.ar.bcra.fx_deposits_private_sector,108
2021-01-25,15646.0,series.ar.bcra.fx_deposits_private_sector,108
2021-01-26,15663.0,series.ar.bcra.fx_deposits_private_sector,108
2021-01-27,15645.0,series.ar.bcra.fx_deposits_private_sector,108
2021-01-28,15631.0,series.ar.bcra.fx_deposits_private_sector,108
2021-01-29,15628.0,series.ar.bcra.fx_deposits_private_sector,108
2021-02-01,15678.0,series.ar.bcra.fx_deposits_private_sector,108
2021-02-02,15685.0,series.ar.bcra.fx_deposits_private_sector,108
2021-02-03,15668.0,series.ar.bcra.fx_deposits_private_sector,108
2021-02-04,15660.0,series.ar.bcra.fx_deposits_private_sector,108
2021-02-05,15638.0,series.ar.bcra.fx_deposits_private_sector,108
2021-02-08,15636.0,series.ar.bcra.fx_deposits_private_sector,108
2021-02-09,15646.0,series.ar.bcra.fx_deposits_private_sector,108
2021-02-10,15645.0,series.ar.bcra.fx_deposits_private_sector,108
2021-02-11,15655.0,series.ar.bcra.fx_deposits_private_sector,108
2021-02-12,15640.0,series.ar.bcra.fx_deposits_private_sector,108
2021-02-17,15622.0,series.ar.bcra.fx_deposits_private_sector,108
2021-02-18,15637.0,series.ar.bcra.fx_deposits_private_sector,108
2021-02-19,15642.0,series.ar.bcra.fx_deposits_private_sector,108
2021-02-22,15653.0,series.ar.bcra.fx_deposits_private_sector,108
2021-02-23,15661.0,series.ar.bcra.fx_deposits_private_sector,108
2021-02-24,15653.0,series.ar.bcra.fx_deposits_private_sector,108
2021-02-25,15655.0,series.ar.bcra.fx_deposits_private_sector,108
2021-02-26,15674.0,series.ar.bcra.fx_deposits_private_sector,108
2021-03-01,15686.0,series.ar.bcra.fx_deposits_private_sector,108
2021-03-02,15699.0,series.ar.bcra.fx_deposits_private_sector,108
2021-03-03,15690.0,series.ar.bcra.fx_deposits_private_sector,108
2021-03-04,15700.0,series.ar.bcra.fx_deposits_private_sector,108
2021-03-05,15766.0,series.ar.bcra.fx_deposits_private_sector,108
2021-03-08,15766.0,series.ar.bcra.fx_deposits_private_sector,108
2021-03-09,15782.0,series.ar.bcra.fx_deposits_private_sector,108
2021-03-10,15779.0,series.ar.bcra.fx_deposits_private_sector,108
2021-03-11,15790.0,series.ar.bcra.fx_deposits_private_sector,108
2021-03-12,15782.0,series.ar.bcra.fx_deposits_private_sector,108
2021-03-15,15774.0,series.ar.bcra.fx_deposits_private_sector,108
2021-03-16,15844.0,series.ar.bcra.fx_deposits_private_sector,108
2021-03-17,15839.0,series.ar.bcra.fx_deposits_private_sector,108
2021-03-18,15849.0,series.ar.bcra.fx_deposits_private_sector,108
2021-03-19,15890.0,series.ar.bcra.fx_deposits_private_sector,108
2021-03-22,15918.0,series.ar.bcra.fx_deposits_private_sector,108
2021-03-23,15965.0,series.ar.bcra.fx_deposits_private_sector,108
2021-03-25,15999.0,series.ar.bcra.fx_deposits_private_sector,108
2021-03-26,15918.0,series.ar.bcra.fx_deposits_private_sector,108
2021-03-29,15919.0,series.ar.bcra.fx_deposits_private_sector,108
2021-03-30,15923.0,series.ar.bcra.fx_deposits_private_sector,108
2021-03-31,15946.0,series.ar.bcra.fx_deposits_private_sector,108
2021-04-05,15964.0,series.ar.bcra.fx_deposits_private_sector,108
2021-04-06,15972.0,series.ar.bcra.fx_deposits_private_sector,108
2021-04-07,16012.0,series.ar.bcra.fx_deposits_private_sector,108
2021-04-08,16025.0,series.ar.bcra.fx_deposits_private_sector,108
2021-04-09,16053.0,series.ar.bcra.fx_deposits_private_sector,108
2021-04-12,15970.0,series.ar.bcra.fx_deposits_private_sector,108
2021-04-13,15982.0,series.ar.bcra.fx_deposits_private_sector,108
2021-04-14,15977.0,series.ar.bcra.fx_deposits_private_sector,108
2021-04-15,15968.0,series.ar.bcra.fx_deposits_private_sector,108
2021-04-16,15959.0,series.ar.bcra.fx_deposits_private_sector,108
2021-04-19,15961.0,series.ar.bcra.fx_deposits_private_sector,108
2021-04-20,15962.0,series.ar.bcra.fx_deposits_private_sector,108
2021-04-21,15949.0,series.ar.bcra.fx_deposits_private_sector,108
2021-04-22,15929.0,series.ar.bcra.fx_deposits_private_sector,108
2021-04-23,15936.0,series.ar.bcra.fx_deposits_private_sector,108
2021-04-26,15926.0,series.ar.bcra.fx_deposits_private_sector,108
2021-04-27,15933.0,series.ar.bcra.fx_deposits_private_sector,108
2021-04-28,15927.0,series.ar.bcra.fx_deposits_private_sector,108
2021-04-29,15911.0,series.ar.bcra.fx_deposits_private_sector,108
2021-04-30,15957.0,series.ar.bcra.fx_deposits_private_sector,108
2021-05-03,15970.0,series.ar.bcra.fx_deposits_private_sector,108
2021-05-04,15968.0,series.ar.bcra.fx_deposits_private_sector,108
2021-05-05,15972.0,series.ar.bcra.fx_deposits_private_sector,108
2021-05-06,15965.0,series.ar.bcra.fx_deposits_private_sector,108
2021-05-07,15980.0,series.ar.bcra.fx_deposits_private_sector,108
2021-05-10,16085.0,series.ar.bcra.fx_deposits_private_sector,108
2021-05-11,16095.0,series.ar.bcra.fx_deposits_private_sector,108
2021-05-12,16085.0,series.ar.bcra.fx_deposits_private_sector,108
2021-05-13,16105.0,series.ar.bcra.fx_deposits_private_sector,108
2021-05-14,16089.0,series.ar.bcra.fx_deposits_private_sector,108
2021-05-17,16085.0,series.ar.bcra.fx_deposits_private_sector,108
2021-05-18,16084.0,series.ar.bcra.fx_deposits_private_sector,108
2021-05-19,16093.0,series.ar.bcra.fx_deposits_private_sector,108
2021-05-20,16110.0,series.ar.bcra.fx_deposits_private_sector,108
2021-05-21,16154.0,series.ar.bcra.fx_deposits_private_sector,108
2021-05-26,16159.0,series.ar.bcra.fx_deposits_private_sector,108
2021-05-27,16169.0,series.ar.bcra.fx_deposits_private_sector,108
2021-05-28,16211.0,series.ar.bcra.fx_deposits_private_sector,108
2021-05-31,16155.0,series.ar.bcra.fx_deposits_private_sector,108
2021-06-01,16225.0,series.ar.bcra.fx_deposits_private_sector,108
2021-06-02,16225.0,series.ar.bcra.fx_deposits_private_sector,108
2021-06-03,16260.0,series.ar.bcra.fx_deposits_private_sector,108
2021-06-04,16268.0,series.ar.bcra.fx_deposits_private_sector,108
2021-06-07,16281.0,series.ar.bcra.fx_deposits_private_sector,108
2021-06-08,16312.0,series.ar.bcra.fx_deposits_private_sector,108
2021-06-09,16303.0,series.ar.bcra.fx_deposits_private_sector,108
2021-06-10,16354.0,series.ar.bcra.fx_deposits_private_sector,108
2021-06-11,16338.0,series.ar.bcra.fx_deposits_private_sector,108
2021-06-14,16242.0,series.ar.bcra.fx_deposits_private_sector,108
2021-06-15,16231.0,series.ar.bcra.fx_deposits_private_sector,108
2021-06-16,16233.0,series.ar.bcra.fx_deposits_private_sector,108
2021-06-17,16128.0,series.ar.bcra.fx_deposits_private_sector,108
2021-06-18,16180.0,series.ar.bcra.fx_deposits_private_sector,108
2021-06-22,16186.0,series.ar.bcra.fx_deposits_private_sector,108
2021-06-23,16188.0,series.ar.bcra.fx_deposits_private_sector,108
2021-06-24,16212.0,series.ar.bcra.fx_deposits_private_sector,108
2021-06-25,16212.0,series.ar.bcra.fx_deposits_private_sector,108
2021-06-28,16230.0,series.ar.bcra.fx_deposits_private_sector,108
2021-06-29,16252.0,series.ar.bcra.fx_deposits_private_sector,108
2021-06-30,16222.0,series.ar.bcra.fx_deposits_private_sector,108
2021-07-01,16227.0,series.ar.bcra.fx_deposits_private_sector,108
2021-07-02,16227.0,series.ar.bcra.fx_deposits_private_sector,108
2021-07-05,16261.0,series.ar.bcra.fx_deposits_private_sector,108
2021-07-06,16267.0,series.ar.bcra.fx_deposits_private_sector,108
2021-07-07,16280.0,series.ar.bcra.fx_deposits_private_sector,108
2021-07-08,16302.0,series.ar.bcra.fx_deposits_private_sector,108
2021-07-12,16312.0,series.ar.bcra.fx_deposits_private_sector,108
2021-07-13,16338.0,series.ar.bcra.fx_deposits_private_sector,108
2021-07-14,16356.0,series.ar.bcra.fx_deposits_private_sector,108
2021-07-15,16320.0,series.ar.bcra.fx_deposits_private_sector,108
2021-07-16,16303.0,series.ar.bcra.fx_deposits_private_sector,108
2021-07-19,16313.0,series.ar.bcra.fx_deposits_private_sector,108
2021-07-20,16315.0,series.ar.bcra.fx_deposits_private_sector,108
2021-07-21,16270.0,series.ar.bcra.fx_deposits_private_sector,108
2021-07-22,16278.0,series.ar.bcra.fx_deposits_private_sector,108
2021-07-23,16272.0,series.ar.bcra.fx_deposits_private_sector,108
2021-07-26,16285.0,series.ar.bcra.fx_deposits_private_sector,108
2021-07-27,16305.0,series.ar.bcra.fx_deposits_private_sector,108
2021-07-28,16315.0,series.ar.bcra.fx_deposits_private_sector,108
2021-07-29,16327.0,series.ar.bcra.fx_deposits_private_sector,108
2021-07-30,16361.0,series.ar.bcra.fx_deposits_private_sector,108
2021-08-02,16411.0,series.ar.bcra.fx_deposits_private_sector,108
2021-08-03,16429.0,series.ar.bcra.fx_deposits_private_sector,108
2021-08-04,16429.0,series.ar.bcra.fx_deposits_private_sector,108
2021-08-05,16420.0,series.ar.bcra.fx_deposits_private_sector,108
2021-08-06,16426.0,series.ar.bcra.fx_deposits_private_sector,108
2021-08-09,16484.0,series.ar.bcra.fx_deposits_private_sector,108
2021-08-10,16446.0,series.ar.bcra.fx_deposits_private_sector,108
2021-08-11,16466.0,series.ar.bcra.fx_deposits_private_sector,108
2021-08-12,16393.0,series.ar.bcra.fx_deposits_private_sector,108
2021-08-13,16383.0,series.ar.bcra.fx_deposits_private_sector,108
2021-08-17,16369.0,series.ar.bcra.fx_deposits_private_sector,108
2021-08-18,16361.0,series.ar.bcra.fx_deposits_private_sector,108
2021-08-19,16369.0,series.ar.bcra.fx_deposits_private_sector,108
2021-08-20,16384.0,series.ar.bcra.fx_deposits_private_sector,108
2021-08-23,16370.0,series.ar.bcra.fx_deposits_private_sector,108
2021-08-24,16389.0,series.ar.bcra.fx_deposits_private_sector,108
2021-08-25,16385.0,series.ar.bcra.fx_deposits_private_sector,108
2021-08-26,16382.0,series.ar.bcra.fx_deposits_private_sector,108
2021-08-27,16333.0,series.ar.bcra.fx_deposits_private_sector,108
2021-08-30,16339.0,series.ar.bcra.fx_deposits_private_sector,108
2021-08-31,16430.0,series.ar.bcra.fx_deposits_private_sector,108
2021-09-01,16459.0,series.ar.bcra.fx_deposits_private_sector,108
2021-09-02,16373.0,series.ar.bcra.fx_deposits_private_sector,108
2021-09-03,16329.0,series.ar.bcra.fx_deposits_private_sector,108
2021-09-06,16383.0,series.ar.bcra.fx_deposits_private_sector,108
2021-09-07,16392.0,series.ar.bcra.fx_deposits_private_sector,108
2021-09-08,16374.0,series.ar.bcra.fx_deposits_private_sector,108
2021-09-09,16375.0,series.ar.bcra.fx_deposits_private_sector,108
2021-09-10,16350.0,series.ar.bcra.fx_deposits_private_sector,108
2021-09-13,16362.0,series.ar.bcra.fx_deposits_private_sector,108
2021-09-14,16374.0,series.ar.bcra.fx_deposits_private_sector,108
2021-09-15,16371.0,series.ar.bcra.fx_deposits_private_sector,108
2021-09-16,16373.0,series.ar.bcra.fx_deposits_private_sector,108
2021-09-17,16352.0,series.ar.bcra.fx_deposits_private_sector,108
2021-09-20,16360.0,series.ar.bcra.fx_deposits_private_sector,108
2021-09-21,16364.0,series.ar.bcra.fx_deposits_private_sector,108
2021-09-22,16332.0,series.ar.bcra.fx_deposits_private_sector,108
2021-09-23,16326.0,series.ar.bcra.fx_deposits_private_sector,108
2021-09-24,16315.0,series.ar.bcra.fx_deposits_private_sector,108
2021-09-27,16338.0,series.ar.bcra.fx_deposits_private_sector,108
2021-09-28,16341.0,series.ar.bcra.fx_deposits_private_sector,108
2021-09-29,16340.0,series.ar.bcra.fx_deposits_private_sector,108
2021-09-30,16386.0,series.ar.bcra.fx_deposits_private_sector,108
2021-10-01,16377.0,series.ar.bcra.fx_deposits_private_sector,108
2021-10-04,16404.0,series.ar.bcra.fx_deposits_private_sector,108
2021-10-05,16417.0,series.ar.bcra.fx_deposits_private_sector,108
2021-10-06,16399.0,series.ar.bcra.fx_deposits_private_sector,108
2021-10-07,16392.0,series.ar.bcra.fx_deposits_private_sector,108
2021-10-12,16356.0,series.ar.bcra.fx_deposits_private_sector,108
2021-10-13,16328.0,series.ar.bcra.fx_deposits_private_sector,108
2021-10-14,16298.0,series.ar.bcra.fx_deposits_private_sector,108
2021-10-15,16258.0,series.ar.bcra.fx_deposits_private_sector,108
2021-10-18,16252.0,series.ar.bcra.fx_deposits_private_sector,108
2021-10-19,16220.0,series.ar.bcra.fx_deposits_private_sector,108
2021-10-20,16221.0,series.ar.bcra.fx_deposits_private_sector,108
2021-10-21,16162.0,series.ar.bcra.fx_deposits_private_sector,108
2021-10-22,16189.0,series.ar.bcra.fx_deposits_private_sector,108
2021-10-25,16172.0,series.ar.bcra.fx_deposits_private_sector,108
2021-10-26,16173.0,series.ar.bcra.fx_deposits_private_sector,108
2021-10-27,16155.0,series.ar.bcra.fx_deposits_private_sector,108
2021-10-28,16129.0,series.ar.bcra.fx_deposits_private_sector,108
2021-10-29,16122.0,series.ar.bcra.fx_deposits_private_sector,108
2021-11-01,16145.0,series.ar.bcra.fx_deposits_private_sector,108
2021-11-02,16164.0,series.ar.bcra.fx_deposits_private_sector,108
2021-11-03,16138.0,series.ar.bcra.fx_deposits_private_sector,108
2021-11-04,16258.0,series.ar.bcra.fx_deposits_private_sector,108
2021-11-05,16128.0,series.ar.bcra.fx_deposits_private_sector,108
2021-11-08,16114.0,series.ar.bcra.fx_deposits_private_sector,108
2021-11-09,16084.0,series.ar.bcra.fx_deposits_private_sector,108
2021-11-10,16035.0,series.ar.bcra.fx_deposits_private_sector,108
2021-11-11,15959.0,series.ar.bcra.fx_deposits_private_sector,108
2021-11-12,15830.0,series.ar.bcra.fx_deposits_private_sector,108
2021-11-15,15828.0,series.ar.bcra.fx_deposits_private_sector,108
2021-11-16,15827.0,series.ar.bcra.fx_deposits_private_sector,108
2021-11-17,15827.0,series.ar.bcra.fx_deposits_private_sector,108
2021-11-18,15823.0,series.ar.bcra.fx_deposits_private_sector,108
2021-11-19,15799.0,series.ar.bcra.fx_deposits_private_sector,108
2021-11-23,15820.0,series.ar.bcra.fx_deposits_private_sector,108
2021-11-24,15796.0,series.ar.bcra.fx_deposits_private_sector,108
2021-11-25,15784.0,series.ar.bcra.fx_deposits_private_sector,108
2021-11-26,15759.0,series.ar.bcra.fx_deposits_private_sector,108
2021-11-29,15559.0,series.ar.bcra.fx_deposits_private_sector,108
2021-11-30,15351.0,series.ar.bcra.fx_deposits_private_sector,108
2021-12-01,15303.0,series.ar.bcra.fx_deposits_private_sector,108
2021-12-02,15258.0,series.ar.bcra.fx_deposits_private_sector,108
2021-12-03,15206.0,series.ar.bcra.fx_deposits_private_sector,108
2021-12-06,15196.0,series.ar.bcra.fx_deposits_private_sector,108
2021-12-07,15173.0,series.ar.bcra.fx_deposits_private_sector,108
2021-12-09,15153.0,series.ar.bcra.fx_deposits_private_sector,108
2021-12-10,15158.0,series.ar.bcra.fx_deposits_private_sector,108
2021-12-13,15161.0,series.ar.bcra.fx_deposits_private_sector,108
2021-12-14,15050.0,series.ar.bcra.fx_deposits_private_sector,108
2021-12-15,15069.0,series.ar.bcra.fx_deposits_private_sector,108
2021-12-16,15073.0,series.ar.bcra.fx_deposits_private_sector,108
2021-12-17,15094.0,series.ar.bcra.fx_deposits_private_sector,108
2021-12-20,15141.0,series.ar.bcra.fx_deposits_private_sector,108
2021-12-21,15232.0,series.ar.bcra.fx_deposits_private_sector,108
2021-12-22,15250.0,series.ar.bcra.fx_deposits_private_sector,108
2021-12-23,15297.0,series.ar.bcra.fx_deposits_private_sector,108
2021-12-27,15407.0,series.ar.bcra.fx_deposits_private_sector,108
2021-12-28,15548.0,series.ar.bcra.fx_deposits_private_sector,108
2021-12-29,15661.0,series.ar.bcra.fx_deposits_private_sector,108
2021-12-30,15752.0,series.ar.bcra.fx_deposits_private_sector,108
2022-01-03,15693.0,series.ar.bcra.fx_deposits_private_sector,108
2022-01-04,15655.0,series.ar.bcra.fx_deposits_private_sector,108
2022-01-05,15645.0,series.ar.bcra.fx_deposits_private_sector,108
2022-01-06,15631.0,series.ar.bcra.fx_deposits_private_sector,108
2022-01-07,15611.0,series.ar.bcra.fx_deposits_private_sector,108
2022-01-10,15626.0,series.ar.bcra.fx_deposits_private_sector,108
2022-01-11,15598.0,series.ar.bcra.fx_deposits_private_sector,108
2022-01-12,15616.0,series.ar.bcra.fx_deposits_private_sector,108
2022-01-13,15633.0,series.ar.bcra.fx_deposits_private_sector,108
2022-01-14,15632.0,series.ar.bcra.fx_deposits_private_sector,108
2022-01-17,15637.0,series.ar.bcra.fx_deposits_private_sector,108
2022-01-18,15634.0,series.ar.bcra.fx_deposits_private_sector,108
2022-01-19,15592.0,series.ar.bcra.fx_deposits_private_sector,108
2022-01-20,15474.0,series.ar.bcra.fx_deposits_private_sector,108
2022-01-21,15444.0,series.ar.bcra.fx_deposits_private_sector,108
2022-01-24,15413.0,series.ar.bcra.fx_deposits_private_sector,108
2022-01-25,15381.0,series.ar.bcra.fx_deposits_private_sector,108
2022-01-26,15344.0,series.ar.bcra.fx_deposits_private_sector,108
2022-01-27,15336.0,series.ar.bcra.fx_deposits_private_sector,108
2022-01-28,15307.0,series.ar.bcra.fx_deposits_private_sector,108
2022-01-31,15314.0,series.ar.bcra.fx_deposits_private_sector,108
2022-02-01,15331.0,series.ar.bcra.fx_deposits_private_sector,108
2022-02-02,15327.0,series.ar.bcra.fx_deposits_private_sector,108
2022-02-03,15331.0,series.ar.bcra.fx_deposits_private_sector,108
2022-02-04,15300.0,series.ar.bcra.fx_deposits_private_sector,108
2022-02-07,15310.0,series.ar.bcra.fx_deposits_private_sector,108
2022-02-08,15305.0,series.ar.bcra.fx_deposits_private_sector,108
2022-02-09,15280.0,series.ar.bcra.fx_deposits_private_sector,108
2022-02-10,15279.0,series.ar.bcra.fx_deposits_private_sector,108
2022-02-11,15297.0,series.ar.bcra.fx_deposits_private_sector,108
2022-02-14,15222.0,series.ar.bcra.fx_deposits_private_sector,108
2022-02-15,15209.0,series.ar.bcra.fx_deposits_private_sector,108
2022-02-16,15218.0,series.ar.bcra.fx_deposits_private_sector,108
2022-02-17,15216.0,series.ar.bcra.fx_deposits_private_sector,108
2022-02-18,15212.0,series.ar.bcra.fx_deposits_private_sector,108
2022-02-21,15210.0,series.ar.bcra.fx_deposits_private_sector,108
2022-02-22,15218.0,series.ar.bcra.fx_deposits_private_sector,108
2022-02-23,15198.0,series.ar.bcra.fx_deposits_private_sector,108
2022-02-24,15195.0,series.ar.bcra.fx_deposits_private_sector,108
2022-02-25,15168.0,series.ar.bcra.fx_deposits_private_sector,108
2022-03-02,15207.0,series.ar.bcra.fx_deposits_private_sector,108
2022-03-03,15208.0,series.ar.bcra.fx_deposits_private_sector,108
2022-03-04,15215.0,series.ar.bcra.fx_deposits_private_sector,108
2022-03-07,15240.0,series.ar.bcra.fx_deposits_private_sector,108
2022-03-08,15265.0,series.ar.bcra.fx_deposits_private_sector,108
2022-03-09,15280.0,series.ar.bcra.fx_deposits_private_sector,108
2022-03-10,15300.0,series.ar.bcra.fx_deposits_private_sector,108
2022-03-11,15310.0,series.ar.bcra.fx_deposits_private_sector,108
2022-03-14,15311.0,series.ar.bcra.fx_deposits_private_sector,108
2022-03-15,15233.0,series.ar.bcra.fx_deposits_private_sector,108
2022-03-16,15235.0,series.ar.bcra.fx_deposits_private_sector,108
2022-03-17,15239.0,series.ar.bcra.fx_deposits_private_sector,108
2022-03-18,15232.0,series.ar.bcra.fx_deposits_private_sector,108
2022-03-21,15240.0,series.ar.bcra.fx_deposits_private_sector,108
2022-03-22,15230.0,series.ar.bcra.fx_deposits_private_sector,108
2022-03-23,15216.0,series.ar.bcra.fx_deposits_private_sector,108
2022-03-25,15199.0,series.ar.bcra.fx_deposits_private_sector,108
2022-03-28,15222.0,series.ar.bcra.fx_deposits_private_sector,108
2022-03-29,15259.0,series.ar.bcra.fx_deposits_private_sector,108
2022-03-30,15254.0,series.ar.bcra.fx_deposits_private_sector,108
2022-03-31,15245.0,series.ar.bcra.fx_deposits_private_sector,108
2022-04-01,15274.0,series.ar.bcra.fx_deposits_private_sector,108
2022-04-04,15301.0,series.ar.bcra.fx_deposits_private_sector,108
2022-04-05,15312.0,series.ar.bcra.fx_deposits_private_sector,108
2022-04-06,15345.0,series.ar.bcra.fx_deposits_private_sector,108
2022-04-07,15363.0,series.ar.bcra.fx_deposits_private_sector,108
2022-04-08,15368.0,series.ar.bcra.fx_deposits_private_sector,108
2022-04-11,15354.0,series.ar.bcra.fx_deposits_private_sector,108
2022-04-12,15329.0,series.ar.bcra.fx_deposits_private_sector,108
2022-04-13,15341.0,series.ar.bcra.fx_deposits_private_sector,108
2022-04-18,15346.0,series.ar.bcra.fx_deposits_private_sector,108
2022-04-19,15353.0,series.ar.bcra.fx_deposits_private_sector,108
2022-04-20,15344.0,series.ar.bcra.fx_deposits_private_sector,108
2022-04-21,15360.0,series.ar.bcra.fx_deposits_private_sector,108
2022-04-22,15323.0,series.ar.bcra.fx_deposits_private_sector,108
2022-04-25,15330.0,series.ar.bcra.fx_deposits_private_sector,108
2022-04-26,15336.0,series.ar.bcra.fx_deposits_private_sector,108
2022-04-27,15340.0,series.ar.bcra.fx_deposits_private_sector,108
2022-04-28,15337.0,series.ar.bcra.fx_deposits_private_sector,108
2022-04-29,15321.0,series.ar.bcra.fx_deposits_private_sector,108
2022-05-02,15352.0,series.ar.bcra.fx_deposits_private_sector,108
2022-05-03,15368.0,series.ar.bcra.fx_deposits_private_sector,108
2022-05-04,15376.0,series.ar.bcra.fx_deposits_private_sector,108
2022-05-05,15385.0,series.ar.bcra.fx_deposits_private_sector,108
2022-05-06,15367.0,series.ar.bcra.fx_deposits_private_sector,108
2022-05-09,15362.0,series.ar.bcra.fx_deposits_private_sector,108
2022-05-10,15380.0,series.ar.bcra.fx_deposits_private_sector,108
2022-05-11,15376.0,series.ar.bcra.fx_deposits_private_sector,108
2022-05-12,15373.0,series.ar.bcra.fx_deposits_private_sector,108
2022-05-13,15349.0,series.ar.bcra.fx_deposits_private_sector,108
2022-05-16,15358.0,series.ar.bcra.fx_deposits_private_sector,108
2022-05-17,15367.0,series.ar.bcra.fx_deposits_private_sector,108
2022-05-19,15361.0,series.ar.bcra.fx_deposits_private_sector,108
2022-05-20,15375.0,series.ar.bcra.fx_deposits_private_sector,108
2022-05-23,15384.0,series.ar.bcra.fx_deposits_private_sector,108
2022-05-24,15393.0,series.ar.bcra.fx_deposits_private_sector,108
2022-05-26,15370.0,series.ar.bcra.fx_deposits_private_sector,108
2022-05-27,15478.0,series.ar.bcra.fx_deposits_private_sector,108
2022-05-30,15483.0,series.ar.bcra.fx_deposits_private_sector,108
2022-05-31,15485.0,series.ar.bcra.fx_deposits_private_sector,108
2022-06-01,15518.0,series.ar.bcra.fx_deposits_private_sector,108
2022-06-02,15526.0,series.ar.bcra.fx_deposits_private_sector,108
2022-06-03,15535.0,series.ar.bcra.fx_deposits_private_sector,108
2022-06-06,15551.0,series.ar.bcra.fx_deposits_private_sector,108
2022-06-07,15585.0,series.ar.bcra.fx_deposits_private_sector,108
2022-06-08,15575.0,series.ar.bcra.fx_deposits_private_sector,108
2022-06-09,15583.0,series.ar.bcra.fx_deposits_private_sector,108
2022-06-10,15610.0,series.ar.bcra.fx_deposits_private_sector,108
2022-06-13,15626.0,series.ar.bcra.fx_deposits_private_sector,108
2022-06-14,15591.0,series.ar.bcra.fx_deposits_private_sector,108
2022-06-15,15609.0,series.ar.bcra.fx_deposits_private_sector,108
2022-06-16,15629.0,series.ar.bcra.fx_deposits_private_sector,108
2022-06-21,15635.0,series.ar.bcra.fx_deposits_private_sector,108
2022-06-22,15606.0,series.ar.bcra.fx_deposits_private_sector,108
2022-06-23,15599.0,series.ar.bcra.fx_deposits_private_sector,108
2022-06-24,15577.0,series.ar.bcra.fx_deposits_private_sector,108
2022-06-27,15582.0,series.ar.bcra.fx_deposits_private_sector,108
2022-06-28,15578.0,series.ar.bcra.fx_deposits_private_sector,108
2022-06-29,15549.0,series.ar.bcra.fx_deposits_private_sector,108
2022-06-30,15493.0,series.ar.bcra.fx_deposits_private_sector,108
2022-07-01,15565.0,series.ar.bcra.fx_deposits_private_sector,108
2022-07-04,15490.0,series.ar.bcra.fx_deposits_private_sector,108
2022-07-05,15420.0,series.ar.bcra.fx_deposits_private_sector,108
2022-07-06,15354.0,series.ar.bcra.fx_deposits_private_sector,108
2022-07-07,15285.0,series.ar.bcra.fx_deposits_private_sector,108
2022-07-08,15216.0,series.ar.bcra.fx_deposits_private_sector,108
2022-07-11,15208.0,series.ar.bcra.fx_deposits_private_sector,108
2022-07-12,15193.0,series.ar.bcra.fx_deposits_private_sector,108
2022-07-13,15141.0,series.ar.bcra.fx_deposits_private_sector,108
2022-07-14,15128.0,series.ar.bcra.fx_deposits_private_sector,108
2022-07-15,15114.0,series.ar.bcra.fx_deposits_private_sector,108
2022-07-18,15088.0,series.ar.bcra.fx_deposits_private_sector,108
2022-07-19,15068.0,series.ar.bcra.fx_deposits_private_sector,108
2022-07-20,15061.0,series.ar.bcra.fx_deposits_private_sector,108
2022-07-21,14933.0,series.ar.bcra.fx_deposits_private_sector,108
2022-07-22,14817.0,series.ar.bcra.fx_deposits_private_sector,108
2022-07-25,14769.0,series.ar.bcra.fx_deposits_private_sector,108
2022-07-26,14721.0,series.ar.bcra.fx_deposits_private_sector,108
2022-07-27,14700.0,series.ar.bcra.fx_deposits_private_sector,108
2022-07-28,14670.0,series.ar.bcra.fx_deposits_private_sector,108
2022-07-29,14638.0,series.ar.bcra.fx_deposits_private_sector,108
2022-08-01,14731.0,series.ar.bcra.fx_deposits_private_sector,108
2022-08-02,14758.0,series.ar.bcra.fx_deposits_private_sector,108
2022-08-03,14772.0,series.ar.bcra.fx_deposits_private_sector,108
2022-08-04,14803.0,series.ar.bcra.fx_deposits_private_sector,108
2022-08-05,14682.0,series.ar.bcra.fx_deposits_private_sector,108
2022-08-08,14681.0,series.ar.bcra.fx_deposits_private_sector,108
2022-08-09,14649.0,series.ar.bcra.fx_deposits_private_sector,108
2022-08-10,14626.0,series.ar.bcra.fx_deposits_private_sector,108
2022-08-11,14611.0,series.ar.bcra.fx_deposits_private_sector,108
2022-08-12,14569.0,series.ar.bcra.fx_deposits_private_sector,108
2022-08-16,14555.0,series.ar.bcra.fx_deposits_private_sector,108
2022-08-17,14551.0,series.ar.bcra.fx_deposits_private_sector,108
2022-08-18,14549.0,series.ar.bcra.fx_deposits_private_sector,108
2022-08-19,14551.0,series.ar.bcra.fx_deposits_private_sector,108
2022-08-22,14552.0,series.ar.bcra.fx_deposits_private_sector,108
2022-08-23,14547.0,series.ar.bcra.fx_deposits_private_sector,108
2022-08-24,14554.0,series.ar.bcra.fx_deposits_private_sector,108
2022-08-25,14547.0,series.ar.bcra.fx_deposits_private_sector,108
2022-08-26,14543.0,series.ar.bcra.fx_deposits_private_sector,108
2022-08-29,14543.0,series.ar.bcra.fx_deposits_private_sector,108
2022-08-30,14527.0,series.ar.bcra.fx_deposits_private_sector,108
2022-08-31,14527.0,series.ar.bcra.fx_deposits_private_sector,108
2022-09-01,14587.0,series.ar.bcra.fx_deposits_private_sector,108
2022-09-05,14619.0,series.ar.bcra.fx_deposits_private_sector,108
2022-09-06,14635.0,series.ar.bcra.fx_deposits_private_sector,108
2022-09-07,14779.0,series.ar.bcra.fx_deposits_private_sector,108
2022-09-08,14796.0,series.ar.bcra.fx_deposits_private_sector,108
2022-09-09,14781.0,series.ar.bcra.fx_deposits_private_sector,108
2022-09-12,14796.0,series.ar.bcra.fx_deposits_private_sector,108
2022-09-13,14822.0,series.ar.bcra.fx_deposits_private_sector,108
2022-09-14,14843.0,series.ar.bcra.fx_deposits_private_sector,108
2022-09-15,14862.0,series.ar.bcra.fx_deposits_private_sector,108
2022-09-16,14886.0,series.ar.bcra.fx_deposits_private_sector,108
2022-09-19,14920.0,series.ar.bcra.fx_deposits_private_sector,108
2022-09-20,14954.0,series.ar.bcra.fx_deposits_private_sector,108
2022-09-21,14915.0,series.ar.bcra.fx_deposits_private_sector,108
2022-09-22,14933.0,series.ar.bcra.fx_deposits_private_sector,108
2022-09-23,14929.0,series.ar.bcra.fx_deposits_private_sector,108
2022-09-26,14949.0,series.ar.bcra.fx_deposits_private_sector,108
2022-09-27,14939.0,series.ar.bcra.fx_deposits_private_sector,108
2022-09-28,14939.0,series.ar.bcra.fx_deposits_private_sector,108
2022-09-29,14928.0,series.ar.bcra.fx_deposits_private_sector,108
2022-09-30,14930.0,series.ar.bcra.fx_deposits_private_sector,108
2022-10-03,14959.0,series.ar.bcra.fx_deposits_private_sector,108
2022-10-04,14955.0,series.ar.bcra.fx_deposits_private_sector,108
2022-10-05,14963.0,series.ar.bcra.fx_deposits_private_sector,108
2022-10-06,14967.0,series.ar.bcra.fx_deposits_private_sector,108
2022-10-11,14982.0,series.ar.bcra.fx_deposits_private_sector,108
2022-10-12,14973.0,series.ar.bcra.fx_deposits_private_sector,108
2022-10-13,15027.0,series.ar.bcra.fx_deposits_private_sector,108
2022-10-14,14957.0,series.ar.bcra.fx_deposits_private_sector,108
2022-10-17,14960.0,series.ar.bcra.fx_deposits_private_sector,108
2022-10-18,14956.0,series.ar.bcra.fx_deposits_private_sector,108
2022-10-19,14959.0,series.ar.bcra.fx_deposits_private_sector,108
2022-10-20,14940.0,series.ar.bcra.fx_deposits_private_sector,108
2022-10-21,14960.0,series.ar.bcra.fx_deposits_private_sector,108
2022-10-24,15007.0,series.ar.bcra.fx_deposits_private_sector,108
2022-10-25,15067.0,series.ar.bcra.fx_deposits_private_sector,108
2022-10-26,15110.0,series.ar.bcra.fx_deposits_private_sector,108
2022-10-27,15167.0,series.ar.bcra.fx_deposits_private_sector,108
2022-10-28,14988.0,series.ar.bcra.fx_deposits_private_sector,108
2022-10-31,15016.0,series.ar.bcra.fx_deposits_private_sector,108
2022-11-01,15027.0,series.ar.bcra.fx_deposits_private_sector,108
2022-11-02,15072.0,series.ar.bcra.fx_deposits_private_sector,108
2022-11-03,15100.0,series.ar.bcra.fx_deposits_private_sector,108
2022-11-04,15132.0,series.ar.bcra.fx_deposits_private_sector,108
2022-11-07,15186.0,series.ar.bcra.fx_deposits_private_sector,108
2022-11-08,15128.0,series.ar.bcra.fx_deposits_private_sector,108
2022-11-09,15116.0,series.ar.bcra.fx_deposits_private_sector,108
2022-11-10,15110.0,series.ar.bcra.fx_deposits_private_sector,108
2022-11-11,15117.0,series.ar.bcra.fx_deposits_private_sector,108
2022-11-14,15140.0,series.ar.bcra.fx_deposits_private_sector,108
2022-11-15,15181.0,series.ar.bcra.fx_deposits_private_sector,108
2022-11-16,15215.0,series.ar.bcra.fx_deposits_private_sector,108
2022-11-17,15271.0,series.ar.bcra.fx_deposits_private_sector,108
2022-11-18,15292.0,series.ar.bcra.fx_deposits_private_sector,108
2022-11-22,15315.0,series.ar.bcra.fx_deposits_private_sector,108
2022-11-23,15304.0,series.ar.bcra.fx_deposits_private_sector,108
2022-11-24,15317.0,series.ar.bcra.fx_deposits_private_sector,108
2022-11-25,15302.0,series.ar.bcra.fx_deposits_private_sector,108
2022-11-28,15301.0,series.ar.bcra.fx_deposits_private_sector,108
2022-11-29,15318.0,series.ar.bcra.fx_deposits_private_sector,108
2022-11-30,15391.0,series.ar.bcra.fx_deposits_private_sector,108
2022-12-01,15383.0,series.ar.bcra.fx_deposits_private_sector,108
2022-12-02,15393.0,series.ar.bcra.fx_deposits_private_sector,108
2022-12-05,15402.0,series.ar.bcra.fx_deposits_private_sector,108
2022-12-06,15453.0,series.ar.bcra.fx_deposits_private_sector,108
2022-12-07,15458.0,series.ar.bcra.fx_deposits_private_sector,108
2022-12-12,15471.0,series.ar.bcra.fx_deposits_private_sector,108
2022-12-13,15493.0,series.ar.bcra.fx_deposits_private_sector,108
2022-12-14,15498.0,series.ar.bcra.fx_deposits_private_sector,108
2022-12-15,15554.0,series.ar.bcra.fx_deposits_private_sector,108
2022-12-16,15611.0,series.ar.bcra.fx_deposits_private_sector,108
2022-12-19,15684.0,series.ar.bcra.fx_deposits_private_sector,108
2022-12-20,15714.0,series.ar.bcra.fx_deposits_private_sector,108
2022-12-21,15763.0,series.ar.bcra.fx_deposits_private_sector,108
2022-12-22,15828.0,series.ar.bcra.fx_deposits_private_sector,108
2022-12-23,15878.0,series.ar.bcra.fx_deposits_private_sector,108
2022-12-26,15944.0,series.ar.bcra.fx_deposits_private_sector,108
2022-12-27,16056.0,series.ar.bcra.fx_deposits_private_sector,108
2022-12-28,16181.0,series.ar.bcra.fx_deposits_private_sector,108
2022-12-29,16283.0,series.ar.bcra.fx_deposits_private_sector,108
2022-12-30,16329.0,series.ar.bcra.fx_deposits_private_sector,108
2023-01-02,16296.0,series.ar.bcra.fx_deposits_private_sector,108
2023-01-03,16323.0,series.ar.bcra.fx_deposits_private_sector,108
2023-01-04,16300.0,series.ar.bcra.fx_deposits_private_sector,108
2023-01-05,16289.0,series.ar.bcra.fx_deposits_private_sector,108
2023-01-06,16280.0,series.ar.bcra.fx_deposits_private_sector,108
2023-01-09,16321.0,series.ar.bcra.fx_deposits_private_sector,108
2023-01-10,16302.0,series.ar.bcra.fx_deposits_private_sector,108
2023-01-11,16272.0,series.ar.bcra.fx_deposits_private_sector,108
2023-01-12,16276.0,series.ar.bcra.fx_deposits_private_sector,108
2023-01-13,16250.0,series.ar.bcra.fx_deposits_private_sector,108
2023-01-16,16244.0,series.ar.bcra.fx_deposits_private_sector,108
2023-01-17,16241.0,series.ar.bcra.fx_deposits_private_sector,108
2023-01-18,16250.0,series.ar.bcra.fx_deposits_private_sector,108
2023-01-19,16234.0,series.ar.bcra.fx_deposits_private_sector,108
2023-01-20,16214.0,series.ar.bcra.fx_deposits_private_sector,108
2023-01-23,16213.0,series.ar.bcra.fx_deposits_private_sector,108
2023-01-24,16231.0,series.ar.bcra.fx_deposits_private_sector,108
2023-01-25,16213.0,series.ar.bcra.fx_deposits_private_sector,108
2023-01-26,16198.0,series.ar.bcra.fx_deposits_private_sector,108
2023-01-27,16238.0,series.ar.bcra.fx_deposits_private_sector,108
2023-01-30,16270.0,series.ar.bcra.fx_deposits_private_sector,108
2023-01-31,16307.0,series.ar.bcra.fx_deposits_private_sector,108
2023-02-01,16337.0,series.ar.bcra.fx_deposits_private_sector,108
2023-02-02,16347.0,series.ar.bcra.fx_deposits_private_sector,108
2023-02-03,16292.0,series.ar.bcra.fx_deposits_private_sector,108
2023-02-06,16314.0,series.ar.bcra.fx_deposits_private_sector,108
2023-02-07,16329.0,series.ar.bcra.fx_deposits_private_sector,108
2023-02-08,16320.0,series.ar.bcra.fx_deposits_private_sector,108
2023-02-09,16342.0,series.ar.bcra.fx_deposits_private_sector,108
2023-02-10,16370.0,series.ar.bcra.fx_deposits_private_sector,108
2023-02-13,16413.0,series.ar.bcra.fx_deposits_private_sector,108
2023-02-14,16365.0,series.ar.bcra.fx_deposits_private_sector,108
2023-02-15,16367.0,series.ar.bcra.fx_deposits_private_sector,108
2023-02-16,16382.0,series.ar.bcra.fx_deposits_private_sector,108
2023-02-17,16406.0,series.ar.bcra.fx_deposits_private_sector,108
2023-02-22,16426.0,series.ar.bcra.fx_deposits_private_sector,108
2023-02-23,16458.0,series.ar.bcra.fx_deposits_private_sector,108
2023-02-24,16459.0,series.ar.bcra.fx_deposits_private_sector,108
2023-02-27,16352.0,series.ar.bcra.fx_deposits_private_sector,108
2023-02-28,16354.0,series.ar.bcra.fx_deposits_private_sector,108
2023-03-01,16358.0,series.ar.bcra.fx_deposits_private_sector,108
2023-03-02,16365.0,series.ar.bcra.fx_deposits_private_sector,108
2023-03-03,16351.0,series.ar.bcra.fx_deposits_private_sector,108
2023-03-06,16390.0,series.ar.bcra.fx_deposits_private_sector,108
2023-03-07,16420.0,series.ar.bcra.fx_deposits_private_sector,108
2023-03-08,16410.0,series.ar.bcra.fx_deposits_private_sector,108
2023-03-09,16405.0,series.ar.bcra.fx_deposits_private_sector,108
2023-03-10,16396.0,series.ar.bcra.fx_deposits_private_sector,108
2023-03-13,16393.0,series.ar.bcra.fx_deposits_private_sector,108
2023-03-14,16386.0,series.ar.bcra.fx_deposits_private_sector,108
2023-03-15,16391.0,series.ar.bcra.fx_deposits_private_sector,108
2023-03-16,16380.0,series.ar.bcra.fx_deposits_private_sector,108
2023-03-17,16380.0,series.ar.bcra.fx_deposits_private_sector,108
2023-03-20,16381.0,series.ar.bcra.fx_deposits_private_sector,108
2023-03-21,16335.0,series.ar.bcra.fx_deposits_private_sector,108
2023-03-22,16284.0,series.ar.bcra.fx_deposits_private_sector,108
2023-03-23,16237.0,series.ar.bcra.fx_deposits_private_sector,108
2023-03-27,16197.0,series.ar.bcra.fx_deposits_private_sector,108
2023-03-28,16164.0,series.ar.bcra.fx_deposits_private_sector,108
2023-03-29,16165.0,series.ar.bcra.fx_deposits_private_sector,108
2023-03-30,16084.0,series.ar.bcra.fx_deposits_private_sector,108
2023-03-31,16047.0,series.ar.bcra.fx_deposits_private_sector,108
2023-04-03,16061.0,series.ar.bcra.fx_deposits_private_sector,108
2023-04-04,16028.0,series.ar.bcra.fx_deposits_private_sector,108
2023-04-05,16028.0,series.ar.bcra.fx_deposits_private_sector,108
2023-04-10,16034.0,series.ar.bcra.fx_deposits_private_sector,108
2023-04-11,16033.0,series.ar.bcra.fx_deposits_private_sector,108
2023-04-12,15948.0,series.ar.bcra.fx_deposits_private_sector,108
2023-04-13,15955.0,series.ar.bcra.fx_deposits_private_sector,108
2023-04-14,15904.0,series.ar.bcra.fx_deposits_private_sector,108
2023-04-17,15800.0,series.ar.bcra.fx_deposits_private_sector,108
2023-04-18,15823.0,series.ar.bcra.fx_deposits_private_sector,108
2023-04-19,15799.0,series.ar.bcra.fx_deposits_private_sector,108
2023-04-20,15766.0,series.ar.bcra.fx_deposits_private_sector,108
2023-04-21,15672.0,series.ar.bcra.fx_deposits_private_sector,108
2023-04-24,15630.0,series.ar.bcra.fx_deposits_private_sector,108
2023-04-25,15507.0,series.ar.bcra.fx_deposits_private_sector,108
2023-04-26,15391.0,series.ar.bcra.fx_deposits_private_sector,108
2023-04-27,15341.0,series.ar.bcra.fx_deposits_private_sector,108
2023-04-28,15293.0,series.ar.bcra.fx_deposits_private_sector,108
2023-05-02,15302.0,series.ar.bcra.fx_deposits_private_sector,108
2023-05-03,15298.0,series.ar.bcra.fx_deposits_private_sector,108
2023-05-04,15338.0,series.ar.bcra.fx_deposits_private_sector,108
2023-05-05,15306.0,series.ar.bcra.fx_deposits_private_sector,108
2023-05-08,15314.0,series.ar.bcra.fx_deposits_private_sector,108
2023-05-09,15288.0,series.ar.bcra.fx_deposits_private_sector,108
2023-05-10,15263.0,series.ar.bcra.fx_deposits_private_sector,108
2023-05-11,15269.0,series.ar.bcra.fx_deposits_private_sector,108
2023-05-12,15257.0,series.ar.bcra.fx_deposits_private_sector,108
2023-05-15,15258.0,series.ar.bcra.fx_deposits_private_sector,108
2023-05-16,15274.0,series.ar.bcra.fx_deposits_private_sector,108
2023-05-17,15308.0,series.ar.bcra.fx_deposits_private_sector,108
2023-05-18,15331.0,series.ar.bcra.fx_deposits_private_sector,108
2023-05-19,15344.0,series.ar.bcra.fx_deposits_private_sector,108
2023-05-22,15285.0,series.ar.bcra.fx_deposits_private_sector,108
2023-05-23,15285.0,series.ar.bcra.fx_deposits_private_sector,108
2023-05-24,15278.0,series.ar.bcra.fx_deposits_private_sector,108
2023-05-29,15290.0,series.ar.bcra.fx_deposits_private_sector,108
2023-05-30,15293.0,series.ar.bcra.fx_deposits_private_sector,108
2023-05-31,15292.0,series.ar.bcra.fx_deposits_private_sector,108
2023-06-01,15598.0,series.ar.bcra.fx_deposits_private_sector,108
2023-06-02,15571.0,series.ar.bcra.fx_deposits_private_sector,108
2023-06-05,15589.0,series.ar.bcra.fx_deposits_private_sector,108
2023-06-06,15485.0,series.ar.bcra.fx_deposits_private_sector,108
2023-06-07,15486.0,series.ar.bcra.fx_deposits_private_sector,108
2023-06-08,15496.0,series.ar.bcra.fx_deposits_private_sector,108
2023-06-09,15448.0,series.ar.bcra.fx_deposits_private_sector,108
2023-06-12,15437.0,series.ar.bcra.fx_deposits_private_sector,108
2023-06-13,15530.0,series.ar.bcra.fx_deposits_private_sector,108
2023-06-14,15398.0,series.ar.bcra.fx_deposits_private_sector,108
2023-06-15,15355.0,series.ar.bcra.fx_deposits_private_sector,108
2023-06-16,15367.0,series.ar.bcra.fx_deposits_private_sector,108
2023-06-21,15345.0,series.ar.bcra.fx_deposits_private_sector,108
2023-06-22,15370.0,series.ar.bcra.fx_deposits_private_sector,108
2023-06-23,15361.0,series.ar.bcra.fx_deposits_private_sector,108
2023-06-26,15373.0,series.ar.bcra.fx_deposits_private_sector,108
2023-06-27,15376.0,series.ar.bcra.fx_deposits_private_sector,108
2023-06-28,15471.0,series.ar.bcra.fx_deposits_private_sector,108
2023-06-29,15456.0,series.ar.bcra.fx_deposits_private_sector,108
2023-06-30,15430.0,series.ar.bcra.fx_deposits_private_sector,108
2023-07-03,15467.0,series.ar.bcra.fx_deposits_private_sector,108
2023-07-04,15462.0,series.ar.bcra.fx_deposits_private_sector,108
2023-07-05,15453.0,series.ar.bcra.fx_deposits_private_sector,108
2023-07-06,15463.0,series.ar.bcra.fx_deposits_private_sector,108
2023-07-07,15458.0,series.ar.bcra.fx_deposits_private_sector,108
2023-07-10,15500.0,series.ar.bcra.fx_deposits_private_sector,108
2023-07-11,15534.0,series.ar.bcra.fx_deposits_private_sector,108
2023-07-12,15526.0,series.ar.bcra.fx_deposits_private_sector,108
2023-07-13,15522.0,series.ar.bcra.fx_deposits_private_sector,108
2023-07-14,15541.0,series.ar.bcra.fx_deposits_private_sector,108
2023-07-17,15531.0,series.ar.bcra.fx_deposits_private_sector,108
2023-07-18,15534.0,series.ar.bcra.fx_deposits_private_sector,108
2023-07-19,15529.0,series.ar.bcra.fx_deposits_private_sector,108
2023-07-20,15504.0,series.ar.bcra.fx_deposits_private_sector,108
2023-07-21,15451.0,series.ar.bcra.fx_deposits_private_sector,108
2023-07-24,15438.0,series.ar.bcra.fx_deposits_private_sector,108
2023-07-25,15385.0,series.ar.bcra.fx_deposits_private_sector,108
2023-07-26,15397.0,series.ar.bcra.fx_deposits_private_sector,108
2023-07-27,15430.0,series.ar.bcra.fx_deposits_private_sector,108
2023-07-28,15466.0,series.ar.bcra.fx_deposits_private_sector,108
2023-07-31,15506.0,series.ar.bcra.fx_deposits_private_sector,108
2023-08-01,15576.0,series.ar.bcra.fx_deposits_private_sector,108
2023-08-02,15433.0,series.ar.bcra.fx_deposits_private_sector,108
2023-08-03,15447.0,series.ar.bcra.fx_deposits_private_sector,108
2023-08-04,15451.0,series.ar.bcra.fx_deposits_private_sector,108
2023-08-07,15465.0,series.ar.bcra.fx_deposits_private_sector,108
2023-08-08,15459.0,series.ar.bcra.fx_deposits_private_sector,108
2023-08-09,15387.0,series.ar.bcra.fx_deposits_private_sector,108
2023-08-10,15287.0,series.ar.bcra.fx_deposits_private_sector,108
2023-08-11,15232.0,series.ar.bcra.fx_deposits_private_sector,108
2023-08-14,15254.0,series.ar.bcra.fx_deposits_private_sector,108
2023-08-15,15277.0,series.ar.bcra.fx_deposits_private_sector,108
2023-08-16,15228.0,series.ar.bcra.fx_deposits_private_sector,108
2023-08-17,15194.0,series.ar.bcra.fx_deposits_private_sector,108
2023-08-18,15139.0,series.ar.bcra.fx_deposits_private_sector,108
2023-08-22,15128.0,series.ar.bcra.fx_deposits_private_sector,108
2023-08-23,15108.0,series.ar.bcra.fx_deposits_private_sector,108
2023-08-24,15103.0,series.ar.bcra.fx_deposits_private_sector,108
2023-08-25,15063.0,series.ar.bcra.fx_deposits_private_sector,108
2023-08-28,15048.0,series.ar.bcra.fx_deposits_private_sector,108
2023-08-29,15022.0,series.ar.bcra.fx_deposits_private_sector,108
2023-08-30,14965.0,series.ar.bcra.fx_deposits_private_sector,108
2023-08-31,14976.0,series.ar.bcra.fx_deposits_private_sector,108
2023-09-01,14983.0,series.ar.bcra.fx_deposits_private_sector,108
2023-09-04,14979.0,series.ar.bcra.fx_deposits_private_sector,108
2023-09-05,14990.0,series.ar.bcra.fx_deposits_private_sector,108
2023-09-06,14997.0,series.ar.bcra.fx_deposits_private_sector,108
2023-09-07,15005.0,series.ar.bcra.fx_deposits_private_sector,108
2023-09-08,15001.0,series.ar.bcra.fx_deposits_private_sector,108
2023-09-11,15035.0,series.ar.bcra.fx_deposits_private_sector,108
2023-09-12,15057.0,series.ar.bcra.fx_deposits_private_sector,108
2023-09-13,15028.0,series.ar.bcra.fx_deposits_private_sector,108
2023-09-14,15009.0,series.ar.bcra.fx_deposits_private_sector,108
2023-09-15,15005.0,series.ar.bcra.fx_deposits_private_sector,108
2023-09-18,15018.0,series.ar.bcra.fx_deposits_private_sector,108
2023-09-19,15026.0,series.ar.bcra.fx_deposits_private_sector,108
2023-09-20,15013.0,series.ar.bcra.fx_deposits_private_sector,108
2023-09-21,15024.0,series.ar.bcra.fx_deposits_private_sector,108
2023-09-22,14969.0,series.ar.bcra.fx_deposits_private_sector,108
2023-09-25,15010.0,series.ar.bcra.fx_deposits_private_sector,108
2023-09-26,14988.0,series.ar.bcra.fx_deposits_private_sector,108
2023-09-27,14949.0,series.ar.bcra.fx_deposits_private_sector,108
2023-09-28,14952.0,series.ar.bcra.fx_deposits_private_sector,108
2023-09-29,14938.0,series.ar.bcra.fx_deposits_private_sector,108
2023-10-02,14986.0,series.ar.bcra.fx_deposits_private_sector,108
2023-10-03,14994.0,series.ar.bcra.fx_deposits_private_sector,108
2023-10-04,15008.0,series.ar.bcra.fx_deposits_private_sector,108
2023-10-05,15021.0,series.ar.bcra.fx_deposits_private_sector,108
2023-10-06,15001.0,series.ar.bcra.fx_deposits_private_sector,108
2023-10-09,15003.0,series.ar.bcra.fx_deposits_private_sector,108
2023-10-10,14881.0,series.ar.bcra.fx_deposits_private_sector,108
2023-10-11,14742.0,series.ar.bcra.fx_deposits_private_sector,108
2023-10-12,14623.0,series.ar.bcra.fx_deposits_private_sector,108
2023-10-17,14571.0,series.ar.bcra.fx_deposits_private_sector,108
2023-10-18,14533.0,series.ar.bcra.fx_deposits_private_sector,108
2023-10-19,14357.0,series.ar.bcra.fx_deposits_private_sector,108
2023-10-20,14240.0,series.ar.bcra.fx_deposits_private_sector,108
2023-10-23,14262.0,series.ar.bcra.fx_deposits_private_sector,108
2023-10-24,14286.0,series.ar.bcra.fx_deposits_private_sector,108
2023-10-25,14280.0,series.ar.bcra.fx_deposits_private_sector,108
2023-10-26,14308.0,series.ar.bcra.fx_deposits_private_sector,108
2023-10-27,14309.0,series.ar.bcra.fx_deposits_private_sector,108
2023-10-30,14287.0,series.ar.bcra.fx_deposits_private_sector,108
2023-10-31,14262.0,series.ar.bcra.fx_deposits_private_sector,108
2023-11-01,14311.0,series.ar.bcra.fx_deposits_private_sector,108
2023-11-02,14325.0,series.ar.bcra.fx_deposits_private_sector,108
2023-11-03,14334.0,series.ar.bcra.fx_deposits_private_sector,108
2023-11-07,14373.0,series.ar.bcra.fx_deposits_private_sector,108
2023-11-08,14364.0,series.ar.bcra.fx_deposits_private_sector,108
2023-11-09,14343.0,series.ar.bcra.fx_deposits_private_sector,108
2023-11-10,14342.0,series.ar.bcra.fx_deposits_private_sector,108
2023-11-13,14371.0,series.ar.bcra.fx_deposits_private_sector,108
2023-11-14,14378.0,series.ar.bcra.fx_deposits_private_sector,108
2023-11-15,14365.0,series.ar.bcra.fx_deposits_private_sector,108
2023-11-16,14303.0,series.ar.bcra.fx_deposits_private_sector,108
2023-11-17,14191.0,series.ar.bcra.fx_deposits_private_sector,108
2023-11-21,14114.0,series.ar.bcra.fx_deposits_private_sector,108
2023-11-22,14117.0,series.ar.bcra.fx_deposits_private_sector,108
2023-11-23,14095.0,series.ar.bcra.fx_deposits_private_sector,108
2023-11-24,14097.0,series.ar.bcra.fx_deposits_private_sector,108
2023-11-27,14081.0,series.ar.bcra.fx_deposits_private_sector,108
2023-11-28,14090.0,series.ar.bcra.fx_deposits_private_sector,108
2023-11-29,14110.0,series.ar.bcra.fx_deposits_private_sector,108
2023-11-30,14111.0,series.ar.bcra.fx_deposits_private_sector,108
2023-12-01,14133.0,series.ar.bcra.fx_deposits_private_sector,108
2023-12-04,14135.0,series.ar.bcra.fx_deposits_private_sector,108
2023-12-05,14148.0,series.ar.bcra.fx_deposits_private_sector,108
2023-12-06,14151.0,series.ar.bcra.fx_deposits_private_sector,108
2023-12-07,14126.0,series.ar.bcra.fx_deposits_private_sector,108
2023-12-11,14115.0,series.ar.bcra.fx_deposits_private_sector,108
2023-12-12,14094.0,series.ar.bcra.fx_deposits_private_sector,108
2023-12-13,14100.0,series.ar.bcra.fx_deposits_private_sector,108
2023-12-14,14139.0,series.ar.bcra.fx_deposits_private_sector,108
2023-12-15,14207.0,series.ar.bcra.fx_deposits_private_sector,108
2023-12-18,14294.0,series.ar.bcra.fx_deposits_private_sector,108
2023-12-19,14375.0,series.ar.bcra.fx_deposits_private_sector,108
2023-12-20,14432.0,series.ar.bcra.fx_deposits_private_sector,108
2023-12-21,14579.0,series.ar.bcra.fx_deposits_private_sector,108
2023-12-22,14708.0,series.ar.bcra.fx_deposits_private_sector,108
2023-12-26,14907.0,series.ar.bcra.fx_deposits_private_sector,108
2023-12-27,15203.0,series.ar.bcra.fx_deposits_private_sector,108
2023-12-28,15498.0,series.ar.bcra.fx_deposits_private_sector,108
2023-12-29,15802.0,series.ar.bcra.fx_deposits_private_sector,108
2024-01-02,15731.0,series.ar.bcra.fx_deposits_private_sector,108
2024-01-03,15701.0,series.ar.bcra.fx_deposits_private_sector,108
2024-01-04,15699.0,series.ar.bcra.fx_deposits_private_sector,108
2024-01-05,15677.0,series.ar.bcra.fx_deposits_private_sector,108
2024-01-08,15714.0,series.ar.bcra.fx_deposits_private_sector,108
2024-01-09,15767.0,series.ar.bcra.fx_deposits_private_sector,108
2024-01-10,15779.0,series.ar.bcra.fx_deposits_private_sector,108
2024-01-11,15796.0,series.ar.bcra.fx_deposits_private_sector,108
2024-01-12,15798.0,series.ar.bcra.fx_deposits_private_sector,108
2024-01-15,15800.0,series.ar.bcra.fx_deposits_private_sector,108
2024-01-16,15829.0,series.ar.bcra.fx_deposits_private_sector,108
2024-01-17,15864.0,series.ar.bcra.fx_deposits_private_sector,108
2024-01-18,15843.0,series.ar.bcra.fx_deposits_private_sector,108
2024-01-19,15864.0,series.ar.bcra.fx_deposits_private_sector,108
2024-01-22,15863.0,series.ar.bcra.fx_deposits_private_sector,108
2024-01-23,15827.0,series.ar.bcra.fx_deposits_private_sector,108
2024-01-24,15796.0,series.ar.bcra.fx_deposits_private_sector,108
2024-01-25,15802.0,series.ar.bcra.fx_deposits_private_sector,108
2024-01-26,15822.0,series.ar.bcra.fx_deposits_private_sector,108
2024-01-29,15868.0,series.ar.bcra.fx_deposits_private_sector,108
2024-01-30,15924.0,series.ar.bcra.fx_deposits_private_sector,108
2024-01-31,15961.0,series.ar.bcra.fx_deposits_private_sector,108
2024-02-01,16020.0,series.ar.bcra.fx_deposits_private_sector,108
2024-02-02,15887.0,series.ar.bcra.fx_deposits_private_sector,108
2024-02-05,15911.0,series.ar.bcra.fx_deposits_private_sector,108
2024-02-06,15936.0,series.ar.bcra.fx_deposits_private_sector,108
2024-02-07,15956.0,series.ar.bcra.fx_deposits_private_sector,108
2024-02-08,15921.0,series.ar.bcra.fx_deposits_private_sector,108
2024-02-09,15922.0,series.ar.bcra.fx_deposits_private_sector,108
2024-02-14,15931.0,series.ar.bcra.fx_deposits_private_sector,108
2024-02-15,15941.0,series.ar.bcra.fx_deposits_private_sector,108
2024-02-16,15970.0,series.ar.bcra.fx_deposits_private_sector,108
2024-02-19,16001.0,series.ar.bcra.fx_deposits_private_sector,108
2024-02-20,16002.0,series.ar.bcra.fx_deposits_private_sector,108
2024-02-21,16022.0,series.ar.bcra.fx_deposits_private_sector,108
2024-02-22,16054.0,series.ar.bcra.fx_deposits_private_sector,108
2024-02-23,16077.0,series.ar.bcra.fx_deposits_private_sector,108
2024-02-26,16344.0,series.ar.bcra.fx_deposits_private_sector,108
2024-02-27,16360.0,series.ar.bcra.fx_deposits_private_sector,108
2024-02-28,16383.0,series.ar.bcra.fx_deposits_private_sector,108
2024-02-29,16431.0,series.ar.bcra.fx_deposits_private_sector,108
2024-03-01,16426.0,series.ar.bcra.fx_deposits_private_sector,108
2024-03-04,16410.0,series.ar.bcra.fx_deposits_private_sector,108
2024-03-05,16450.0,series.ar.bcra.fx_deposits_private_sector,108
2024-03-06,16477.0,series.ar.bcra.fx_deposits_private_sector,108
2024-03-07,16548.0,series.ar.bcra.fx_deposits_private_sector,108
2024-03-08,16545.0,series.ar.bcra.fx_deposits_private_sector,108
2024-03-11,16568.0,series.ar.bcra.fx_deposits_private_sector,108
2024-03-12,16557.0,series.ar.bcra.fx_deposits_private_sector,108
2024-03-13,16579.0,series.ar.bcra.fx_deposits_private_sector,108
2024-03-14,16625.0,series.ar.bcra.fx_deposits_private_sector,108
2024-03-15,16650.0,series.ar.bcra.fx_deposits_private_sector,108
2024-03-18,16694.0,series.ar.bcra.fx_deposits_private_sector,108
2024-03-19,16742.0,series.ar.bcra.fx_deposits_private_sector,108
2024-03-20,16780.0,series.ar.bcra.fx_deposits_private_sector,108
2024-03-21,16771.0,series.ar.bcra.fx_deposits_private_sector,108
2024-03-22,16768.0,series.ar.bcra.fx_deposits_private_sector,108
2024-03-25,16810.0,series.ar.bcra.fx_deposits_private_sector,108
2024-03-26,16881.0,series.ar.bcra.fx_deposits_private_sector,108
2024-03-27,16909.0,series.ar.bcra.fx_deposits_private_sector,108
2024-04-03,16965.0,series.ar.bcra.fx_deposits_private_sector,108
2024-04-04,17021.0,series.ar.bcra.fx_deposits_private_sector,108
2024-04-05,17044.0,series.ar.bcra.fx_deposits_private_sector,108
2024-04-08,17055.0,series.ar.bcra.fx_deposits_private_sector,108
2024-04-09,17069.0,series.ar.bcra.fx_deposits_private_sector,108
2024-04-10,17092.0,series.ar.bcra.fx_deposits_private_sector,108
2024-04-11,17085.0,series.ar.bcra.fx_deposits_private_sector,108
2024-04-12,17097.0,series.ar.bcra.fx_deposits_private_sector,108
2024-04-15,17090.0,series.ar.bcra.fx_deposits_private_sector,108
2024-04-16,17172.0,series.ar.bcra.fx_deposits_private_sector,108
2024-04-17,17184.0,series.ar.bcra.fx_deposits_private_sector,108
2024-04-18,17200.0,series.ar.bcra.fx_deposits_private_sector,108
2024-04-19,17212.0,series.ar.bcra.fx_deposits_private_sector,108
2024-04-22,17282.0,series.ar.bcra.fx_deposits_private_sector,108
2024-04-23,17278.0,series.ar.bcra.fx_deposits_private_sector,108
2024-04-24,17301.0,series.ar.bcra.fx_deposits_private_sector,108
2024-04-25,17193.0,series.ar.bcra.fx_deposits_private_sector,108
2024-04-26,17209.0,series.ar.bcra.fx_deposits_private_sector,108
2024-04-29,17271.0,series.ar.bcra.fx_deposits_private_sector,108
2024-04-30,17293.0,series.ar.bcra.fx_deposits_private_sector,108
2024-05-02,17313.0,series.ar.bcra.fx_deposits_private_sector,108
2024-05-03,17291.0,series.ar.bcra.fx_deposits_private_sector,108
2024-05-06,17304.0,series.ar.bcra.fx_deposits_private_sector,108
2024-05-07,17308.0,series.ar.bcra.fx_deposits_private_sector,108
2024-05-08,17325.0,series.ar.bcra.fx_deposits_private_sector,108
2024-05-09,17334.0,series.ar.bcra.fx_deposits_private_sector,108
2024-05-10,17355.0,series.ar.bcra.fx_deposits_private_sector,108
2024-05-13,17393.0,series.ar.bcra.fx_deposits_private_sector,108
2024-05-14,17396.0,series.ar.bcra.fx_deposits_private_sector,108
2024-05-15,17399.0,series.ar.bcra.fx_deposits_private_sector,108
2024-05-16,17387.0,series.ar.bcra.fx_deposits_private_sector,108
2024-05-17,17464.0,series.ar.bcra.fx_deposits_private_sector,108
2024-05-20,17453.0,series.ar.bcra.fx_deposits_private_sector,108
2024-05-21,17518.0,series.ar.bcra.fx_deposits_private_sector,108
2024-05-22,17552.0,series.ar.bcra.fx_deposits_private_sector,108
2024-05-23,17550.0,series.ar.bcra.fx_deposits_private_sector,108
2024-05-24,17566.0,series.ar.bcra.fx_deposits_private_sector,108
2024-05-27,17578.0,series.ar.bcra.fx_deposits_private_sector,108
2024-05-28,17635.0,series.ar.bcra.fx_deposits_private_sector,108
2024-05-29,17656.0,series.ar.bcra.fx_deposits_private_sector,108
2024-05-30,17651.0,series.ar.bcra.fx_deposits_private_sector,108
2024-05-31,17723.0,series.ar.bcra.fx_deposits_private_sector,108
2024-06-03,17647.0,series.ar.bcra.fx_deposits_private_sector,108
2024-06-04,17647.0,series.ar.bcra.fx_deposits_private_sector,108
2024-06-05,17658.0,series.ar.bcra.fx_deposits_private_sector,108
2024-06-06,17670.0,series.ar.bcra.fx_deposits_private_sector,108
2024-06-07,17680.0,series.ar.bcra.fx_deposits_private_sector,108
2024-06-10,17670.0,series.ar.bcra.fx_deposits_private_sector,108
2024-06-11,17711.0,series.ar.bcra.fx_deposits_private_sector,108
2024-06-12,17705.0,series.ar.bcra.fx_deposits_private_sector,108
2024-06-13,17680.0,series.ar.bcra.fx_deposits_private_sector,108
2024-06-14,17584.0,series.ar.bcra.fx_deposits_private_sector,108
2024-06-18,17665.0,series.ar.bcra.fx_deposits_private_sector,108
2024-06-19,17699.0,series.ar.bcra.fx_deposits_private_sector,108
2024-06-24,17731.0,series.ar.bcra.fx_deposits_private_sector,108
2024-06-25,17767.0,series.ar.bcra.fx_deposits_private_sector,108
2024-06-26,17798.0,series.ar.bcra.fx_deposits_private_sector,108
2024-06-27,17841.0,series.ar.bcra.fx_deposits_private_sector,108
2024-06-28,17861.0,series.ar.bcra.fx_deposits_private_sector,108
2024-07-01,17852.0,series.ar.bcra.fx_deposits_private_sector,108
2024-07-02,17869.0,series.ar.bcra.fx_deposits_private_sector,108
2024-07-03,17831.0,series.ar.bcra.fx_deposits_private_sector,108
2024-07-04,17851.0,series.ar.bcra.fx_deposits_private_sector,108
2024-07-05,17820.0,series.ar.bcra.fx_deposits_private_sector,108
2024-07-08,17802.0,series.ar.bcra.fx_deposits_private_sector,108
2024-07-10,18116.0,series.ar.bcra.fx_deposits_private_sector,108
2024-07-11,18232.0,series.ar.bcra.fx_deposits_private_sector,108
2024-07-12,18280.0,series.ar.bcra.fx_deposits_private_sector,108
2024-07-15,18294.0,series.ar.bcra.fx_deposits_private_sector,108
2024-07-16,18323.0,series.ar.bcra.fx_deposits_private_sector,108
2024-07-17,18380.0,series.ar.bcra.fx_deposits_private_sector,108
2024-07-18,18432.0,series.ar.bcra.fx_deposits_private_sector,108
2024-07-19,18465.0,series.ar.bcra.fx_deposits_private_sector,108
2024-07-22,18480.0,series.ar.bcra.fx_deposits_private_sector,108
2024-07-23,18467.0,series.ar.bcra.fx_deposits_private_sector,108
2024-07-24,18491.0,series.ar.bcra.fx_deposits_private_sector,108
2024-07-25,18475.0,series.ar.bcra.fx_deposits_private_sector,108
2024-07-26,18463.0,series.ar.bcra.fx_deposits_private_sector,108
2024-07-29,18490.0,series.ar.bcra.fx_deposits_private_sector,108
2024-07-30,18486.0,series.ar.bcra.fx_deposits_private_sector,108
2024-07-31,18605.0,series.ar.bcra.fx_deposits_private_sector,108
2024-08-01,18553.0,series.ar.bcra.fx_deposits_private_sector,108
2024-08-02,18528.0,series.ar.bcra.fx_deposits_private_sector,108
2024-08-05,18544.0,series.ar.bcra.fx_deposits_private_sector,108
2024-08-06,18528.0,series.ar.bcra.fx_deposits_private_sector,108
2024-08-07,18542.0,series.ar.bcra.fx_deposits_private_sector,108
2024-08-08,18562.0,series.ar.bcra.fx_deposits_private_sector,108
2024-08-09,18589.0,series.ar.bcra.fx_deposits_private_sector,108
2024-08-12,18580.0,series.ar.bcra.fx_deposits_private_sector,108
2024-08-13,18613.0,series.ar.bcra.fx_deposits_private_sector,108
2024-08-14,18608.0,series.ar.bcra.fx_deposits_private_sector,108
2024-08-15,18668.0,series.ar.bcra.fx_deposits_private_sector,108
2024-08-16,18682.0,series.ar.bcra.fx_deposits_private_sector,108
2024-08-19,18744.0,series.ar.bcra.fx_deposits_private_sector,108
2024-08-20,18813.0,series.ar.bcra.fx_deposits_private_sector,108
2024-08-21,18876.0,series.ar.bcra.fx_deposits_private_sector,108
2024-08-22,18921.0,series.ar.bcra.fx_deposits_private_sector,108
2024-08-23,19009.0,series.ar.bcra.fx_deposits_private_sector,108
2024-08-26,19071.0,series.ar.bcra.fx_deposits_private_sector,108
2024-08-27,19127.0,series.ar.bcra.fx_deposits_private_sector,108
2024-08-28,19147.0,series.ar.bcra.fx_deposits_private_sector,108
2024-08-29,19259.0,series.ar.bcra.fx_deposits_private_sector,108
2024-08-30,19310.0,series.ar.bcra.fx_deposits_private_sector,108
2024-09-02,19506.0,series.ar.bcra.fx_deposits_private_sector,108
2024-09-03,19665.0,series.ar.bcra.fx_deposits_private_sector,108
2024-09-04,19821.0,series.ar.bcra.fx_deposits_private_sector,108
2024-09-05,19977.0,series.ar.bcra.fx_deposits_private_sector,108
2024-09-06,20095.0,series.ar.bcra.fx_deposits_private_sector,108
2024-09-09,20293.0,series.ar.bcra.fx_deposits_private_sector,108
2024-09-10,20576.0,series.ar.bcra.fx_deposits_private_sector,108
2024-09-11,20867.0,series.ar.bcra.fx_deposits_private_sector,108
2024-09-12,21243.0,series.ar.bcra.fx_deposits_private_sector,108
2024-09-13,21532.0,series.ar.bcra.fx_deposits_private_sector,108
2024-09-16,21921.0,series.ar.bcra.fx_deposits_private_sector,108
2024-09-17,22421.0,series.ar.bcra.fx_deposits_private_sector,108
2024-09-18,22980.0,series.ar.bcra.fx_deposits_private_sector,108
2024-09-19,23735.0,series.ar.bcra.fx_deposits_private_sector,108
2024-09-20,24562.0,series.ar.bcra.fx_deposits_private_sector,108
2024-09-23,25664.0,series.ar.bcra.fx_deposits_private_sector,108
2024-09-24,27028.0,series.ar.bcra.fx_deposits_private_sector,108
2024-09-25,28729.0,series.ar.bcra.fx_deposits_private_sector,108
2024-09-26,29914.0,series.ar.bcra.fx_deposits_private_sector,108
2024-09-27,30836.0,series.ar.bcra.fx_deposits_private_sector,108
2024-09-30,31554.0,series.ar.bcra.fx_deposits_private_sector,108
2024-10-01,31236.0,series.ar.bcra.fx_deposits_private_sector,108
2024-10-02,31169.0,series.ar.bcra.fx_deposits_private_sector,108
2024-10-03,30955.0,series.ar.bcra.fx_deposits_private_sector,108
2024-10-04,30822.0,series.ar.bcra.fx_deposits_private_sector,108
2024-10-07,30694.0,series.ar.bcra.fx_deposits_private_sector,108
2024-10-08,30527.0,series.ar.bcra.fx_deposits_private_sector,108
2024-10-09,30425.0,series.ar.bcra.fx_deposits_private_sector,108
2024-10-10,30490.0,series.ar.bcra.fx_deposits_private_sector,108
2024-10-14,30449.0,series.ar.bcra.fx_deposits_private_sector,108
2024-10-15,30435.0,series.ar.bcra.fx_deposits_private_sector,108
2024-10-16,30522.0,series.ar.bcra.fx_deposits_private_sector,108
2024-10-17,30670.0,series.ar.bcra.fx_deposits_private_sector,108
2024-10-18,30808.0,series.ar.bcra.fx_deposits_private_sector,108
2024-10-21,30938.0,series.ar.bcra.fx_deposits_private_sector,108
2024-10-22,31117.0,series.ar.bcra.fx_deposits_private_sector,108
2024-10-23,31313.0,series.ar.bcra.fx_deposits_private_sector,108
2024-10-24,31632.0,series.ar.bcra.fx_deposits_private_sector,108
2024-10-25,31977.0,series.ar.bcra.fx_deposits_private_sector,108
2024-10-28,32496.0,series.ar.bcra.fx_deposits_private_sector,108
2024-10-29,33321.0,series.ar.bcra.fx_deposits_private_sector,108
2024-10-30,33948.0,series.ar.bcra.fx_deposits_private_sector,108
2024-10-31,34641.0,series.ar.bcra.fx_deposits_private_sector,108
2024-11-01,34390.0,series.ar.bcra.fx_deposits_private_sector,108
2024-11-04,34174.0,series.ar.bcra.fx_deposits_private_sector,108
2024-11-05,34005.0,series.ar.bcra.fx_deposits_private_sector,108
2024-11-07,34098.0,series.ar.bcra.fx_deposits_private_sector,108
2024-11-08,34178.0,series.ar.bcra.fx_deposits_private_sector,108
2024-11-11,33989.0,series.ar.bcra.fx_deposits_private_sector,108
2024-11-12,33807.0,series.ar.bcra.fx_deposits_private_sector,108
2024-11-13,33733.0,series.ar.bcra.fx_deposits_private_sector,108
2024-11-14,33581.0,series.ar.bcra.fx_deposits_private_sector,108
2024-11-15,33507.0,series.ar.bcra.fx_deposits_private_sector,108
2024-11-19,33371.0,series.ar.bcra.fx_deposits_private_sector,108
2024-11-20,33272.0,series.ar.bcra.fx_deposits_private_sector,108
2024-11-21,33160.0,series.ar.bcra.fx_deposits_private_sector,108
2024-11-22,33117.0,series.ar.bcra.fx_deposits_private_sector,108
2024-11-25,33019.0,series.ar.bcra.fx_deposits_private_sector,108
2024-11-26,32958.0,series.ar.bcra.fx_deposits_private_sector,108
2024-11-27,32768.0,series.ar.bcra.fx_deposits_private_sector,108
2024-11-28,32629.0,series.ar.bcra.fx_deposits_private_sector,108
2024-11-29,32575.0,series.ar.bcra.fx_deposits_private_sector,108
2024-12-02,32598.0,series.ar.bcra.fx_deposits_private_sector,108
2024-12-03,32526.0,series.ar.bcra.fx_deposits_private_sector,108
2024-12-04,32237.0,series.ar.bcra.fx_deposits_private_sector,108
2024-12-05,32164.0,series.ar.bcra.fx_deposits_private_sector,108
2024-12-06,32075.0,series.ar.bcra.fx_deposits_private_sector,108
2024-12-09,31949.0,series.ar.bcra.fx_deposits_private_sector,108
2024-12-10,31777.0,series.ar.bcra.fx_deposits_private_sector,108
2024-12-11,31694.0,series.ar.bcra.fx_deposits_private_sector,108
2024-12-12,31617.0,series.ar.bcra.fx_deposits_private_sector,108
2024-12-13,31610.0,series.ar.bcra.fx_deposits_private_sector,108
2024-12-16,31565.0,series.ar.bcra.fx_deposits_private_sector,108
2024-12-17,31494.0,series.ar.bcra.fx_deposits_private_sector,108
2024-12-18,31428.0,series.ar.bcra.fx_deposits_private_sector,108
2024-12-19,31490.0,series.ar.bcra.fx_deposits_private_sector,108
2024-12-20,31508.0,series.ar.bcra.fx_deposits_private_sector,108
2024-12-23,31484.0,series.ar.bcra.fx_deposits_private_sector,108
2024-12-26,31460.0,series.ar.bcra.fx_deposits_private_sector,108
2024-12-27,31440.0,series.ar.bcra.fx_deposits_private_sector,108
2024-12-30,31444.0,series.ar.bcra.fx_deposits_private_sector,108
2025-01-02,31552.0,series.ar.bcra.fx_deposits_private_sector,108
2025-01-03,31486.0,series.ar.bcra.fx_deposits_private_sector,108
2025-01-06,31402.0,series.ar.bcra.fx_deposits_private_sector,108
2025-01-07,31422.0,series.ar.bcra.fx_deposits_private_sector,108
2025-01-08,31429.0,series.ar.bcra.fx_deposits_private_sector,108
2025-01-09,31990.0,series.ar.bcra.fx_deposits_private_sector,108
2025-01-10,31931.0,series.ar.bcra.fx_deposits_private_sector,108
2025-01-13,31951.0,series.ar.bcra.fx_deposits_private_sector,108
2025-01-14,31925.0,series.ar.bcra.fx_deposits_private_sector,108
2025-01-15,31895.0,series.ar.bcra.fx_deposits_private_sector,108
2025-01-16,31860.0,series.ar.bcra.fx_deposits_private_sector,108
2025-01-17,31700.0,series.ar.bcra.fx_deposits_private_sector,108
2025-01-20,31620.0,series.ar.bcra.fx_deposits_private_sector,108
2025-01-21,31567.0,series.ar.bcra.fx_deposits_private_sector,108
2025-01-22,31512.0,series.ar.bcra.fx_deposits_private_sector,108
2025-01-23,31389.0,series.ar.bcra.fx_deposits_private_sector,108
2025-01-24,31427.0,series.ar.bcra.fx_deposits_private_sector,108
2025-01-27,31520.0,series.ar.bcra.fx_deposits_private_sector,108
2025-01-28,31431.0,series.ar.bcra.fx_deposits_private_sector,108
2025-01-29,31301.0,series.ar.bcra.fx_deposits_private_sector,108
2025-01-30,31258.0,series.ar.bcra.fx_deposits_private_sector,108
2025-01-31,31209.0,series.ar.bcra.fx_deposits_private_sector,108
2025-02-03,31098.0,series.ar.bcra.fx_deposits_private_sector,108
2025-02-04,31089.0,series.ar.bcra.fx_deposits_private_sector,108
2025-02-05,30994.0,series.ar.bcra.fx_deposits_private_sector,108
2025-02-06,30853.0,series.ar.bcra.fx_deposits_private_sector,108
2025-02-07,30777.0,series.ar.bcra.fx_deposits_private_sector,108
2025-02-10,30652.0,series.ar.bcra.fx_deposits_private_sector,108
2025-02-11,30693.0,series.ar.bcra.fx_deposits_private_sector,108
2025-02-12,30592.0,series.ar.bcra.fx_deposits_private_sector,108
2025-02-13,30540.0,series.ar.bcra.fx_deposits_private_sector,108
2025-02-14,30532.0,series.ar.bcra.fx_deposits_private_sector,108
2025-02-17,30549.0,series.ar.bcra.fx_deposits_private_sector,108
2025-02-18,30482.0,series.ar.bcra.fx_deposits_private_sector,108
2025-02-19,30572.0,series.ar.bcra.fx_deposits_private_sector,108
2025-02-20,30576.0,series.ar.bcra.fx_deposits_private_sector,108
2025-02-21,30582.0,series.ar.bcra.fx_deposits_private_sector,108
2025-02-24,30449.0,series.ar.bcra.fx_deposits_private_sector,108
2025-02-25,30319.0,series.ar.bcra.fx_deposits_private_sector,108
2025-02-26,30266.0,series.ar.bcra.fx_deposits_private_sector,108
2025-02-27,30141.0,series.ar.bcra.fx_deposits_private_sector,108
2025-02-28,30427.0,series.ar.bcra.fx_deposits_private_sector,108
2025-03-05,30139.0,series.ar.bcra.fx_deposits_private_sector,108
2025-03-06,30052.0,series.ar.bcra.fx_deposits_private_sector,108
2025-03-07,30006.0,series.ar.bcra.fx_deposits_private_sector,108
2025-03-10,29866.0,series.ar.bcra.fx_deposits_private_sector,108
2025-03-11,29819.0,series.ar.bcra.fx_deposits_private_sector,108
2025-03-12,29712.0,series.ar.bcra.fx_deposits_private_sector,108
2025-03-13,29660.0,series.ar.bcra.fx_deposits_private_sector,108
2025-03-14,29630.0,series.ar.bcra.fx_deposits_private_sector,108
2025-03-17,29603.0,series.ar.bcra.fx_deposits_private_sector,108
2025-03-18,29588.0,series.ar.bcra.fx_deposits_private_sector,108
2025-03-19,29608.0,series.ar.bcra.fx_deposits_private_sector,108
2025-03-20,29653.0,series.ar.bcra.fx_deposits_private_sector,108
2025-03-21,29625.0,series.ar.bcra.fx_deposits_private_sector,108
2025-03-25,29552.0,series.ar.bcra.fx_deposits_private_sector,108
2025-03-26,29522.0,series.ar.bcra.fx_deposits_private_sector,108
2025-03-27,29459.0,series.ar.bcra.fx_deposits_private_sector,108
2025-03-28,29364.0,series.ar.bcra.fx_deposits_private_sector,108
2025-03-31,29351.0,series.ar.bcra.fx_deposits_private_sector,108
2025-04-01,29401.0,series.ar.bcra.fx_deposits_private_sector,108
2025-04-03,29298.0,series.ar.bcra.fx_deposits_private_sector,108
2025-04-04,29266.0,series.ar.bcra.fx_deposits_private_sector,108
2025-04-07,29201.0,series.ar.bcra.fx_deposits_private_sector,108
2025-04-08,29119.0,series.ar.bcra.fx_deposits_private_sector,108
2025-04-09,29120.0,series.ar.bcra.fx_deposits_private_sector,108
2025-04-10,29157.0,series.ar.bcra.fx_deposits_private_sector,108
2025-04-11,29045.0,series.ar.bcra.fx_deposits_private_sector,108
2025-04-14,29561.0,series.ar.bcra.fx_deposits_private_sector,108
2025-04-15,29636.0,series.ar.bcra.fx_deposits_private_sector,108
2025-04-16,29941.0,series.ar.bcra.fx_deposits_private_sector,108
2025-04-21,29988.0,series.ar.bcra.fx_deposits_private_sector,108
2025-04-22,30125.0,series.ar.bcra.fx_deposits_private_sector,108
2025-04-23,30108.0,series.ar.bcra.fx_deposits_private_sector,108
2025-04-24,30203.0,series.ar.bcra.fx_deposits_private_sector,108
2025-04-25,30205.0,series.ar.bcra.fx_deposits_private_sector,108
2025-04-28,30182.0,series.ar.bcra.fx_deposits_private_sector,108
2025-04-29,30227.0,series.ar.bcra.fx_deposits_private_sector,108
2025-04-30,30364.0,series.ar.bcra.fx_deposits_private_sector,108
2025-05-05,30307.0,series.ar.bcra.fx_deposits_private_sector,108
2025-05-06,30291.0,series.ar.bcra.fx_deposits_private_sector,108
2025-05-07,30380.0,series.ar.bcra.fx_deposits_private_sector,108
2025-05-08,30422.0,series.ar.bcra.fx_deposits_private_sector,108
2025-05-09,30725.0,series.ar.bcra.fx_deposits_private_sector,108
2025-05-12,30559.0,series.ar.bcra.fx_deposits_private_sector,108
2025-05-13,30598.0,series.ar.bcra.fx_deposits_private_sector,108
2025-05-14,30691.0,series.ar.bcra.fx_deposits_private_sector,108
2025-05-15,30588.0,series.ar.bcra.fx_deposits_private_sector,108
2025-05-16,30604.0,series.ar.bcra.fx_deposits_private_sector,108
2025-05-19,30634.0,series.ar.bcra.fx_deposits_private_sector,108
2025-05-20,30680.0,series.ar.bcra.fx_deposits_private_sector,108
2025-05-21,30648.0,series.ar.bcra.fx_deposits_private_sector,108
2025-05-22,30724.0,series.ar.bcra.fx_deposits_private_sector,108
2025-05-23,30686.0,series.ar.bcra.fx_deposits_private_sector,108
2025-05-26,30645.0,series.ar.bcra.fx_deposits_private_sector,108
2025-05-27,30453.0,series.ar.bcra.fx_deposits_private_sector,108
2025-05-28,30458.0,series.ar.bcra.fx_deposits_private_sector,108
2025-05-29,30391.0,series.ar.bcra.fx_deposits_private_sector,108
2025-05-30,30404.0,series.ar.bcra.fx_deposits_private_sector,108
2025-06-02,30410.0,series.ar.bcra.fx_deposits_private_sector,108
2025-06-03,30286.0,series.ar.bcra.fx_deposits_private_sector,108
2025-06-04,30298.0,series.ar.bcra.fx_deposits_private_sector,108
2025-06-05,30296.0,series.ar.bcra.fx_deposits_private_sector,108
2025-06-06,30266.0,series.ar.bcra.fx_deposits_private_sector,108
2025-06-09,30255.0,series.ar.bcra.fx_deposits_private_sector,108
2025-06-10,30238.0,series.ar.bcra.fx_deposits_private_sector,108
2025-06-11,30237.0,series.ar.bcra.fx_deposits_private_sector,108
2025-06-12,30298.0,series.ar.bcra.fx_deposits_private_sector,108
2025-06-13,30301.0,series.ar.bcra.fx_deposits_private_sector,108
2025-06-17,30335.0,series.ar.bcra.fx_deposits_private_sector,108
2025-06-18,30417.0,series.ar.bcra.fx_deposits_private_sector,108
2025-06-19,30497.0,series.ar.bcra.fx_deposits_private_sector,108
2025-06-23,30462.0,series.ar.bcra.fx_deposits_private_sector,108
2025-06-24,30526.0,series.ar.bcra.fx_deposits_private_sector,108
2025-06-25,30584.0,series.ar.bcra.fx_deposits_private_sector,108
2025-06-26,30616.0,series.ar.bcra.fx_deposits_private_sector,108
2025-06-27,30657.0,series.ar.bcra.fx_deposits_private_sector,108
2025-06-30,30853.0,series.ar.bcra.fx_deposits_private_sector,108
2025-07-01,31002.0,series.ar.bcra.fx_deposits_private_sector,108
2025-07-02,31022.0,series.ar.bcra.fx_deposits_private_sector,108
2025-07-03,31104.0,series.ar.bcra.fx_deposits_private_sector,108
2025-07-04,31220.0,series.ar.bcra.fx_deposits_private_sector,108
2025-07-07,31240.0,series.ar.bcra.fx_deposits_private_sector,108
2025-07-08,31339.0,series.ar.bcra.fx_deposits_private_sector,108
2025-07-10,32170.0,series.ar.bcra.fx_deposits_private_sector,108
2025-07-11,32221.0,series.ar.bcra.fx_deposits_private_sector,108
2025-07-14,32465.0,series.ar.bcra.fx_deposits_private_sector,108
2025-07-15,32638.0,series.ar.bcra.fx_deposits_private_sector,108
2025-07-16,32612.0,series.ar.bcra.fx_deposits_private_sector,108
2025-07-17,32640.0,series.ar.bcra.fx_deposits_private_sector,108
2025-07-18,32770.0,series.ar.bcra.fx_deposits_private_sector,108
2025-07-21,32863.0,series.ar.bcra.fx_deposits_private_sector,108
2025-07-22,32950.0,series.ar.bcra.fx_deposits_private_sector,108
2025-07-23,32921.0,series.ar.bcra.fx_deposits_private_sector,108
2025-07-24,32943.0,series.ar.bcra.fx_deposits_private_sector,108
2025-07-25,32806.0,series.ar.bcra.fx_deposits_private_sector,108
2025-07-28,32692.0,series.ar.bcra.fx_deposits_private_sector,108
2025-07-29,32553.0,series.ar.bcra.fx_deposits_private_sector,108
2025-07-30,32582.0,series.ar.bcra.fx_deposits_private_sector,108
2025-07-31,32591.0,series.ar.bcra.fx_deposits_private_sector,108
2025-08-01,32504.0,series.ar.bcra.fx_deposits_private_sector,108
2025-08-04,32383.0,series.ar.bcra.fx_deposits_private_sector,108
2025-08-05,32087.0,series.ar.bcra.fx_deposits_private_sector,108
2025-08-06,32267.0,series.ar.bcra.fx_deposits_private_sector,108
2025-08-07,32295.0,series.ar.bcra.fx_deposits_private_sector,108
2025-08-08,32279.0,series.ar.bcra.fx_deposits_private_sector,108
2025-08-11,32337.0,series.ar.bcra.fx_deposits_private_sector,108
2025-08-12,32456.0,series.ar.bcra.fx_deposits_private_sector,108
2025-08-13,32444.0,series.ar.bcra.fx_deposits_private_sector,108
2025-08-14,32339.0,series.ar.bcra.fx_deposits_private_sector,108
2025-08-18,32395.0,series.ar.bcra.fx_deposits_private_sector,108
2025-08-19,32424.0,series.ar.bcra.fx_deposits_private_sector,108
2025-08-20,32430.0,series.ar.bcra.fx_deposits_private_sector,108
2025-08-21,32378.0,series.ar.bcra.fx_deposits_private_sector,108
2025-08-22,32321.0,series.ar.bcra.fx_deposits_private_sector,108
2025-08-25,32201.0,series.ar.bcra.fx_deposits_private_sector,108
2025-08-26,32217.0,series.ar.bcra.fx_deposits_private_sector,108
2025-08-27,32268.0,series.ar.bcra.fx_deposits_private_sector,108
2025-08-28,32265.0,series.ar.bcra.fx_deposits_private_sector,108
2025-08-29,32323.0,series.ar.bcra.fx_deposits_private_sector,108
2025-09-01,32266.0,series.ar.bcra.fx_deposits_private_sector,108
2025-09-02,32269.0,series.ar.bcra.fx_deposits_private_sector,108
2025-09-03,32278.0,series.ar.bcra.fx_deposits_private_sector,108
2025-09-04,32332.0,series.ar.bcra.fx_deposits_private_sector,108
2025-09-05,32242.0,series.ar.bcra.fx_deposits_private_sector,108
2025-09-08,32216.0,series.ar.bcra.fx_deposits_private_sector,108
2025-09-09,32271.0,series.ar.bcra.fx_deposits_private_sector,108
2025-09-10,32261.0,series.ar.bcra.fx_deposits_private_sector,108
2025-09-11,32236.0,series.ar.bcra.fx_deposits_private_sector,108
2025-09-12,32355.0,series.ar.bcra.fx_deposits_private_sector,108
2025-09-15,32240.0,series.ar.bcra.fx_deposits_private_sector,108
2025-09-16,32237.0,series.ar.bcra.fx_deposits_private_sector,108
2025-09-17,32272.0,series.ar.bcra.fx_deposits_private_sector,108
2025-09-18,32407.0,series.ar.bcra.fx_deposits_private_sector,108
2025-09-19,32588.0,series.ar.bcra.fx_deposits_private_sector,108
2025-09-22,32544.0,series.ar.bcra.fx_deposits_private_sector,108
2025-09-23,32677.0,series.ar.bcra.fx_deposits_private_sector,108
2025-09-24,32870.0,series.ar.bcra.fx_deposits_private_sector,108
2025-09-25,33228.0,series.ar.bcra.fx_deposits_private_sector,108
2025-09-26,33597.0,series.ar.bcra.fx_deposits_private_sector,108
2025-09-29,33726.0,series.ar.bcra.fx_deposits_private_sector,108
2025-09-30,33949.0,series.ar.bcra.fx_deposits_private_sector,108
2025-10-01,34180.0,series.ar.bcra.fx_deposits_private_sector,108
2025-10-02,34327.0,series.ar.bcra.fx_deposits_private_sector,108
2025-10-03,34443.0,series.ar.bcra.fx_deposits_private_sector,108
2025-10-06,34332.0,series.ar.bcra.fx_deposits_private_sector,108
2025-10-07,34470.0,series.ar.bcra.fx_deposits_private_sector,108
2025-10-08,34447.0,series.ar.bcra.fx_deposits_private_sector,108
2025-10-09,34506.0,series.ar.bcra.fx_deposits_private_sector,108
2025-10-13,34994.0,series.ar.bcra.fx_deposits_private_sector,108
2025-10-14,34949.0,series.ar.bcra.fx_deposits_private_sector,108
2025-10-15,35056.0,series.ar.bcra.fx_deposits_private_sector,108
2025-10-16,35128.0,series.ar.bcra.fx_deposits_private_sector,108
2025-10-17,35075.0,series.ar.bcra.fx_deposits_private_sector,108
2025-10-20,35124.0,series.ar.bcra.fx_deposits_private_sector,108
2025-10-21,35201.0,series.ar.bcra.fx_deposits_private_sector,108
2025-10-22,35260.0,series.ar.bcra.fx_deposits_private_sector,108
2025-10-23,35193.0,series.ar.bcra.fx_deposits_private_sector,108
2025-10-24,35112.0,series.ar.bcra.fx_deposits_private_sector,108
2025-10-27,35227.0,series.ar.bcra.fx_deposits_private_sector,108
2025-10-28,35108.0,series.ar.bcra.fx_deposits_private_sector,108
2025-10-29,35021.0,series.ar.bcra.fx_deposits_private_sector,108
2025-10-30,35047.0,series.ar.bcra.fx_deposits_private_sector,108
2025-10-31,35113.0,series.ar.bcra.fx_deposits_private_sector,108
2025-11-03,35070.0,series.ar.bcra.fx_deposits_private_sector,108
2025-11-04,35022.0,series.ar.bcra.fx_deposits_private_sector,108
2025-11-05,35005.0,series.ar.bcra.fx_deposits_private_sector,108
2025-11-07,34989.0,series.ar.bcra.fx_deposits_private_sector,108
2025-11-10,34988.0,series.ar.bcra.fx_deposits_private_sector,108
2025-11-11,35048.0,series.ar.bcra.fx_deposits_private_sector,108
2025-11-12,35042.0,series.ar.bcra.fx_deposits_private_sector,108
2025-11-13,35079.0,series.ar.bcra.fx_deposits_private_sector,108
2025-11-14,35078.0,series.ar.bcra.fx_deposits_private_sector,108
2025-11-17,35140.0,series.ar.bcra.fx_deposits_private_sector,108
2025-11-18,35401.0,series.ar.bcra.fx_deposits_private_sector,108
2025-11-19,35523.0,series.ar.bcra.fx_deposits_private_sector,108
2025-11-20,35530.0,series.ar.bcra.fx_deposits_private_sector,108
2025-11-25,35589.0,series.ar.bcra.fx_deposits_private_sector,108
2025-11-26,35667.0,series.ar.bcra.fx_deposits_private_sector,108
2025-11-27,35617.0,series.ar.bcra.fx_deposits_private_sector,108
2025-11-28,35740.0,series.ar.bcra.fx_deposits_private_sector,108
2025-12-01,36644.0,series.ar.bcra.fx_deposits_private_sector,108
2025-12-02,36565.0,series.ar.bcra.fx_deposits_private_sector,108
2025-12-03,36479.0,series.ar.bcra.fx_deposits_private_sector,108
2025-12-04,36412.0,series.ar.bcra.fx_deposits_private_sector,108
2025-12-05,36177.0,series.ar.bcra.fx_deposits_private_sector,108
2025-12-09,36195.0,series.ar.bcra.fx_deposits_private_sector,108
2025-12-10,36336.0,series.ar.bcra.fx_deposits_private_sector,108
2025-12-11,36414.0,series.ar.bcra.fx_deposits_private_sector,108
2025-12-12,35978.0,series.ar.bcra.fx_deposits_private_sector,108
2025-12-15,36079.0,series.ar.bcra.fx_deposits_private_sector,108
2025-12-16,36107.0,series.ar.bcra.fx_deposits_private_sector,108
2025-12-17,36160.0,series.ar.bcra.fx_deposits_private_sector,108
2025-12-18,36342.0,series.ar.bcra.fx_deposits_private_sector,108
2025-12-19,36491.0,series.ar.bcra.fx_deposits_private_sector,108
2025-12-22,36572.0,series.ar.bcra.fx_deposits_private_sector,108
2025-12-23,36624.0,series.ar.bcra.fx_deposits_private_sector,108
2025-12-26,36677.0,series.ar.bcra.fx_deposits_private_sector,108
2025-12-29,36656.0,series.ar.bcra.fx_deposits_private_sector,108
2025-12-30,36986.0,series.ar.bcra.fx_deposits_private_sector,108
2026-01-02,37047.0,series.ar.bcra.fx_deposits_private_sector,108
2026-01-05,37064.0,series.ar.bcra.fx_deposits_private_sector,108
2026-01-06,37010.0,series.ar.bcra.fx_deposits_private_sector,108
2026-01-07,37109.0,series.ar.bcra.fx_deposits_private_sector,108
2026-01-08,37140.0,series.ar.bcra.fx_deposits_private_sector,108
2026-01-09,37826.0,series.ar.bcra.fx_deposits_private_sector,108
2026-01-12,37774.0,series.ar.bcra.fx_deposits_private_sector,108
2026-01-13,37667.0,series.ar.bcra.fx_deposits_private_sector,108
2026-01-14,37777.0,series.ar.bcra.fx_deposits_private_sector,108
2026-01-15,37696.0,series.ar.bcra.fx_deposits_private_sector,108
2026-01-16,37903.0,series.ar.bcra.fx_deposits_private_sector,108
2026-01-19,37938.0,series.ar.bcra.fx_deposits_private_sector,108
2026-01-20,37940.0,series.ar.bcra.fx_deposits_private_sector,108
2026-01-21,37991.0,series.ar.bcra.fx_deposits_private_sector,108
2026-01-22,37991.0,series.ar.bcra.fx_deposits_private_sector,108
2026-01-23,38126.0,series.ar.bcra.fx_deposits_private_sector,108
2026-01-26,38083.0,series.ar.bcra.fx_deposits_private_sector,108
2026-01-27,38059.0,series.ar.bcra.fx_deposits_private_sector,108
2026-01-28,37964.0,series.ar.bcra.fx_deposits_private_sector,108
2026-01-29,38012.0,series.ar.bcra.fx_deposits_private_sector,108
2026-01-30,37969.0,series.ar.bcra.fx_deposits_private_sector,108
2026-02-02,37824.0,series.ar.bcra.fx_deposits_private_sector,108
2026-02-03,37980.0,series.ar.bcra.fx_deposits_private_sector,108
2026-02-04,37956.0,series.ar.bcra.fx_deposits_private_sector,108
2026-02-05,37887.0,series.ar.bcra.fx_deposits_private_sector,108
2026-02-06,37810.0,series.ar.bcra.fx_deposits_private_sector,108
2026-02-09,37856.0,series.ar.bcra.fx_deposits_private_sector,108
2026-02-10,37817.0,series.ar.bcra.fx_deposits_private_sector,108
2026-02-11,37929.0,series.ar.bcra.fx_deposits_private_sector,108
2026-02-12,37987.0,series.ar.bcra.fx_deposits_private_sector,108
2026-02-13,38041.0,series.ar.bcra.fx_deposits_private_sector,108
2026-02-18,38090.0,series.ar.bcra.fx_deposits_private_sector,108
2026-02-19,38184.0,series.ar.bcra.fx_deposits_private_sector,108
2026-02-20,38304.0,series.ar.bcra.fx_deposits_private_sector,108
2026-02-23,38373.0,series.ar.bcra.fx_deposits_private_sector,108
2026-02-24,38391.0,series.ar.bcra.fx_deposits_private_sector,108
2026-02-25,38419.0,series.ar.bcra.fx_deposits_private_sector,108
2026-02-26,38467.0,series.ar.bcra.fx_deposits_private_sector,108
2026-02-27,38391.0,series.ar.bcra.fx_deposits_private_sector,108
2026-03-02,39178.0,series.ar.bcra.fx_deposits_private_sector,108
2026-03-03,39081.0,series.ar.bcra.fx_deposits_private_sector,108
2026-03-04,38951.0,series.ar.bcra.fx_deposits_private_sector,108
2026-03-05,38961.0,series.ar.bcra.fx_deposits_private_sector,108
2026-03-06,38888.0,series.ar.bcra.fx_deposits_private_sector,108
2026-03-09,38689.0,series.ar.bcra.fx_deposits_private_sector,108
2026-03-10,38652.0,series.ar.bcra.fx_deposits_private_sector,108
2026-03-11,38629.0,series.ar.bcra.fx_deposits_private_sector,108
2026-03-12,38613.0,series.ar.bcra.fx_deposits_private_sector,108
2026-03-13,38613.0,series.ar.bcra.fx_deposits_private_sector,108
2026-03-16,38576.0,series.ar.bcra.fx_deposits_private_sector,108
2026-03-17,38559.0,series.ar.bcra.fx_deposits_private_sector,108
2026-03-18,38491.0,series.ar.bcra.fx_deposits_private_sector,108
2026-03-19,38419.0,series.ar.bcra.fx_deposits_private_sector,108
2026-03-20,38493.0,series.ar.bcra.fx_deposits_private_sector,108
2026-03-25,38552.0,series.ar.bcra.fx_deposits_private_sector,108
2026-03-26,38626.0,series.ar.bcra.fx_deposits_private_sector,108
2026-03-27,38697.0,series.ar.bcra.fx_deposits_private_sector,108
2026-03-30,38675.0,series.ar.bcra.fx_deposits_private_sector,108
2026-03-31,38479.0,series.ar.bcra.fx_deposits_private_sector,108
2026-04-01,38679.0,series.ar.bcra.fx_deposits_private_sector,108
2026-04-06,38675.0,series.ar.bcra.fx_deposits_private_sector,108
2026-04-07,38783.0,series.ar.bcra.fx_deposits_private_sector,108
2026-04-08,38811.0,series.ar.bcra.fx_deposits_private_sector,108
2026-04-09,38827.0,series.ar.bcra.fx_deposits_private_sector,108
2026-04-10,38877.0,series.ar.bcra.fx_deposits_private_sector,108
2026-04-13,38946.0,series.ar.bcra.fx_deposits_private_sector,108
2026-04-14,39159.0,series.ar.bcra.fx_deposits_private_sector,108
2026-04-15,38893.0,series.ar.bcra.fx_deposits_private_sector,108
2026-04-16,38853.0,series.ar.bcra.fx_deposits_private_sector,108
2026-04-17,38679.0,series.ar.bcra.fx_deposits_private_sector,108
2026-04-20,38774.0,series.ar.bcra.fx_deposits_private_sector,108
2026-04-21,38828.0,series.ar.bcra.fx_deposits_private_sector,108
2026-04-22,38883.0,series.ar.bcra.fx_deposits_private_sector,108
2026-04-23,38955.0,series.ar.bcra.fx_deposits_private_sector,108
2026-04-24,38996.0,series.ar.bcra.fx_deposits_private_sector,108
2026-04-27,38977.0,series.ar.bcra.fx_deposits_private_sector,108
2026-04-28,39051.0,series.ar.bcra.fx_deposits_private_sector,108
2026-04-29,39098.0,series.ar.bcra.fx_deposits_private_sector,108
2026-04-30,38888.0,series.ar.bcra.fx_deposits_private_sector,108
2026-05-04,38868.0,series.ar.bcra.fx_deposits_private_sector,108
2026-05-05,38772.0,series.ar.bcra.fx_deposits_private_sector,108
2026-05-06,38825.0,series.ar.bcra.fx_deposits_private_sector,108
2026-05-07,38886.0,series.ar.bcra.fx_deposits_private_sector,108
2026-05-08,38899.0,series.ar.bcra.fx_deposits_private_sector,108
2026-05-11,38971.0,series.ar.bcra.fx_deposits_private_sector,108
2026-05-12,38900.0,series.ar.bcra.fx_deposits_private_sector,108
2026-05-13,39044.0,series.ar.bcra.fx_deposits_private_sector,108
2026-05-14,39057.0,series.ar.bcra.fx_deposits_private_sector,108
2026-05-15,38815.0,series.ar.bcra.fx_deposits_private_sector,108
2026-05-18,38827.0,series.ar.bcra.fx_deposits_private_sector,108
2026-05-19,38908.0,series.ar.bcra.fx_deposits_private_sector,108
2026-05-20,38950.0,series.ar.bcra.fx_deposits_private_sector,108
2026-05-21,38931.0,series.ar.bcra.fx_deposits_private_sector,108
2026-05-22,39196.0,series.ar.bcra.fx_deposits_private_sector,108
2026-05-26,39145.0,series.ar.bcra.fx_deposits_private_sector,108
2026-05-27,39108.0,series.ar.bcra.fx_deposits_private_sector,108
2026-05-28,39120.0,series.ar.bcra.fx_deposits_private_sector,108
2026-05-29,38844.0,series.ar.bcra.fx_deposits_private_sector,108
2026-06-01,39790.0,series.ar.bcra.fx_deposits_private_sector,108
2026-06-02,39644.0,series.ar.bcra.fx_deposits_private_sector,108
2026-06-03,39643.0,series.ar.bcra.fx_deposits_private_sector,108
2026-06-04,39504.0,series.ar.bcra.fx_deposits_private_sector,108
2026-06-05,39390.0,series.ar.bcra.fx_deposits_private_sector,108
2026-06-08,39297.0,series.ar.bcra.fx_deposits_private_sector,108
2026-06-09,39331.0,series.ar.bcra.fx_deposits_private_sector,108
2026-06-10,39365.0,series.ar.bcra.fx_deposits_private_sector,108
2026-06-11,39405.0,series.ar.bcra.fx_deposits_private_sector,108
2026-06-12,39240.0,series.ar.bcra.fx_deposits_private_sector,108
2026-06-16,39206.0,series.ar.bcra.fx_deposits_private_sector,108
2026-06-17,39259.0,series.ar.bcra.fx_deposits_private_sector,108
2026-06-18,39206.0,series.ar.bcra.fx_deposits_private_sector,108
2026-06-19,39288.0,series.ar.bcra.fx_deposits_private_sector,108
2026-06-22,39345.0,series.ar.bcra.fx_deposits_private_sector,108
2026-06-23,39442.0,series.ar.bcra.fx_deposits_private_sector,108
2026-06-24,39558.0,series.ar.bcra.fx_deposits_private_sector,108
2026-06-25,39549.0,series.ar.bcra.fx_deposits_private_sector,108
2026-06-26,39451.0,series.ar.bcra.fx_deposits_private_sector,108
2026-06-29,39432.0,series.ar.bcra.fx_deposits_private_sector,108
2026-06-30,39336.0,series.ar.bcra.fx_deposits_private_sector,108
2026-07-01,39495.0,series.ar.bcra.fx_deposits_private_sector,108
2026-07-02,39666.0,series.ar.bcra.fx_deposits_private_sector,108
2026-07-03,39796.0,series.ar.bcra.fx_deposits_private_sector,108
2026-07-06,39764.0,series.ar.bcra.fx_deposits_private_sector,108
2026-07-07,39826.0,series.ar.bcra.fx_deposits_private_sector,108
2026-07-08,39815.0,series.ar.bcra.fx_deposits_private_sector,108
2026-07-13,40460.0,series.ar.bcra.fx_deposits_private_sector,108
2026-07-14,40457.0,series.ar.bcra.fx_deposits_private_sector,108
2026-07-15,40524.0,series.ar.bcra.fx_deposits_private_sector,108
2026-07-16,40484.0,series.ar.bcra.fx_deposits_private_sector,108
2026-07-17,40231.0,series.ar.bcra.fx_deposits_private_sector,108
2026-07-20,40313.0,series.ar.bcra.fx_deposits_private_sector,108
2026-07-21,40413.0,series.ar.bcra.fx_deposits_private_sector,108
2026-07-22,40352.0,series.ar.bcra.fx_deposits_private_sector,108
2026-07-23,40410.0,series.ar.bcra.fx_deposits_private_sector,108
2026-07-24,40358.0,series.ar.bcra.fx_deposits_private_sector,108
2026-07-27,40449.0,series.ar.bcra.fx_deposits_private_sector,108
2026-07-28,40535.0,series.ar.bcra.fx_deposits_private_sector,108
2026-07-29,40550.0,series.ar.bcra.fx_deposits_private_sector,108
2026-07-30,40419.0,series.ar.bcra.fx_deposits_private_sector,108
2026-07-31,40266.0,series.ar.bcra.fx_deposits_private_sector,108
2026-08-03,40265.0,series.ar.bcra.fx_deposits_private_sector,108
2026-08-04,40320.0,series.ar.bcra.fx_deposits_private_sector,108
2026-08-05,40416.0,series.ar.bcra.fx_deposits_private_sector,108
2026-08-06,40373.0,series.ar.bcra.fx_deposits_private_sector,108
2026-08-07,40371.0,series.ar.bcra.fx_deposits_private_sector,108
2026-08-10,40339.0,series.ar.bcra.fx_deposits_private_sector,108
2026-08-11,40374.0,series.ar.bcra.fx_deposits_private_sector,108
