date,value,series_id,provider_series_id
2002-03-04,2.0083,series.ar.bcra.wholesale_fx,5
2002-03-05,1.9917,series.ar.bcra.wholesale_fx,5
2002-03-06,2.0508,series.ar.bcra.wholesale_fx,5
2002-03-07,2.1375,series.ar.bcra.wholesale_fx,5
2002-03-08,2.2033,series.ar.bcra.wholesale_fx,5
2002-03-11,2.2525,series.ar.bcra.wholesale_fx,5
2002-03-12,2.365,series.ar.bcra.wholesale_fx,5
2002-03-13,2.3317,series.ar.bcra.wholesale_fx,5
2002-03-14,2.365,series.ar.bcra.wholesale_fx,5
2002-03-15,2.3408,series.ar.bcra.wholesale_fx,5
2002-03-18,2.3175,series.ar.bcra.wholesale_fx,5
2002-03-19,2.3783,series.ar.bcra.wholesale_fx,5
2002-03-20,2.432,series.ar.bcra.wholesale_fx,5
2002-03-21,2.3883,series.ar.bcra.wholesale_fx,5
2002-03-22,2.5683,series.ar.bcra.wholesale_fx,5
2002-03-25,3.205,series.ar.bcra.wholesale_fx,5
2002-03-26,2.9917,series.ar.bcra.wholesale_fx,5
2002-03-27,2.8517,series.ar.bcra.wholesale_fx,5
2002-04-02,2.8875,series.ar.bcra.wholesale_fx,5
2002-04-03,2.9033,series.ar.bcra.wholesale_fx,5
2002-04-04,2.8,series.ar.bcra.wholesale_fx,5
2002-04-05,2.6733,series.ar.bcra.wholesale_fx,5
2002-04-08,2.7042,series.ar.bcra.wholesale_fx,5
2002-04-09,2.7467,series.ar.bcra.wholesale_fx,5
2002-04-10,2.7708,series.ar.bcra.wholesale_fx,5
2002-04-11,2.7883,series.ar.bcra.wholesale_fx,5
2002-04-12,2.8592,series.ar.bcra.wholesale_fx,5
2002-04-15,2.9233,series.ar.bcra.wholesale_fx,5
2002-04-16,2.8533,series.ar.bcra.wholesale_fx,5
2002-04-17,2.805,series.ar.bcra.wholesale_fx,5
2002-04-18,2.9117,series.ar.bcra.wholesale_fx,5
2002-04-19,3.1167,series.ar.bcra.wholesale_fx,5
2002-04-29,3.0217,series.ar.bcra.wholesale_fx,5
2002-04-30,2.9167,series.ar.bcra.wholesale_fx,5
2002-05-02,3.0358,series.ar.bcra.wholesale_fx,5
2002-05-03,3.16,series.ar.bcra.wholesale_fx,5
2002-05-06,3.1633,series.ar.bcra.wholesale_fx,5
2002-05-07,3.1717,series.ar.bcra.wholesale_fx,5
2002-05-08,3.1863,series.ar.bcra.wholesale_fx,5
2002-05-09,3.18,series.ar.bcra.wholesale_fx,5
2002-05-10,3.1767,series.ar.bcra.wholesale_fx,5
2002-05-13,3.2667,series.ar.bcra.wholesale_fx,5
2002-05-14,3.2557,series.ar.bcra.wholesale_fx,5
2002-05-15,3.225,series.ar.bcra.wholesale_fx,5
2002-05-16,3.2228,series.ar.bcra.wholesale_fx,5
2002-05-17,3.33,series.ar.bcra.wholesale_fx,5
2002-05-20,3.5167,series.ar.bcra.wholesale_fx,5
2002-05-21,3.4933,series.ar.bcra.wholesale_fx,5
2002-05-22,3.4208,series.ar.bcra.wholesale_fx,5
2002-05-23,3.3883,series.ar.bcra.wholesale_fx,5
2002-05-24,3.4283,series.ar.bcra.wholesale_fx,5
2002-05-27,3.4483,series.ar.bcra.wholesale_fx,5
2002-05-28,3.4517,series.ar.bcra.wholesale_fx,5
2002-05-29,3.5433,series.ar.bcra.wholesale_fx,5
2002-05-30,3.5917,series.ar.bcra.wholesale_fx,5
2002-05-31,3.575,series.ar.bcra.wholesale_fx,5
2002-06-03,3.5942,series.ar.bcra.wholesale_fx,5
2002-06-04,3.6083,series.ar.bcra.wholesale_fx,5
2002-06-05,3.6267,series.ar.bcra.wholesale_fx,5
2002-06-06,3.6367,series.ar.bcra.wholesale_fx,5
2002-06-07,3.63,series.ar.bcra.wholesale_fx,5
2002-06-10,3.5325,series.ar.bcra.wholesale_fx,5
2002-06-11,3.4558,series.ar.bcra.wholesale_fx,5
2002-06-12,3.445,series.ar.bcra.wholesale_fx,5
2002-06-13,3.4717,series.ar.bcra.wholesale_fx,5
2002-06-14,3.5043,series.ar.bcra.wholesale_fx,5
2002-06-18,3.5078,series.ar.bcra.wholesale_fx,5
2002-06-19,3.5362,series.ar.bcra.wholesale_fx,5
2002-06-20,3.5833,series.ar.bcra.wholesale_fx,5
2002-06-21,3.636,series.ar.bcra.wholesale_fx,5
2002-06-24,3.7058,series.ar.bcra.wholesale_fx,5
2002-06-25,3.85,series.ar.bcra.wholesale_fx,5
2002-06-26,3.8675,series.ar.bcra.wholesale_fx,5
2002-06-27,3.8092,series.ar.bcra.wholesale_fx,5
2002-06-28,3.8037,series.ar.bcra.wholesale_fx,5
2002-07-01,3.7912,series.ar.bcra.wholesale_fx,5
2002-07-02,3.69,series.ar.bcra.wholesale_fx,5
2002-07-03,3.5767,series.ar.bcra.wholesale_fx,5
2002-07-04,3.5558,series.ar.bcra.wholesale_fx,5
2002-07-05,3.5667,series.ar.bcra.wholesale_fx,5
2002-07-08,3.5317,series.ar.bcra.wholesale_fx,5
2002-07-10,3.5303,series.ar.bcra.wholesale_fx,5
2002-07-11,3.555,series.ar.bcra.wholesale_fx,5
2002-07-12,3.5875,series.ar.bcra.wholesale_fx,5
2002-07-15,3.5933,series.ar.bcra.wholesale_fx,5
2002-07-16,3.5907,series.ar.bcra.wholesale_fx,5
2002-07-17,3.4967,series.ar.bcra.wholesale_fx,5
2002-07-18,3.5417,series.ar.bcra.wholesale_fx,5
2002-07-19,3.5845,series.ar.bcra.wholesale_fx,5
2002-07-22,3.5978,series.ar.bcra.wholesale_fx,5
2002-07-23,3.6383,series.ar.bcra.wholesale_fx,5
2002-07-24,3.645,series.ar.bcra.wholesale_fx,5
2002-07-25,3.6267,series.ar.bcra.wholesale_fx,5
2002-07-26,3.6558,series.ar.bcra.wholesale_fx,5
2002-07-29,3.65,series.ar.bcra.wholesale_fx,5
2002-07-30,3.6508,series.ar.bcra.wholesale_fx,5
2002-07-31,3.7008,series.ar.bcra.wholesale_fx,5
2002-08-01,3.6333,series.ar.bcra.wholesale_fx,5
2002-08-02,3.615,series.ar.bcra.wholesale_fx,5
2002-08-05,3.6163,series.ar.bcra.wholesale_fx,5
2002-08-06,3.6208,series.ar.bcra.wholesale_fx,5
2002-08-07,3.6278,series.ar.bcra.wholesale_fx,5
2002-08-08,3.6408,series.ar.bcra.wholesale_fx,5
2002-08-09,3.6367,series.ar.bcra.wholesale_fx,5
2002-08-12,3.62,series.ar.bcra.wholesale_fx,5
2002-08-13,3.6108,series.ar.bcra.wholesale_fx,5
2002-08-14,3.6325,series.ar.bcra.wholesale_fx,5
2002-08-15,3.6417,series.ar.bcra.wholesale_fx,5
2002-08-16,3.6392,series.ar.bcra.wholesale_fx,5
2002-08-20,3.63,series.ar.bcra.wholesale_fx,5
2002-08-21,3.5983,series.ar.bcra.wholesale_fx,5
2002-08-22,3.5817,series.ar.bcra.wholesale_fx,5
2002-08-23,3.6042,series.ar.bcra.wholesale_fx,5
2002-08-26,3.6183,series.ar.bcra.wholesale_fx,5
2002-08-27,3.6258,series.ar.bcra.wholesale_fx,5
2002-08-28,3.605,series.ar.bcra.wholesale_fx,5
2002-08-29,3.6117,series.ar.bcra.wholesale_fx,5
2002-08-30,3.625,series.ar.bcra.wholesale_fx,5
2002-09-02,3.628,series.ar.bcra.wholesale_fx,5
2002-09-03,3.633,series.ar.bcra.wholesale_fx,5
2002-09-04,3.6368,series.ar.bcra.wholesale_fx,5
2002-09-05,3.6247,series.ar.bcra.wholesale_fx,5
2002-09-06,3.6092,series.ar.bcra.wholesale_fx,5
2002-09-09,3.6092,series.ar.bcra.wholesale_fx,5
2002-09-10,3.6183,series.ar.bcra.wholesale_fx,5
2002-09-11,3.61,series.ar.bcra.wholesale_fx,5
2002-09-12,3.6237,series.ar.bcra.wholesale_fx,5
2002-09-13,3.6297,series.ar.bcra.wholesale_fx,5
2002-09-16,3.6393,series.ar.bcra.wholesale_fx,5
2002-09-17,3.6342,series.ar.bcra.wholesale_fx,5
2002-09-18,3.6317,series.ar.bcra.wholesale_fx,5
2002-09-19,3.6508,series.ar.bcra.wholesale_fx,5
2002-09-20,3.658,series.ar.bcra.wholesale_fx,5
2002-09-23,3.6492,series.ar.bcra.wholesale_fx,5
2002-09-24,3.6583,series.ar.bcra.wholesale_fx,5
2002-09-25,3.665,series.ar.bcra.wholesale_fx,5
2002-09-26,3.6678,series.ar.bcra.wholesale_fx,5
2002-09-27,3.701,series.ar.bcra.wholesale_fx,5
2002-09-30,3.7267,series.ar.bcra.wholesale_fx,5
2002-10-01,3.7417,series.ar.bcra.wholesale_fx,5
2002-10-02,3.7608,series.ar.bcra.wholesale_fx,5
2002-10-03,3.7508,series.ar.bcra.wholesale_fx,5
2002-10-04,3.7397,series.ar.bcra.wholesale_fx,5
2002-10-07,3.756,series.ar.bcra.wholesale_fx,5
2002-10-08,3.7422,series.ar.bcra.wholesale_fx,5
2002-10-09,3.715,series.ar.bcra.wholesale_fx,5
2002-10-10,3.6907,series.ar.bcra.wholesale_fx,5
2002-10-11,3.7052,series.ar.bcra.wholesale_fx,5
2002-10-15,3.6792,series.ar.bcra.wholesale_fx,5
2002-10-16,3.612,series.ar.bcra.wholesale_fx,5
2002-10-17,3.5742,series.ar.bcra.wholesale_fx,5
2002-10-18,3.5938,series.ar.bcra.wholesale_fx,5
2002-10-21,3.61,series.ar.bcra.wholesale_fx,5
2002-10-22,3.615,series.ar.bcra.wholesale_fx,5
2002-10-23,3.6002,series.ar.bcra.wholesale_fx,5
2002-10-24,3.6033,series.ar.bcra.wholesale_fx,5
2002-10-25,3.606,series.ar.bcra.wholesale_fx,5
2002-10-28,3.59,series.ar.bcra.wholesale_fx,5
2002-10-29,3.5792,series.ar.bcra.wholesale_fx,5
2002-10-30,3.5532,series.ar.bcra.wholesale_fx,5
2002-10-31,3.5232,series.ar.bcra.wholesale_fx,5
2002-11-01,3.5182,series.ar.bcra.wholesale_fx,5
2002-11-04,3.541,series.ar.bcra.wholesale_fx,5
2002-11-05,3.5367,series.ar.bcra.wholesale_fx,5
2002-11-07,3.5395,series.ar.bcra.wholesale_fx,5
2002-11-08,3.5343,series.ar.bcra.wholesale_fx,5
2002-11-11,3.5422,series.ar.bcra.wholesale_fx,5
2002-11-12,3.5292,series.ar.bcra.wholesale_fx,5
2002-11-13,3.5303,series.ar.bcra.wholesale_fx,5
2002-11-14,3.5358,series.ar.bcra.wholesale_fx,5
2002-11-15,3.5317,series.ar.bcra.wholesale_fx,5
2002-11-18,3.527,series.ar.bcra.wholesale_fx,5
2002-11-19,3.5127,series.ar.bcra.wholesale_fx,5
2002-11-20,3.5123,series.ar.bcra.wholesale_fx,5
2002-11-21,3.5067,series.ar.bcra.wholesale_fx,5
2002-11-22,3.5023,series.ar.bcra.wholesale_fx,5
2002-11-25,3.5047,series.ar.bcra.wholesale_fx,5
2002-11-26,3.4795,series.ar.bcra.wholesale_fx,5
2002-11-27,3.4882,series.ar.bcra.wholesale_fx,5
2002-11-28,3.5425,series.ar.bcra.wholesale_fx,5
2002-11-29,3.5962,series.ar.bcra.wholesale_fx,5
2002-12-02,3.5875,series.ar.bcra.wholesale_fx,5
2002-12-03,3.5372,series.ar.bcra.wholesale_fx,5
2002-12-04,3.5285,series.ar.bcra.wholesale_fx,5
2002-12-05,3.5188,series.ar.bcra.wholesale_fx,5
2002-12-06,3.5307,series.ar.bcra.wholesale_fx,5
2002-12-09,3.5333,series.ar.bcra.wholesale_fx,5
2002-12-10,3.5268,series.ar.bcra.wholesale_fx,5
2002-12-11,3.5065,series.ar.bcra.wholesale_fx,5
2002-12-12,3.4975,series.ar.bcra.wholesale_fx,5
2002-12-13,3.5088,series.ar.bcra.wholesale_fx,5
2002-12-16,3.5365,series.ar.bcra.wholesale_fx,5
2002-12-17,3.538,series.ar.bcra.wholesale_fx,5
2002-12-18,3.5118,series.ar.bcra.wholesale_fx,5
2002-12-19,3.4792,series.ar.bcra.wholesale_fx,5
2002-12-20,3.4748,series.ar.bcra.wholesale_fx,5
2002-12-23,3.47,series.ar.bcra.wholesale_fx,5
2002-12-24,3.4467,series.ar.bcra.wholesale_fx,5
2002-12-26,3.4128,series.ar.bcra.wholesale_fx,5
2002-12-27,3.3967,series.ar.bcra.wholesale_fx,5
2002-12-30,3.3885,series.ar.bcra.wholesale_fx,5
2002-12-31,3.363,series.ar.bcra.wholesale_fx,5
2003-01-02,3.3625,series.ar.bcra.wholesale_fx,5
2003-01-03,3.3328,series.ar.bcra.wholesale_fx,5
2003-01-06,3.329,series.ar.bcra.wholesale_fx,5
2003-01-07,3.2888,series.ar.bcra.wholesale_fx,5
2003-01-08,3.2935,series.ar.bcra.wholesale_fx,5
2003-01-09,3.3143,series.ar.bcra.wholesale_fx,5
2003-01-10,3.3533,series.ar.bcra.wholesale_fx,5
2003-01-13,3.345,series.ar.bcra.wholesale_fx,5
2003-01-14,3.3037,series.ar.bcra.wholesale_fx,5
2003-01-15,3.2275,series.ar.bcra.wholesale_fx,5
2003-01-16,3.2438,series.ar.bcra.wholesale_fx,5
2003-01-17,3.244,series.ar.bcra.wholesale_fx,5
2003-01-20,3.1933,series.ar.bcra.wholesale_fx,5
2003-01-21,3.1328,series.ar.bcra.wholesale_fx,5
2003-01-22,3.0633,series.ar.bcra.wholesale_fx,5
2003-01-23,3.12,series.ar.bcra.wholesale_fx,5
2003-01-24,3.1733,series.ar.bcra.wholesale_fx,5
2003-01-27,3.2592,series.ar.bcra.wholesale_fx,5
2003-01-28,3.3433,series.ar.bcra.wholesale_fx,5
2003-01-29,3.335,series.ar.bcra.wholesale_fx,5
2003-01-30,3.24,series.ar.bcra.wholesale_fx,5
2003-01-31,3.1817,series.ar.bcra.wholesale_fx,5
2003-02-03,3.1983,series.ar.bcra.wholesale_fx,5
2003-02-04,3.1567,series.ar.bcra.wholesale_fx,5
2003-02-05,3.1533,series.ar.bcra.wholesale_fx,5
2003-02-06,3.1458,series.ar.bcra.wholesale_fx,5
2003-02-07,3.1517,series.ar.bcra.wholesale_fx,5
2003-02-10,3.1458,series.ar.bcra.wholesale_fx,5
2003-02-11,3.1017,series.ar.bcra.wholesale_fx,5
2003-02-12,3.0848,series.ar.bcra.wholesale_fx,5
2003-02-13,3.1167,series.ar.bcra.wholesale_fx,5
2003-02-14,3.1908,series.ar.bcra.wholesale_fx,5
2003-02-17,3.1617,series.ar.bcra.wholesale_fx,5
2003-02-18,3.1585,series.ar.bcra.wholesale_fx,5
2003-02-19,3.1843,series.ar.bcra.wholesale_fx,5
2003-02-20,3.2317,series.ar.bcra.wholesale_fx,5
2003-02-21,3.2025,series.ar.bcra.wholesale_fx,5
2003-02-24,3.1838,series.ar.bcra.wholesale_fx,5
2003-02-25,3.15,series.ar.bcra.wholesale_fx,5
2003-02-26,3.1622,series.ar.bcra.wholesale_fx,5
2003-02-27,3.1817,series.ar.bcra.wholesale_fx,5
2003-02-28,3.2013,series.ar.bcra.wholesale_fx,5
2003-03-03,3.2187,series.ar.bcra.wholesale_fx,5
2003-03-04,3.1962,series.ar.bcra.wholesale_fx,5
2003-03-05,3.174,series.ar.bcra.wholesale_fx,5
2003-03-06,3.1808,series.ar.bcra.wholesale_fx,5
2003-03-07,3.1715,series.ar.bcra.wholesale_fx,5
2003-03-10,3.1493,series.ar.bcra.wholesale_fx,5
2003-03-11,3.137,series.ar.bcra.wholesale_fx,5
2003-03-12,3.1133,series.ar.bcra.wholesale_fx,5
2003-03-13,3.1078,series.ar.bcra.wholesale_fx,5
2003-03-14,3.1208,series.ar.bcra.wholesale_fx,5
2003-03-17,3.1,series.ar.bcra.wholesale_fx,5
2003-03-18,3.0655,series.ar.bcra.wholesale_fx,5
2003-03-19,3.0192,series.ar.bcra.wholesale_fx,5
2003-03-20,3.0195,series.ar.bcra.wholesale_fx,5
2003-03-21,3.0357,series.ar.bcra.wholesale_fx,5
2003-03-24,3.0088,series.ar.bcra.wholesale_fx,5
2003-03-25,2.9417,series.ar.bcra.wholesale_fx,5
2003-03-26,2.9012,series.ar.bcra.wholesale_fx,5
2003-03-27,2.871,series.ar.bcra.wholesale_fx,5
2003-03-28,2.9625,series.ar.bcra.wholesale_fx,5
2003-04-01,2.9792,series.ar.bcra.wholesale_fx,5
2003-04-02,2.9243,series.ar.bcra.wholesale_fx,5
2003-04-03,2.9,series.ar.bcra.wholesale_fx,5
2003-04-04,2.9022,series.ar.bcra.wholesale_fx,5
2003-04-07,2.8932,series.ar.bcra.wholesale_fx,5
2003-04-08,2.9092,series.ar.bcra.wholesale_fx,5
2003-04-09,2.9187,series.ar.bcra.wholesale_fx,5
2003-04-10,2.895,series.ar.bcra.wholesale_fx,5
2003-04-11,2.8897,series.ar.bcra.wholesale_fx,5
2003-04-14,2.924,series.ar.bcra.wholesale_fx,5
2003-04-15,2.959,series.ar.bcra.wholesale_fx,5
2003-04-16,2.9377,series.ar.bcra.wholesale_fx,5
2003-04-21,2.8953,series.ar.bcra.wholesale_fx,5
2003-04-22,2.8552,series.ar.bcra.wholesale_fx,5
2003-04-23,2.8378,series.ar.bcra.wholesale_fx,5
2003-04-24,2.852,series.ar.bcra.wholesale_fx,5
2003-04-25,2.8752,series.ar.bcra.wholesale_fx,5
2003-04-28,2.8602,series.ar.bcra.wholesale_fx,5
2003-04-29,2.8547,series.ar.bcra.wholesale_fx,5
2003-04-30,2.8295,series.ar.bcra.wholesale_fx,5
2003-05-02,2.7947,series.ar.bcra.wholesale_fx,5
2003-05-05,2.7975,series.ar.bcra.wholesale_fx,5
2003-05-06,2.7965,series.ar.bcra.wholesale_fx,5
2003-05-07,2.8055,series.ar.bcra.wholesale_fx,5
2003-05-08,2.7683,series.ar.bcra.wholesale_fx,5
2003-05-09,2.7602,series.ar.bcra.wholesale_fx,5
2003-05-12,2.774,series.ar.bcra.wholesale_fx,5
2003-05-13,2.7485,series.ar.bcra.wholesale_fx,5
2003-05-14,2.7678,series.ar.bcra.wholesale_fx,5
2003-05-15,2.8395,series.ar.bcra.wholesale_fx,5
2003-05-16,2.9083,series.ar.bcra.wholesale_fx,5
2003-05-19,2.95,series.ar.bcra.wholesale_fx,5
2003-05-20,2.8832,series.ar.bcra.wholesale_fx,5
2003-05-21,2.853,series.ar.bcra.wholesale_fx,5
2003-05-22,2.839,series.ar.bcra.wholesale_fx,5
2003-05-23,2.8913,series.ar.bcra.wholesale_fx,5
2003-05-26,2.8825,series.ar.bcra.wholesale_fx,5
2003-05-27,2.8683,series.ar.bcra.wholesale_fx,5
2003-05-28,2.8753,series.ar.bcra.wholesale_fx,5
2003-05-29,2.8825,series.ar.bcra.wholesale_fx,5
2003-05-30,2.8632,series.ar.bcra.wholesale_fx,5
2003-06-02,2.8468,series.ar.bcra.wholesale_fx,5
2003-06-03,2.838,series.ar.bcra.wholesale_fx,5
2003-06-04,2.8255,series.ar.bcra.wholesale_fx,5
2003-06-05,2.8225,series.ar.bcra.wholesale_fx,5
2003-06-06,2.8243,series.ar.bcra.wholesale_fx,5
2003-06-09,2.815,series.ar.bcra.wholesale_fx,5
2003-06-10,2.811,series.ar.bcra.wholesale_fx,5
2003-06-11,2.8112,series.ar.bcra.wholesale_fx,5
2003-06-12,2.8383,series.ar.bcra.wholesale_fx,5
2003-06-13,2.8265,series.ar.bcra.wholesale_fx,5
2003-06-17,2.8043,series.ar.bcra.wholesale_fx,5
2003-06-18,2.795,series.ar.bcra.wholesale_fx,5
2003-06-19,2.7987,series.ar.bcra.wholesale_fx,5
2003-06-20,2.8027,series.ar.bcra.wholesale_fx,5
2003-06-23,2.7957,series.ar.bcra.wholesale_fx,5
2003-06-24,2.7728,series.ar.bcra.wholesale_fx,5
2003-06-25,2.7615,series.ar.bcra.wholesale_fx,5
2003-06-26,2.7857,series.ar.bcra.wholesale_fx,5
2003-06-27,2.794,series.ar.bcra.wholesale_fx,5
2003-06-30,2.8075,series.ar.bcra.wholesale_fx,5
2003-07-01,2.8003,series.ar.bcra.wholesale_fx,5
2003-07-02,2.8012,series.ar.bcra.wholesale_fx,5
2003-07-03,2.7967,series.ar.bcra.wholesale_fx,5
2003-07-04,2.7953,series.ar.bcra.wholesale_fx,5
2003-07-07,2.7902,series.ar.bcra.wholesale_fx,5
2003-07-08,2.776,series.ar.bcra.wholesale_fx,5
2003-07-10,2.7673,series.ar.bcra.wholesale_fx,5
2003-07-11,2.7582,series.ar.bcra.wholesale_fx,5
2003-07-14,2.7647,series.ar.bcra.wholesale_fx,5
2003-07-15,2.7815,series.ar.bcra.wholesale_fx,5
2003-07-16,2.7715,series.ar.bcra.wholesale_fx,5
2003-07-17,2.7873,series.ar.bcra.wholesale_fx,5
2003-07-18,2.799,series.ar.bcra.wholesale_fx,5
2003-07-21,2.7973,series.ar.bcra.wholesale_fx,5
2003-07-22,2.7863,series.ar.bcra.wholesale_fx,5
2003-07-23,2.7757,series.ar.bcra.wholesale_fx,5
2003-07-24,2.79,series.ar.bcra.wholesale_fx,5
2003-07-25,2.8183,series.ar.bcra.wholesale_fx,5
2003-07-28,2.8182,series.ar.bcra.wholesale_fx,5
2003-07-29,2.8423,series.ar.bcra.wholesale_fx,5
2003-07-30,2.8797,series.ar.bcra.wholesale_fx,5
2003-07-31,2.9313,series.ar.bcra.wholesale_fx,5
2003-08-01,2.93,series.ar.bcra.wholesale_fx,5
2003-08-04,2.9618,series.ar.bcra.wholesale_fx,5
2003-08-05,2.9385,series.ar.bcra.wholesale_fx,5
2003-08-06,2.931,series.ar.bcra.wholesale_fx,5
2003-08-07,2.9288,series.ar.bcra.wholesale_fx,5
2003-08-08,2.9248,series.ar.bcra.wholesale_fx,5
2003-08-11,2.9207,series.ar.bcra.wholesale_fx,5
2003-08-12,2.9073,series.ar.bcra.wholesale_fx,5
2003-08-13,2.8842,series.ar.bcra.wholesale_fx,5
2003-08-14,2.896,series.ar.bcra.wholesale_fx,5
2003-08-15,2.9,series.ar.bcra.wholesale_fx,5
2003-08-19,2.902,series.ar.bcra.wholesale_fx,5
2003-08-20,2.906,series.ar.bcra.wholesale_fx,5
2003-08-21,2.9352,series.ar.bcra.wholesale_fx,5
2003-08-22,2.97,series.ar.bcra.wholesale_fx,5
2003-08-25,2.9298,series.ar.bcra.wholesale_fx,5
2003-08-26,2.9217,series.ar.bcra.wholesale_fx,5
2003-08-27,2.9572,series.ar.bcra.wholesale_fx,5
2003-08-28,2.972,series.ar.bcra.wholesale_fx,5
2003-08-29,2.9528,series.ar.bcra.wholesale_fx,5
2003-09-01,2.963,series.ar.bcra.wholesale_fx,5
2003-09-02,2.9658,series.ar.bcra.wholesale_fx,5
2003-09-03,2.9773,series.ar.bcra.wholesale_fx,5
2003-09-04,2.9607,series.ar.bcra.wholesale_fx,5
2003-09-05,2.937,series.ar.bcra.wholesale_fx,5
2003-09-08,2.9428,series.ar.bcra.wholesale_fx,5
2003-09-09,2.9567,series.ar.bcra.wholesale_fx,5
2003-09-10,2.9353,series.ar.bcra.wholesale_fx,5
2003-09-11,2.9028,series.ar.bcra.wholesale_fx,5
2003-09-12,2.8942,series.ar.bcra.wholesale_fx,5
2003-09-15,2.8898,series.ar.bcra.wholesale_fx,5
2003-09-16,2.8917,series.ar.bcra.wholesale_fx,5
2003-09-17,2.9067,series.ar.bcra.wholesale_fx,5
2003-09-18,2.9178,series.ar.bcra.wholesale_fx,5
2003-09-19,2.9117,series.ar.bcra.wholesale_fx,5
2003-09-22,2.9107,series.ar.bcra.wholesale_fx,5
2003-09-23,2.8963,series.ar.bcra.wholesale_fx,5
2003-09-24,2.8933,series.ar.bcra.wholesale_fx,5
2003-09-25,2.89,series.ar.bcra.wholesale_fx,5
2003-09-26,2.9007,series.ar.bcra.wholesale_fx,5
2003-09-29,2.9055,series.ar.bcra.wholesale_fx,5
2003-09-30,2.911,series.ar.bcra.wholesale_fx,5
2003-10-01,2.9127,series.ar.bcra.wholesale_fx,5
2003-10-02,2.9012,series.ar.bcra.wholesale_fx,5
2003-10-03,2.8952,series.ar.bcra.wholesale_fx,5
2003-10-06,2.8782,series.ar.bcra.wholesale_fx,5
2003-10-07,2.8685,series.ar.bcra.wholesale_fx,5
2003-10-08,2.8628,series.ar.bcra.wholesale_fx,5
2003-10-09,2.8497,series.ar.bcra.wholesale_fx,5
2003-10-10,2.833,series.ar.bcra.wholesale_fx,5
2003-10-14,2.8372,series.ar.bcra.wholesale_fx,5
2003-10-15,2.8417,series.ar.bcra.wholesale_fx,5
2003-10-16,2.8443,series.ar.bcra.wholesale_fx,5
2003-10-17,2.8502,series.ar.bcra.wholesale_fx,5
2003-10-20,2.8513,series.ar.bcra.wholesale_fx,5
2003-10-21,2.851,series.ar.bcra.wholesale_fx,5
2003-10-22,2.8535,series.ar.bcra.wholesale_fx,5
2003-10-23,2.846,series.ar.bcra.wholesale_fx,5
2003-10-24,2.8428,series.ar.bcra.wholesale_fx,5
2003-10-27,2.8383,series.ar.bcra.wholesale_fx,5
2003-10-28,2.849,series.ar.bcra.wholesale_fx,5
2003-10-29,2.8518,series.ar.bcra.wholesale_fx,5
2003-10-30,2.8632,series.ar.bcra.wholesale_fx,5
2003-10-31,2.8775,series.ar.bcra.wholesale_fx,5
2003-11-03,2.8603,series.ar.bcra.wholesale_fx,5
2003-11-04,2.8517,series.ar.bcra.wholesale_fx,5
2003-11-05,2.8603,series.ar.bcra.wholesale_fx,5
2003-11-07,2.8538,series.ar.bcra.wholesale_fx,5
2003-11-10,2.8453,series.ar.bcra.wholesale_fx,5
2003-11-11,2.8535,series.ar.bcra.wholesale_fx,5
2003-11-12,2.855,series.ar.bcra.wholesale_fx,5
2003-11-13,2.8583,series.ar.bcra.wholesale_fx,5
2003-11-14,2.8718,series.ar.bcra.wholesale_fx,5
2003-11-17,2.876,series.ar.bcra.wholesale_fx,5
2003-11-18,2.8625,series.ar.bcra.wholesale_fx,5
2003-11-19,2.869,series.ar.bcra.wholesale_fx,5
2003-11-20,2.8795,series.ar.bcra.wholesale_fx,5
2003-11-21,2.8873,series.ar.bcra.wholesale_fx,5
2003-11-24,2.8918,series.ar.bcra.wholesale_fx,5
2003-11-25,2.9157,series.ar.bcra.wholesale_fx,5
2003-11-26,2.938,series.ar.bcra.wholesale_fx,5
2003-11-27,2.977,series.ar.bcra.wholesale_fx,5
2003-11-28,2.9877,series.ar.bcra.wholesale_fx,5
2003-12-01,2.9898,series.ar.bcra.wholesale_fx,5
2003-12-02,2.972,series.ar.bcra.wholesale_fx,5
2003-12-03,2.98,series.ar.bcra.wholesale_fx,5
2003-12-04,2.9707,series.ar.bcra.wholesale_fx,5
2003-12-05,2.9693,series.ar.bcra.wholesale_fx,5
2003-12-09,2.9547,series.ar.bcra.wholesale_fx,5
2003-12-10,2.9377,series.ar.bcra.wholesale_fx,5
2003-12-11,2.9473,series.ar.bcra.wholesale_fx,5
2003-12-12,2.9563,series.ar.bcra.wholesale_fx,5
2003-12-15,2.961,series.ar.bcra.wholesale_fx,5
2003-12-16,2.9713,series.ar.bcra.wholesale_fx,5
2003-12-17,2.9717,series.ar.bcra.wholesale_fx,5
2003-12-18,2.9658,series.ar.bcra.wholesale_fx,5
2003-12-19,2.971,series.ar.bcra.wholesale_fx,5
2003-12-22,2.966,series.ar.bcra.wholesale_fx,5
2003-12-23,2.9567,series.ar.bcra.wholesale_fx,5
2003-12-24,2.9605,series.ar.bcra.wholesale_fx,5
2003-12-26,2.9535,series.ar.bcra.wholesale_fx,5
2003-12-29,2.9503,series.ar.bcra.wholesale_fx,5
2003-12-30,2.9345,series.ar.bcra.wholesale_fx,5
2003-12-31,2.933,series.ar.bcra.wholesale_fx,5
2004-01-02,2.9243,series.ar.bcra.wholesale_fx,5
2004-01-05,2.8922,series.ar.bcra.wholesale_fx,5
2004-01-06,2.8573,series.ar.bcra.wholesale_fx,5
2004-01-07,2.873,series.ar.bcra.wholesale_fx,5
2004-01-08,2.8902,series.ar.bcra.wholesale_fx,5
2004-01-09,2.8892,series.ar.bcra.wholesale_fx,5
2004-01-12,2.8663,series.ar.bcra.wholesale_fx,5
2004-01-13,2.8567,series.ar.bcra.wholesale_fx,5
2004-01-14,2.8767,series.ar.bcra.wholesale_fx,5
2004-01-15,2.871,series.ar.bcra.wholesale_fx,5
2004-01-16,2.8722,series.ar.bcra.wholesale_fx,5
2004-01-19,2.8882,series.ar.bcra.wholesale_fx,5
2004-01-20,2.8858,series.ar.bcra.wholesale_fx,5
2004-01-21,2.8932,series.ar.bcra.wholesale_fx,5
2004-01-22,2.9112,series.ar.bcra.wholesale_fx,5
2004-01-23,2.8952,series.ar.bcra.wholesale_fx,5
2004-01-26,2.909,series.ar.bcra.wholesale_fx,5
2004-01-27,2.905,series.ar.bcra.wholesale_fx,5
2004-01-28,2.9175,series.ar.bcra.wholesale_fx,5
2004-01-29,2.9428,series.ar.bcra.wholesale_fx,5
2004-01-30,2.9327,series.ar.bcra.wholesale_fx,5
2004-02-02,2.939,series.ar.bcra.wholesale_fx,5
2004-02-03,2.9252,series.ar.bcra.wholesale_fx,5
2004-02-04,2.9337,series.ar.bcra.wholesale_fx,5
2004-02-05,2.96,series.ar.bcra.wholesale_fx,5
2004-02-06,2.9613,series.ar.bcra.wholesale_fx,5
2004-02-09,2.9445,series.ar.bcra.wholesale_fx,5
2004-02-10,2.928,series.ar.bcra.wholesale_fx,5
2004-02-11,2.9428,series.ar.bcra.wholesale_fx,5
2004-02-12,2.9275,series.ar.bcra.wholesale_fx,5
2004-02-13,2.9173,series.ar.bcra.wholesale_fx,5
2004-02-16,2.9168,series.ar.bcra.wholesale_fx,5
2004-02-17,2.9165,series.ar.bcra.wholesale_fx,5
2004-02-18,2.9342,series.ar.bcra.wholesale_fx,5
2004-02-19,2.9398,series.ar.bcra.wholesale_fx,5
2004-02-20,2.9412,series.ar.bcra.wholesale_fx,5
2004-02-23,2.9218,series.ar.bcra.wholesale_fx,5
2004-02-24,2.9218,series.ar.bcra.wholesale_fx,5
2004-02-25,2.9192,series.ar.bcra.wholesale_fx,5
2004-02-26,2.9243,series.ar.bcra.wholesale_fx,5
2004-02-27,2.9235,series.ar.bcra.wholesale_fx,5
2004-03-01,2.9163,series.ar.bcra.wholesale_fx,5
2004-03-02,2.9233,series.ar.bcra.wholesale_fx,5
2004-03-03,2.9122,series.ar.bcra.wholesale_fx,5
2004-03-04,2.9165,series.ar.bcra.wholesale_fx,5
2004-03-05,2.9325,series.ar.bcra.wholesale_fx,5
2004-03-08,2.9387,series.ar.bcra.wholesale_fx,5
2004-03-09,2.925,series.ar.bcra.wholesale_fx,5
2004-03-10,2.9042,series.ar.bcra.wholesale_fx,5
2004-03-11,2.9182,series.ar.bcra.wholesale_fx,5
2004-03-12,2.912,series.ar.bcra.wholesale_fx,5
2004-03-15,2.9118,series.ar.bcra.wholesale_fx,5
2004-03-16,2.9027,series.ar.bcra.wholesale_fx,5
2004-03-17,2.8932,series.ar.bcra.wholesale_fx,5
2004-03-18,2.8832,series.ar.bcra.wholesale_fx,5
2004-03-19,2.8825,series.ar.bcra.wholesale_fx,5
2004-03-22,2.8667,series.ar.bcra.wholesale_fx,5
2004-03-23,2.8658,series.ar.bcra.wholesale_fx,5
2004-03-24,2.8752,series.ar.bcra.wholesale_fx,5
2004-03-25,2.8818,series.ar.bcra.wholesale_fx,5
2004-03-26,2.8782,series.ar.bcra.wholesale_fx,5
2004-03-29,2.884,series.ar.bcra.wholesale_fx,5
2004-03-30,2.865,series.ar.bcra.wholesale_fx,5
2004-03-31,2.855,series.ar.bcra.wholesale_fx,5
2004-04-01,2.8522,series.ar.bcra.wholesale_fx,5
2004-04-02,2.8457,series.ar.bcra.wholesale_fx,5
2004-04-06,2.8445,series.ar.bcra.wholesale_fx,5
2004-04-07,2.8108,series.ar.bcra.wholesale_fx,5
2004-04-12,2.8037,series.ar.bcra.wholesale_fx,5
2004-04-13,2.8162,series.ar.bcra.wholesale_fx,5
2004-04-14,2.8167,series.ar.bcra.wholesale_fx,5
2004-04-15,2.8142,series.ar.bcra.wholesale_fx,5
2004-04-16,2.8195,series.ar.bcra.wholesale_fx,5
2004-04-19,2.823,series.ar.bcra.wholesale_fx,5
2004-04-20,2.8355,series.ar.bcra.wholesale_fx,5
2004-04-21,2.8518,series.ar.bcra.wholesale_fx,5
2004-04-22,2.8633,series.ar.bcra.wholesale_fx,5
2004-04-23,2.8583,series.ar.bcra.wholesale_fx,5
2004-04-26,2.8407,series.ar.bcra.wholesale_fx,5
2004-04-27,2.8298,series.ar.bcra.wholesale_fx,5
2004-04-28,2.8483,series.ar.bcra.wholesale_fx,5
2004-04-29,2.863,series.ar.bcra.wholesale_fx,5
2004-04-30,2.8452,series.ar.bcra.wholesale_fx,5
2004-05-03,2.8438,series.ar.bcra.wholesale_fx,5
2004-05-04,2.8592,series.ar.bcra.wholesale_fx,5
2004-05-05,2.864,series.ar.bcra.wholesale_fx,5
2004-05-06,2.8837,series.ar.bcra.wholesale_fx,5
2004-05-07,2.9183,series.ar.bcra.wholesale_fx,5
2004-05-10,2.9597,series.ar.bcra.wholesale_fx,5
2004-05-11,2.9143,series.ar.bcra.wholesale_fx,5
2004-05-12,2.9098,series.ar.bcra.wholesale_fx,5
2004-05-13,2.9278,series.ar.bcra.wholesale_fx,5
2004-05-14,2.9097,series.ar.bcra.wholesale_fx,5
2004-05-17,2.9097,series.ar.bcra.wholesale_fx,5
2004-05-18,2.9057,series.ar.bcra.wholesale_fx,5
2004-05-19,2.9102,series.ar.bcra.wholesale_fx,5
2004-05-20,2.9313,series.ar.bcra.wholesale_fx,5
2004-05-21,2.9525,series.ar.bcra.wholesale_fx,5
2004-05-24,2.9512,series.ar.bcra.wholesale_fx,5
2004-05-26,2.9535,series.ar.bcra.wholesale_fx,5
2004-05-27,2.9622,series.ar.bcra.wholesale_fx,5
2004-05-28,2.9627,series.ar.bcra.wholesale_fx,5
2004-05-31,2.9642,series.ar.bcra.wholesale_fx,5
2004-06-01,2.9658,series.ar.bcra.wholesale_fx,5
2004-06-02,2.9537,series.ar.bcra.wholesale_fx,5
2004-06-03,2.9533,series.ar.bcra.wholesale_fx,5
2004-06-04,2.969,series.ar.bcra.wholesale_fx,5
2004-06-07,2.965,series.ar.bcra.wholesale_fx,5
2004-06-08,2.9743,series.ar.bcra.wholesale_fx,5
2004-06-09,2.962,series.ar.bcra.wholesale_fx,5
2004-06-10,2.9638,series.ar.bcra.wholesale_fx,5
2004-06-11,2.9695,series.ar.bcra.wholesale_fx,5
2004-06-14,2.9708,series.ar.bcra.wholesale_fx,5
2004-06-15,2.9552,series.ar.bcra.wholesale_fx,5
2004-06-16,2.9543,series.ar.bcra.wholesale_fx,5
2004-06-17,2.9555,series.ar.bcra.wholesale_fx,5
2004-06-18,2.9632,series.ar.bcra.wholesale_fx,5
2004-06-22,2.9632,series.ar.bcra.wholesale_fx,5
2004-06-23,2.9505,series.ar.bcra.wholesale_fx,5
2004-06-24,2.9378,series.ar.bcra.wholesale_fx,5
2004-06-25,2.9543,series.ar.bcra.wholesale_fx,5
2004-06-28,2.9593,series.ar.bcra.wholesale_fx,5
2004-06-29,2.9642,series.ar.bcra.wholesale_fx,5
2004-06-30,2.9607,series.ar.bcra.wholesale_fx,5
2004-07-01,2.9505,series.ar.bcra.wholesale_fx,5
2004-07-02,2.9472,series.ar.bcra.wholesale_fx,5
2004-07-05,2.9485,series.ar.bcra.wholesale_fx,5
2004-07-06,2.9417,series.ar.bcra.wholesale_fx,5
2004-07-07,2.9428,series.ar.bcra.wholesale_fx,5
2004-07-08,2.9532,series.ar.bcra.wholesale_fx,5
2004-07-12,2.957,series.ar.bcra.wholesale_fx,5
2004-07-13,2.9513,series.ar.bcra.wholesale_fx,5
2004-07-14,2.9473,series.ar.bcra.wholesale_fx,5
2004-07-15,2.9463,series.ar.bcra.wholesale_fx,5
2004-07-16,2.9382,series.ar.bcra.wholesale_fx,5
2004-07-19,2.9443,series.ar.bcra.wholesale_fx,5
2004-07-20,2.9497,series.ar.bcra.wholesale_fx,5
2004-07-21,2.9522,series.ar.bcra.wholesale_fx,5
2004-07-22,2.955,series.ar.bcra.wholesale_fx,5
2004-07-23,2.962,series.ar.bcra.wholesale_fx,5
2004-07-26,2.973,series.ar.bcra.wholesale_fx,5
2004-07-27,2.9745,series.ar.bcra.wholesale_fx,5
2004-07-28,2.9713,series.ar.bcra.wholesale_fx,5
2004-07-29,2.9775,series.ar.bcra.wholesale_fx,5
2004-07-30,2.976,series.ar.bcra.wholesale_fx,5
2004-08-02,2.9852,series.ar.bcra.wholesale_fx,5
2004-08-03,2.9932,series.ar.bcra.wholesale_fx,5
2004-08-04,3.0118,series.ar.bcra.wholesale_fx,5
2004-08-05,3.04,series.ar.bcra.wholesale_fx,5
2004-08-06,3.0718,series.ar.bcra.wholesale_fx,5
2004-08-09,3.045,series.ar.bcra.wholesale_fx,5
2004-08-10,3.023,series.ar.bcra.wholesale_fx,5
2004-08-11,3.028,series.ar.bcra.wholesale_fx,5
2004-08-12,3.0207,series.ar.bcra.wholesale_fx,5
2004-08-13,3.0112,series.ar.bcra.wholesale_fx,5
2004-08-17,3.0107,series.ar.bcra.wholesale_fx,5
2004-08-18,3.018,series.ar.bcra.wholesale_fx,5
2004-08-19,3.007,series.ar.bcra.wholesale_fx,5
2004-08-20,3.0087,series.ar.bcra.wholesale_fx,5
2004-08-23,3.0077,series.ar.bcra.wholesale_fx,5
2004-08-24,3.002,series.ar.bcra.wholesale_fx,5
2004-08-25,2.9892,series.ar.bcra.wholesale_fx,5
2004-08-26,2.9938,series.ar.bcra.wholesale_fx,5
2004-08-27,3.0097,series.ar.bcra.wholesale_fx,5
2004-08-30,3.0082,series.ar.bcra.wholesale_fx,5
2004-08-31,3.0003,series.ar.bcra.wholesale_fx,5
2004-09-01,2.9977,series.ar.bcra.wholesale_fx,5
2004-09-02,3.0017,series.ar.bcra.wholesale_fx,5
2004-09-03,3.002,series.ar.bcra.wholesale_fx,5
2004-09-06,2.9928,series.ar.bcra.wholesale_fx,5
2004-09-07,2.9932,series.ar.bcra.wholesale_fx,5
2004-09-08,2.9948,series.ar.bcra.wholesale_fx,5
2004-09-09,3.0045,series.ar.bcra.wholesale_fx,5
2004-09-10,3.0095,series.ar.bcra.wholesale_fx,5
2004-09-13,3.0087,series.ar.bcra.wholesale_fx,5
2004-09-14,2.9957,series.ar.bcra.wholesale_fx,5
2004-09-15,2.9832,series.ar.bcra.wholesale_fx,5
2004-09-16,2.9803,series.ar.bcra.wholesale_fx,5
2004-09-17,3.0048,series.ar.bcra.wholesale_fx,5
2004-09-20,2.9938,series.ar.bcra.wholesale_fx,5
2004-09-21,3.0028,series.ar.bcra.wholesale_fx,5
2004-09-22,3.001,series.ar.bcra.wholesale_fx,5
2004-09-23,2.9925,series.ar.bcra.wholesale_fx,5
2004-09-24,2.9983,series.ar.bcra.wholesale_fx,5
2004-09-27,2.9948,series.ar.bcra.wholesale_fx,5
2004-09-28,2.991,series.ar.bcra.wholesale_fx,5
2004-09-29,2.9867,series.ar.bcra.wholesale_fx,5
2004-09-30,2.9825,series.ar.bcra.wholesale_fx,5
2004-10-01,2.979,series.ar.bcra.wholesale_fx,5
2004-10-04,2.973,series.ar.bcra.wholesale_fx,5
2004-10-05,2.9698,series.ar.bcra.wholesale_fx,5
2004-10-06,2.972,series.ar.bcra.wholesale_fx,5
2004-10-07,2.9743,series.ar.bcra.wholesale_fx,5
2004-10-08,2.9657,series.ar.bcra.wholesale_fx,5
2004-10-12,2.9663,series.ar.bcra.wholesale_fx,5
2004-10-13,2.9735,series.ar.bcra.wholesale_fx,5
2004-10-14,2.9752,series.ar.bcra.wholesale_fx,5
2004-10-15,2.9718,series.ar.bcra.wholesale_fx,5
2004-10-18,2.961,series.ar.bcra.wholesale_fx,5
2004-10-19,2.9558,series.ar.bcra.wholesale_fx,5
2004-10-20,2.9633,series.ar.bcra.wholesale_fx,5
2004-10-21,2.9563,series.ar.bcra.wholesale_fx,5
2004-10-22,2.9588,series.ar.bcra.wholesale_fx,5
2004-10-25,2.9688,series.ar.bcra.wholesale_fx,5
2004-10-26,2.9713,series.ar.bcra.wholesale_fx,5
2004-10-27,2.9737,series.ar.bcra.wholesale_fx,5
2004-10-28,2.9758,series.ar.bcra.wholesale_fx,5
2004-10-29,2.9782,series.ar.bcra.wholesale_fx,5
2004-11-01,2.968,series.ar.bcra.wholesale_fx,5
2004-11-02,2.959,series.ar.bcra.wholesale_fx,5
2004-11-03,2.9558,series.ar.bcra.wholesale_fx,5
2004-11-04,2.9587,series.ar.bcra.wholesale_fx,5
2004-11-05,2.9622,series.ar.bcra.wholesale_fx,5
2004-11-08,2.9673,series.ar.bcra.wholesale_fx,5
2004-11-09,2.9757,series.ar.bcra.wholesale_fx,5
2004-11-10,2.969,series.ar.bcra.wholesale_fx,5
2004-11-11,2.9678,series.ar.bcra.wholesale_fx,5
2004-11-12,2.9638,series.ar.bcra.wholesale_fx,5
2004-11-15,2.9553,series.ar.bcra.wholesale_fx,5
2004-11-16,2.9517,series.ar.bcra.wholesale_fx,5
2004-11-17,2.9427,series.ar.bcra.wholesale_fx,5
2004-11-18,2.9343,series.ar.bcra.wholesale_fx,5
2004-11-19,2.9443,series.ar.bcra.wholesale_fx,5
2004-11-22,2.9543,series.ar.bcra.wholesale_fx,5
2004-11-23,2.949,series.ar.bcra.wholesale_fx,5
2004-11-24,2.9427,series.ar.bcra.wholesale_fx,5
2004-11-25,2.9437,series.ar.bcra.wholesale_fx,5
2004-11-26,2.9402,series.ar.bcra.wholesale_fx,5
2004-11-29,2.9455,series.ar.bcra.wholesale_fx,5
2004-11-30,2.951,series.ar.bcra.wholesale_fx,5
2004-12-01,2.9418,series.ar.bcra.wholesale_fx,5
2004-12-02,2.9537,series.ar.bcra.wholesale_fx,5
2004-12-03,2.9715,series.ar.bcra.wholesale_fx,5
2004-12-06,2.983,series.ar.bcra.wholesale_fx,5
2004-12-07,2.9913,series.ar.bcra.wholesale_fx,5
2004-12-09,2.9797,series.ar.bcra.wholesale_fx,5
2004-12-10,2.9758,series.ar.bcra.wholesale_fx,5
2004-12-13,2.9762,series.ar.bcra.wholesale_fx,5
2004-12-14,2.9725,series.ar.bcra.wholesale_fx,5
2004-12-15,2.9795,series.ar.bcra.wholesale_fx,5
2004-12-16,2.9863,series.ar.bcra.wholesale_fx,5
2004-12-17,2.9868,series.ar.bcra.wholesale_fx,5
2004-12-20,2.9707,series.ar.bcra.wholesale_fx,5
2004-12-21,2.9537,series.ar.bcra.wholesale_fx,5
2004-12-22,2.9617,series.ar.bcra.wholesale_fx,5
2004-12-23,2.9607,series.ar.bcra.wholesale_fx,5
2004-12-24,2.955,series.ar.bcra.wholesale_fx,5
2004-12-27,2.9583,series.ar.bcra.wholesale_fx,5
2004-12-28,2.9682,series.ar.bcra.wholesale_fx,5
2004-12-29,2.983,series.ar.bcra.wholesale_fx,5
2004-12-30,2.977,series.ar.bcra.wholesale_fx,5
2004-12-31,2.9738,series.ar.bcra.wholesale_fx,5
2005-01-03,2.9653,series.ar.bcra.wholesale_fx,5
2005-01-04,2.9705,series.ar.bcra.wholesale_fx,5
2005-01-05,2.9712,series.ar.bcra.wholesale_fx,5
2005-01-06,2.9718,series.ar.bcra.wholesale_fx,5
2005-01-07,2.9653,series.ar.bcra.wholesale_fx,5
2005-01-10,2.967,series.ar.bcra.wholesale_fx,5
2005-01-11,2.9653,series.ar.bcra.wholesale_fx,5
2005-01-12,2.9538,series.ar.bcra.wholesale_fx,5
2005-01-13,2.9375,series.ar.bcra.wholesale_fx,5
2005-01-14,2.9388,series.ar.bcra.wholesale_fx,5
2005-01-17,2.9332,series.ar.bcra.wholesale_fx,5
2005-01-18,2.9375,series.ar.bcra.wholesale_fx,5
2005-01-19,2.9365,series.ar.bcra.wholesale_fx,5
2005-01-20,2.9443,series.ar.bcra.wholesale_fx,5
2005-01-21,2.9432,series.ar.bcra.wholesale_fx,5
2005-01-24,2.9392,series.ar.bcra.wholesale_fx,5
2005-01-25,2.9258,series.ar.bcra.wholesale_fx,5
2005-01-26,2.9233,series.ar.bcra.wholesale_fx,5
2005-01-27,2.9258,series.ar.bcra.wholesale_fx,5
2005-01-28,2.926,series.ar.bcra.wholesale_fx,5
2005-01-31,2.9253,series.ar.bcra.wholesale_fx,5
2005-02-01,2.9202,series.ar.bcra.wholesale_fx,5
2005-02-02,2.9243,series.ar.bcra.wholesale_fx,5
2005-02-03,2.9213,series.ar.bcra.wholesale_fx,5
2005-02-04,2.9177,series.ar.bcra.wholesale_fx,5
2005-02-07,2.919,series.ar.bcra.wholesale_fx,5
2005-02-08,2.915,series.ar.bcra.wholesale_fx,5
2005-02-09,2.9087,series.ar.bcra.wholesale_fx,5
2005-02-10,2.9087,series.ar.bcra.wholesale_fx,5
2005-02-11,2.9122,series.ar.bcra.wholesale_fx,5
2005-02-14,2.906,series.ar.bcra.wholesale_fx,5
2005-02-15,2.9057,series.ar.bcra.wholesale_fx,5
2005-02-16,2.8973,series.ar.bcra.wholesale_fx,5
2005-02-17,2.8893,series.ar.bcra.wholesale_fx,5
2005-02-18,2.905,series.ar.bcra.wholesale_fx,5
2005-02-21,2.9105,series.ar.bcra.wholesale_fx,5
2005-02-22,2.9155,series.ar.bcra.wholesale_fx,5
2005-02-23,2.928,series.ar.bcra.wholesale_fx,5
2005-02-24,2.9353,series.ar.bcra.wholesale_fx,5
2005-02-25,2.9345,series.ar.bcra.wholesale_fx,5
2005-02-28,2.9327,series.ar.bcra.wholesale_fx,5
2005-03-01,2.9422,series.ar.bcra.wholesale_fx,5
2005-03-02,2.9518,series.ar.bcra.wholesale_fx,5
2005-03-03,2.9522,series.ar.bcra.wholesale_fx,5
2005-03-04,2.9397,series.ar.bcra.wholesale_fx,5
2005-03-07,2.9253,series.ar.bcra.wholesale_fx,5
2005-03-08,2.9312,series.ar.bcra.wholesale_fx,5
2005-03-09,2.9355,series.ar.bcra.wholesale_fx,5
2005-03-10,2.9353,series.ar.bcra.wholesale_fx,5
2005-03-11,2.9232,series.ar.bcra.wholesale_fx,5
2005-03-14,2.9183,series.ar.bcra.wholesale_fx,5
2005-03-15,2.9178,series.ar.bcra.wholesale_fx,5
2005-03-16,2.923,series.ar.bcra.wholesale_fx,5
2005-03-17,2.92,series.ar.bcra.wholesale_fx,5
2005-03-18,2.9145,series.ar.bcra.wholesale_fx,5
2005-03-21,2.9163,series.ar.bcra.wholesale_fx,5
2005-03-22,2.9142,series.ar.bcra.wholesale_fx,5
2005-03-23,2.9165,series.ar.bcra.wholesale_fx,5
2005-03-28,2.9188,series.ar.bcra.wholesale_fx,5
2005-03-29,2.9222,series.ar.bcra.wholesale_fx,5
2005-03-30,2.9163,series.ar.bcra.wholesale_fx,5
2005-03-31,2.9233,series.ar.bcra.wholesale_fx,5
2005-04-01,2.9188,series.ar.bcra.wholesale_fx,5
2005-04-04,2.9187,series.ar.bcra.wholesale_fx,5
2005-04-05,2.9158,series.ar.bcra.wholesale_fx,5
2005-04-06,2.9067,series.ar.bcra.wholesale_fx,5
2005-04-07,2.8925,series.ar.bcra.wholesale_fx,5
2005-04-08,2.8938,series.ar.bcra.wholesale_fx,5
2005-04-11,2.8927,series.ar.bcra.wholesale_fx,5
2005-04-12,2.8897,series.ar.bcra.wholesale_fx,5
2005-04-13,2.8823,series.ar.bcra.wholesale_fx,5
2005-04-14,2.8838,series.ar.bcra.wholesale_fx,5
2005-04-15,2.8938,series.ar.bcra.wholesale_fx,5
2005-04-18,2.9012,series.ar.bcra.wholesale_fx,5
2005-04-19,2.8983,series.ar.bcra.wholesale_fx,5
2005-04-20,2.9025,series.ar.bcra.wholesale_fx,5
2005-04-21,2.9002,series.ar.bcra.wholesale_fx,5
2005-04-22,2.9012,series.ar.bcra.wholesale_fx,5
2005-04-25,2.9013,series.ar.bcra.wholesale_fx,5
2005-04-26,2.9002,series.ar.bcra.wholesale_fx,5
2005-04-27,2.8982,series.ar.bcra.wholesale_fx,5
2005-04-28,2.9037,series.ar.bcra.wholesale_fx,5
2005-04-29,2.9133,series.ar.bcra.wholesale_fx,5
2005-05-02,2.904,series.ar.bcra.wholesale_fx,5
2005-05-03,2.8968,series.ar.bcra.wholesale_fx,5
2005-05-04,2.8963,series.ar.bcra.wholesale_fx,5
2005-05-05,2.8957,series.ar.bcra.wholesale_fx,5
2005-05-06,2.897,series.ar.bcra.wholesale_fx,5
2005-05-09,2.897,series.ar.bcra.wholesale_fx,5
2005-05-10,2.8917,series.ar.bcra.wholesale_fx,5
2005-05-11,2.894,series.ar.bcra.wholesale_fx,5
2005-05-12,2.8965,series.ar.bcra.wholesale_fx,5
2005-05-13,2.8968,series.ar.bcra.wholesale_fx,5
2005-05-16,2.8857,series.ar.bcra.wholesale_fx,5
2005-05-17,2.885,series.ar.bcra.wholesale_fx,5
2005-05-18,2.8873,series.ar.bcra.wholesale_fx,5
2005-05-19,2.8843,series.ar.bcra.wholesale_fx,5
2005-05-20,2.8875,series.ar.bcra.wholesale_fx,5
2005-05-23,2.8862,series.ar.bcra.wholesale_fx,5
2005-05-24,2.884,series.ar.bcra.wholesale_fx,5
2005-05-26,2.8862,series.ar.bcra.wholesale_fx,5
2005-05-27,2.885,series.ar.bcra.wholesale_fx,5
2005-05-30,2.8852,series.ar.bcra.wholesale_fx,5
2005-05-31,2.8877,series.ar.bcra.wholesale_fx,5
2005-06-01,2.882,series.ar.bcra.wholesale_fx,5
2005-06-02,2.8845,series.ar.bcra.wholesale_fx,5
2005-06-03,2.8857,series.ar.bcra.wholesale_fx,5
2005-06-06,2.8948,series.ar.bcra.wholesale_fx,5
2005-06-07,2.8948,series.ar.bcra.wholesale_fx,5
2005-06-08,2.8927,series.ar.bcra.wholesale_fx,5
2005-06-09,2.8963,series.ar.bcra.wholesale_fx,5
2005-06-10,2.893,series.ar.bcra.wholesale_fx,5
2005-06-13,2.8902,series.ar.bcra.wholesale_fx,5
2005-06-14,2.878,series.ar.bcra.wholesale_fx,5
2005-06-15,2.8678,series.ar.bcra.wholesale_fx,5
2005-06-16,2.875,series.ar.bcra.wholesale_fx,5
2005-06-17,2.8725,series.ar.bcra.wholesale_fx,5
2005-06-21,2.8703,series.ar.bcra.wholesale_fx,5
2005-06-22,2.865,series.ar.bcra.wholesale_fx,5
2005-06-23,2.8692,series.ar.bcra.wholesale_fx,5
2005-06-24,2.879,series.ar.bcra.wholesale_fx,5
2005-06-27,2.8845,series.ar.bcra.wholesale_fx,5
2005-06-28,2.894,series.ar.bcra.wholesale_fx,5
2005-06-29,2.8953,series.ar.bcra.wholesale_fx,5
2005-06-30,2.8908,series.ar.bcra.wholesale_fx,5
2005-07-01,2.8845,series.ar.bcra.wholesale_fx,5
2005-07-04,2.8835,series.ar.bcra.wholesale_fx,5
2005-07-05,2.8865,series.ar.bcra.wholesale_fx,5
2005-07-06,2.884,series.ar.bcra.wholesale_fx,5
2005-07-07,2.8802,series.ar.bcra.wholesale_fx,5
2005-07-08,2.8723,series.ar.bcra.wholesale_fx,5
2005-07-11,2.8633,series.ar.bcra.wholesale_fx,5
2005-07-12,2.876,series.ar.bcra.wholesale_fx,5
2005-07-13,2.8695,series.ar.bcra.wholesale_fx,5
2005-07-14,2.8687,series.ar.bcra.wholesale_fx,5
2005-07-15,2.862,series.ar.bcra.wholesale_fx,5
2005-07-18,2.8682,series.ar.bcra.wholesale_fx,5
2005-07-19,2.8622,series.ar.bcra.wholesale_fx,5
2005-07-20,2.861,series.ar.bcra.wholesale_fx,5
2005-07-21,2.8598,series.ar.bcra.wholesale_fx,5
2005-07-22,2.8637,series.ar.bcra.wholesale_fx,5
2005-07-25,2.8648,series.ar.bcra.wholesale_fx,5
2005-07-26,2.8612,series.ar.bcra.wholesale_fx,5
2005-07-27,2.8615,series.ar.bcra.wholesale_fx,5
2005-07-28,2.8652,series.ar.bcra.wholesale_fx,5
2005-07-29,2.8628,series.ar.bcra.wholesale_fx,5
2005-08-01,2.8592,series.ar.bcra.wholesale_fx,5
2005-08-02,2.8593,series.ar.bcra.wholesale_fx,5
2005-08-03,2.86,series.ar.bcra.wholesale_fx,5
2005-08-04,2.8613,series.ar.bcra.wholesale_fx,5
2005-08-05,2.8645,series.ar.bcra.wholesale_fx,5
2005-08-08,2.8677,series.ar.bcra.wholesale_fx,5
2005-08-09,2.873,series.ar.bcra.wholesale_fx,5
2005-08-10,2.8738,series.ar.bcra.wholesale_fx,5
2005-08-11,2.8783,series.ar.bcra.wholesale_fx,5
2005-08-12,2.882,series.ar.bcra.wholesale_fx,5
2005-08-16,2.8865,series.ar.bcra.wholesale_fx,5
2005-08-17,2.8928,series.ar.bcra.wholesale_fx,5
2005-08-18,2.8957,series.ar.bcra.wholesale_fx,5
2005-08-19,2.9072,series.ar.bcra.wholesale_fx,5
2005-08-22,2.9065,series.ar.bcra.wholesale_fx,5
2005-08-23,2.909,series.ar.bcra.wholesale_fx,5
2005-08-24,2.9098,series.ar.bcra.wholesale_fx,5
2005-08-25,2.9078,series.ar.bcra.wholesale_fx,5
2005-08-26,2.9083,series.ar.bcra.wholesale_fx,5
2005-08-29,2.9108,series.ar.bcra.wholesale_fx,5
2005-08-30,2.9112,series.ar.bcra.wholesale_fx,5
2005-08-31,2.9117,series.ar.bcra.wholesale_fx,5
2005-09-01,2.9098,series.ar.bcra.wholesale_fx,5
2005-09-02,2.9105,series.ar.bcra.wholesale_fx,5
2005-09-05,2.9075,series.ar.bcra.wholesale_fx,5
2005-09-06,2.9072,series.ar.bcra.wholesale_fx,5
2005-09-07,2.9055,series.ar.bcra.wholesale_fx,5
2005-09-08,2.9043,series.ar.bcra.wholesale_fx,5
2005-09-09,2.9087,series.ar.bcra.wholesale_fx,5
2005-09-12,2.9153,series.ar.bcra.wholesale_fx,5
2005-09-13,2.9195,series.ar.bcra.wholesale_fx,5
2005-09-14,2.9193,series.ar.bcra.wholesale_fx,5
2005-09-15,2.9165,series.ar.bcra.wholesale_fx,5
2005-09-16,2.9135,series.ar.bcra.wholesale_fx,5
2005-09-19,2.9097,series.ar.bcra.wholesale_fx,5
2005-09-20,2.914,series.ar.bcra.wholesale_fx,5
2005-09-21,2.914,series.ar.bcra.wholesale_fx,5
2005-09-22,2.9132,series.ar.bcra.wholesale_fx,5
2005-09-23,2.9108,series.ar.bcra.wholesale_fx,5
2005-09-26,2.9098,series.ar.bcra.wholesale_fx,5
2005-09-27,2.9085,series.ar.bcra.wholesale_fx,5
2005-09-28,2.9128,series.ar.bcra.wholesale_fx,5
2005-09-29,2.9148,series.ar.bcra.wholesale_fx,5
2005-09-30,2.9125,series.ar.bcra.wholesale_fx,5
2005-10-03,2.9082,series.ar.bcra.wholesale_fx,5
2005-10-04,2.9112,series.ar.bcra.wholesale_fx,5
2005-10-05,2.9187,series.ar.bcra.wholesale_fx,5
2005-10-06,2.9297,series.ar.bcra.wholesale_fx,5
2005-10-07,2.9365,series.ar.bcra.wholesale_fx,5
2005-10-11,2.9415,series.ar.bcra.wholesale_fx,5
2005-10-12,2.9622,series.ar.bcra.wholesale_fx,5
2005-10-13,2.9773,series.ar.bcra.wholesale_fx,5
2005-10-14,2.9805,series.ar.bcra.wholesale_fx,5
2005-10-17,2.968,series.ar.bcra.wholesale_fx,5
2005-10-18,2.9667,series.ar.bcra.wholesale_fx,5
2005-10-19,2.974,series.ar.bcra.wholesale_fx,5
2005-10-20,2.9762,series.ar.bcra.wholesale_fx,5
2005-10-21,2.9855,series.ar.bcra.wholesale_fx,5
2005-10-24,2.9778,series.ar.bcra.wholesale_fx,5
2005-10-25,2.979,series.ar.bcra.wholesale_fx,5
2005-10-26,2.9952,series.ar.bcra.wholesale_fx,5
2005-10-27,3.0125,series.ar.bcra.wholesale_fx,5
2005-10-28,3.0105,series.ar.bcra.wholesale_fx,5
2005-10-31,3.0097,series.ar.bcra.wholesale_fx,5
2005-11-01,2.9952,series.ar.bcra.wholesale_fx,5
2005-11-02,2.9927,series.ar.bcra.wholesale_fx,5
2005-11-03,2.9837,series.ar.bcra.wholesale_fx,5
2005-11-04,2.9842,series.ar.bcra.wholesale_fx,5
2005-11-07,2.9763,series.ar.bcra.wholesale_fx,5
2005-11-08,2.9668,series.ar.bcra.wholesale_fx,5
2005-11-09,2.9638,series.ar.bcra.wholesale_fx,5
2005-11-10,2.9732,series.ar.bcra.wholesale_fx,5
2005-11-11,2.9693,series.ar.bcra.wholesale_fx,5
2005-11-14,2.9653,series.ar.bcra.wholesale_fx,5
2005-11-15,2.9598,series.ar.bcra.wholesale_fx,5
2005-11-16,2.9483,series.ar.bcra.wholesale_fx,5
2005-11-17,2.9477,series.ar.bcra.wholesale_fx,5
2005-11-18,2.943,series.ar.bcra.wholesale_fx,5
2005-11-21,2.9405,series.ar.bcra.wholesale_fx,5
2005-11-22,2.9435,series.ar.bcra.wholesale_fx,5
2005-11-23,2.9458,series.ar.bcra.wholesale_fx,5
2005-11-24,2.9538,series.ar.bcra.wholesale_fx,5
2005-11-25,2.9673,series.ar.bcra.wholesale_fx,5
2005-11-28,2.9923,series.ar.bcra.wholesale_fx,5
2005-11-29,2.9928,series.ar.bcra.wholesale_fx,5
2005-11-30,2.9735,series.ar.bcra.wholesale_fx,5
2005-12-01,2.97,series.ar.bcra.wholesale_fx,5
2005-12-02,2.9765,series.ar.bcra.wholesale_fx,5
2005-12-05,2.9885,series.ar.bcra.wholesale_fx,5
2005-12-06,2.9983,series.ar.bcra.wholesale_fx,5
2005-12-07,2.9878,series.ar.bcra.wholesale_fx,5
2005-12-09,3.001,series.ar.bcra.wholesale_fx,5
2005-12-12,3.0093,series.ar.bcra.wholesale_fx,5
2005-12-13,3.0082,series.ar.bcra.wholesale_fx,5
2005-12-14,2.999,series.ar.bcra.wholesale_fx,5
2005-12-15,3.0065,series.ar.bcra.wholesale_fx,5
2005-12-16,3.0523,series.ar.bcra.wholesale_fx,5
2005-12-19,3.0427,series.ar.bcra.wholesale_fx,5
2005-12-20,3.028,series.ar.bcra.wholesale_fx,5
2005-12-21,3.0338,series.ar.bcra.wholesale_fx,5
2005-12-22,3.031,series.ar.bcra.wholesale_fx,5
2005-12-23,3.02,series.ar.bcra.wholesale_fx,5
2005-12-26,3.0223,series.ar.bcra.wholesale_fx,5
2005-12-27,3.0243,series.ar.bcra.wholesale_fx,5
2005-12-28,3.041,series.ar.bcra.wholesale_fx,5
2005-12-29,3.0315,series.ar.bcra.wholesale_fx,5
2005-12-30,3.0315,series.ar.bcra.wholesale_fx,5
2005-12-31,3.0315,series.ar.bcra.wholesale_fx,5
2006-01-02,3.0305,series.ar.bcra.wholesale_fx,5
2006-01-03,3.0373,series.ar.bcra.wholesale_fx,5
2006-01-04,3.0417,series.ar.bcra.wholesale_fx,5
2006-01-05,3.0445,series.ar.bcra.wholesale_fx,5
2006-01-06,3.051,series.ar.bcra.wholesale_fx,5
2006-01-09,3.0632,series.ar.bcra.wholesale_fx,5
2006-01-10,3.0613,series.ar.bcra.wholesale_fx,5
2006-01-11,3.0522,series.ar.bcra.wholesale_fx,5
2006-01-12,3.0438,series.ar.bcra.wholesale_fx,5
2006-01-13,3.0407,series.ar.bcra.wholesale_fx,5
2006-01-16,3.0363,series.ar.bcra.wholesale_fx,5
2006-01-17,3.039,series.ar.bcra.wholesale_fx,5
2006-01-18,3.0477,series.ar.bcra.wholesale_fx,5
2006-01-19,3.0465,series.ar.bcra.wholesale_fx,5
2006-01-20,3.037,series.ar.bcra.wholesale_fx,5
2006-01-23,3.0357,series.ar.bcra.wholesale_fx,5
2006-01-24,3.0357,series.ar.bcra.wholesale_fx,5
2006-01-25,3.0415,series.ar.bcra.wholesale_fx,5
2006-01-26,3.0532,series.ar.bcra.wholesale_fx,5
2006-01-27,3.0535,series.ar.bcra.wholesale_fx,5
2006-01-30,3.0568,series.ar.bcra.wholesale_fx,5
2006-01-31,3.0637,series.ar.bcra.wholesale_fx,5
2006-02-01,3.0625,series.ar.bcra.wholesale_fx,5
2006-02-02,3.0678,series.ar.bcra.wholesale_fx,5
2006-02-03,3.0663,series.ar.bcra.wholesale_fx,5
2006-02-06,3.0643,series.ar.bcra.wholesale_fx,5
2006-02-07,3.0697,series.ar.bcra.wholesale_fx,5
2006-02-08,3.0757,series.ar.bcra.wholesale_fx,5
2006-02-09,3.0673,series.ar.bcra.wholesale_fx,5
2006-02-10,3.0635,series.ar.bcra.wholesale_fx,5
2006-02-13,3.0678,series.ar.bcra.wholesale_fx,5
2006-02-14,3.0702,series.ar.bcra.wholesale_fx,5
2006-02-15,3.0698,series.ar.bcra.wholesale_fx,5
2006-02-16,3.0675,series.ar.bcra.wholesale_fx,5
2006-02-17,3.0657,series.ar.bcra.wholesale_fx,5
2006-02-20,3.067,series.ar.bcra.wholesale_fx,5
2006-02-21,3.0672,series.ar.bcra.wholesale_fx,5
2006-02-22,3.0713,series.ar.bcra.wholesale_fx,5
2006-02-23,3.0723,series.ar.bcra.wholesale_fx,5
2006-02-24,3.0752,series.ar.bcra.wholesale_fx,5
2006-02-27,3.0742,series.ar.bcra.wholesale_fx,5
2006-02-28,3.0728,series.ar.bcra.wholesale_fx,5
2006-03-01,3.0698,series.ar.bcra.wholesale_fx,5
2006-03-02,3.065,series.ar.bcra.wholesale_fx,5
2006-03-03,3.068,series.ar.bcra.wholesale_fx,5
2006-03-06,3.0758,series.ar.bcra.wholesale_fx,5
2006-03-07,3.0792,series.ar.bcra.wholesale_fx,5
2006-03-08,3.0823,series.ar.bcra.wholesale_fx,5
2006-03-09,3.0797,series.ar.bcra.wholesale_fx,5
2006-03-10,3.0815,series.ar.bcra.wholesale_fx,5
2006-03-13,3.0817,series.ar.bcra.wholesale_fx,5
2006-03-14,3.0773,series.ar.bcra.wholesale_fx,5
2006-03-15,3.073,series.ar.bcra.wholesale_fx,5
2006-03-16,3.0715,series.ar.bcra.wholesale_fx,5
2006-03-17,3.073,series.ar.bcra.wholesale_fx,5
2006-03-20,3.0732,series.ar.bcra.wholesale_fx,5
2006-03-21,3.0748,series.ar.bcra.wholesale_fx,5
2006-03-22,3.0752,series.ar.bcra.wholesale_fx,5
2006-03-23,3.0753,series.ar.bcra.wholesale_fx,5
2006-03-27,3.0795,series.ar.bcra.wholesale_fx,5
2006-03-28,3.0845,series.ar.bcra.wholesale_fx,5
2006-03-29,3.0783,series.ar.bcra.wholesale_fx,5
2006-03-30,3.0798,series.ar.bcra.wholesale_fx,5
2006-03-31,3.0808,series.ar.bcra.wholesale_fx,5
2006-04-03,3.0818,series.ar.bcra.wholesale_fx,5
2006-04-04,3.0828,series.ar.bcra.wholesale_fx,5
2006-04-05,3.0807,series.ar.bcra.wholesale_fx,5
2006-04-06,3.0787,series.ar.bcra.wholesale_fx,5
2006-04-07,3.079,series.ar.bcra.wholesale_fx,5
2006-04-10,3.08,series.ar.bcra.wholesale_fx,5
2006-04-11,3.0788,series.ar.bcra.wholesale_fx,5
2006-04-12,3.077,series.ar.bcra.wholesale_fx,5
2006-04-17,3.077,series.ar.bcra.wholesale_fx,5
2006-04-18,3.0717,series.ar.bcra.wholesale_fx,5
2006-04-19,3.0687,series.ar.bcra.wholesale_fx,5
2006-04-20,3.0625,series.ar.bcra.wholesale_fx,5
2006-04-21,3.0573,series.ar.bcra.wholesale_fx,5
2006-04-24,3.0538,series.ar.bcra.wholesale_fx,5
2006-04-25,3.0418,series.ar.bcra.wholesale_fx,5
2006-04-26,3.0407,series.ar.bcra.wholesale_fx,5
2006-04-27,3.0367,series.ar.bcra.wholesale_fx,5
2006-04-28,3.0438,series.ar.bcra.wholesale_fx,5
2006-05-02,3.0442,series.ar.bcra.wholesale_fx,5
2006-05-03,3.0433,series.ar.bcra.wholesale_fx,5
2006-05-04,3.0383,series.ar.bcra.wholesale_fx,5
2006-05-05,3.0403,series.ar.bcra.wholesale_fx,5
2006-05-08,3.0387,series.ar.bcra.wholesale_fx,5
2006-05-09,3.0398,series.ar.bcra.wholesale_fx,5
2006-05-10,3.0407,series.ar.bcra.wholesale_fx,5
2006-05-11,3.0373,series.ar.bcra.wholesale_fx,5
2006-05-12,3.0367,series.ar.bcra.wholesale_fx,5
2006-05-15,3.0408,series.ar.bcra.wholesale_fx,5
2006-05-16,3.0402,series.ar.bcra.wholesale_fx,5
2006-05-17,3.0453,series.ar.bcra.wholesale_fx,5
2006-05-18,3.0517,series.ar.bcra.wholesale_fx,5
2006-05-19,3.055,series.ar.bcra.wholesale_fx,5
2006-05-22,3.0675,series.ar.bcra.wholesale_fx,5
2006-05-23,3.0687,series.ar.bcra.wholesale_fx,5
2006-05-24,3.0798,series.ar.bcra.wholesale_fx,5
2006-05-26,3.0697,series.ar.bcra.wholesale_fx,5
2006-05-29,3.0775,series.ar.bcra.wholesale_fx,5
2006-05-30,3.0808,series.ar.bcra.wholesale_fx,5
2006-05-31,3.0868,series.ar.bcra.wholesale_fx,5
2006-06-01,3.0803,series.ar.bcra.wholesale_fx,5
2006-06-02,3.076,series.ar.bcra.wholesale_fx,5
2006-06-05,3.078,series.ar.bcra.wholesale_fx,5
2006-06-06,3.0823,series.ar.bcra.wholesale_fx,5
2006-06-07,3.0805,series.ar.bcra.wholesale_fx,5
2006-06-08,3.0827,series.ar.bcra.wholesale_fx,5
2006-06-09,3.0813,series.ar.bcra.wholesale_fx,5
2006-06-12,3.0817,series.ar.bcra.wholesale_fx,5
2006-06-13,3.0822,series.ar.bcra.wholesale_fx,5
2006-06-14,3.081,series.ar.bcra.wholesale_fx,5
2006-06-15,3.0778,series.ar.bcra.wholesale_fx,5
2006-06-16,3.0785,series.ar.bcra.wholesale_fx,5
2006-06-20,3.0797,series.ar.bcra.wholesale_fx,5
2006-06-21,3.0767,series.ar.bcra.wholesale_fx,5
2006-06-22,3.0753,series.ar.bcra.wholesale_fx,5
2006-06-23,3.0805,series.ar.bcra.wholesale_fx,5
2006-06-26,3.0823,series.ar.bcra.wholesale_fx,5
2006-06-27,3.0885,series.ar.bcra.wholesale_fx,5
2006-06-28,3.0898,series.ar.bcra.wholesale_fx,5
2006-06-29,3.0867,series.ar.bcra.wholesale_fx,5
2006-06-30,3.0848,series.ar.bcra.wholesale_fx,5
2006-07-03,3.0845,series.ar.bcra.wholesale_fx,5
2006-07-04,3.0848,series.ar.bcra.wholesale_fx,5
2006-07-05,3.0858,series.ar.bcra.wholesale_fx,5
2006-07-06,3.0858,series.ar.bcra.wholesale_fx,5
2006-07-07,3.085,series.ar.bcra.wholesale_fx,5
2006-07-10,3.0865,series.ar.bcra.wholesale_fx,5
2006-07-11,3.0857,series.ar.bcra.wholesale_fx,5
2006-07-12,3.0823,series.ar.bcra.wholesale_fx,5
2006-07-13,3.0847,series.ar.bcra.wholesale_fx,5
2006-07-14,3.0843,series.ar.bcra.wholesale_fx,5
2006-07-17,3.0832,series.ar.bcra.wholesale_fx,5
2006-07-18,3.0818,series.ar.bcra.wholesale_fx,5
2006-07-19,3.0807,series.ar.bcra.wholesale_fx,5
2006-07-20,3.0803,series.ar.bcra.wholesale_fx,5
2006-07-21,3.0813,series.ar.bcra.wholesale_fx,5
2006-07-24,3.0818,series.ar.bcra.wholesale_fx,5
2006-07-25,3.0787,series.ar.bcra.wholesale_fx,5
2006-07-26,3.076,series.ar.bcra.wholesale_fx,5
2006-07-27,3.0752,series.ar.bcra.wholesale_fx,5
2006-07-28,3.078,series.ar.bcra.wholesale_fx,5
2006-07-31,3.0748,series.ar.bcra.wholesale_fx,5
2006-08-01,3.0708,series.ar.bcra.wholesale_fx,5
2006-08-02,3.0717,series.ar.bcra.wholesale_fx,5
2006-08-03,3.0705,series.ar.bcra.wholesale_fx,5
2006-08-04,3.0658,series.ar.bcra.wholesale_fx,5
2006-08-07,3.0705,series.ar.bcra.wholesale_fx,5
2006-08-08,3.0725,series.ar.bcra.wholesale_fx,5
2006-08-09,3.0698,series.ar.bcra.wholesale_fx,5
2006-08-10,3.0695,series.ar.bcra.wholesale_fx,5
2006-08-11,3.0692,series.ar.bcra.wholesale_fx,5
2006-08-14,3.0725,series.ar.bcra.wholesale_fx,5
2006-08-15,3.076,series.ar.bcra.wholesale_fx,5
2006-08-16,3.0768,series.ar.bcra.wholesale_fx,5
2006-08-17,3.0755,series.ar.bcra.wholesale_fx,5
2006-08-18,3.0812,series.ar.bcra.wholesale_fx,5
2006-08-22,3.0838,series.ar.bcra.wholesale_fx,5
2006-08-23,3.0858,series.ar.bcra.wholesale_fx,5
2006-08-24,3.086,series.ar.bcra.wholesale_fx,5
2006-08-25,3.0895,series.ar.bcra.wholesale_fx,5
2006-08-28,3.0953,series.ar.bcra.wholesale_fx,5
2006-08-29,3.093,series.ar.bcra.wholesale_fx,5
2006-08-30,3.0945,series.ar.bcra.wholesale_fx,5
2006-08-31,3.0972,series.ar.bcra.wholesale_fx,5
2006-09-01,3.0943,series.ar.bcra.wholesale_fx,5
2006-09-04,3.0948,series.ar.bcra.wholesale_fx,5
2006-09-05,3.0953,series.ar.bcra.wholesale_fx,5
2006-09-06,3.1003,series.ar.bcra.wholesale_fx,5
2006-09-07,3.1023,series.ar.bcra.wholesale_fx,5
2006-09-08,3.099,series.ar.bcra.wholesale_fx,5
2006-09-11,3.1015,series.ar.bcra.wholesale_fx,5
2006-09-12,3.105,series.ar.bcra.wholesale_fx,5
2006-09-13,3.1068,series.ar.bcra.wholesale_fx,5
2006-09-14,3.101,series.ar.bcra.wholesale_fx,5
2006-09-15,3.0983,series.ar.bcra.wholesale_fx,5
2006-09-18,3.0978,series.ar.bcra.wholesale_fx,5
2006-09-19,3.0972,series.ar.bcra.wholesale_fx,5
2006-09-20,3.0988,series.ar.bcra.wholesale_fx,5
2006-09-21,3.0995,series.ar.bcra.wholesale_fx,5
2006-09-22,3.0998,series.ar.bcra.wholesale_fx,5
2006-09-25,3.0982,series.ar.bcra.wholesale_fx,5
2006-09-26,3.1008,series.ar.bcra.wholesale_fx,5
2006-09-27,3.1032,series.ar.bcra.wholesale_fx,5
2006-09-28,3.1033,series.ar.bcra.wholesale_fx,5
2006-09-29,3.1043,series.ar.bcra.wholesale_fx,5
2006-10-02,3.1023,series.ar.bcra.wholesale_fx,5
2006-10-03,3.1033,series.ar.bcra.wholesale_fx,5
2006-10-04,3.1055,series.ar.bcra.wholesale_fx,5
2006-10-05,3.1042,series.ar.bcra.wholesale_fx,5
2006-10-06,3.1058,series.ar.bcra.wholesale_fx,5
2006-10-09,3.1062,series.ar.bcra.wholesale_fx,5
2006-10-10,3.106,series.ar.bcra.wholesale_fx,5
2006-10-11,3.1072,series.ar.bcra.wholesale_fx,5
2006-10-12,3.1052,series.ar.bcra.wholesale_fx,5
2006-10-13,3.1028,series.ar.bcra.wholesale_fx,5
2006-10-17,3.102,series.ar.bcra.wholesale_fx,5
2006-10-18,3.0957,series.ar.bcra.wholesale_fx,5
2006-10-19,3.09,series.ar.bcra.wholesale_fx,5
2006-10-20,3.091,series.ar.bcra.wholesale_fx,5
2006-10-23,3.0908,series.ar.bcra.wholesale_fx,5
2006-10-24,3.0897,series.ar.bcra.wholesale_fx,5
2006-10-25,3.092,series.ar.bcra.wholesale_fx,5
2006-10-26,3.0907,series.ar.bcra.wholesale_fx,5
2006-10-27,3.089,series.ar.bcra.wholesale_fx,5
2006-10-30,3.0953,series.ar.bcra.wholesale_fx,5
2006-10-31,3.0933,series.ar.bcra.wholesale_fx,5
2006-11-01,3.0887,series.ar.bcra.wholesale_fx,5
2006-11-02,3.0858,series.ar.bcra.wholesale_fx,5
2006-11-03,3.083,series.ar.bcra.wholesale_fx,5
2006-11-07,3.0803,series.ar.bcra.wholesale_fx,5
2006-11-08,3.0722,series.ar.bcra.wholesale_fx,5
2006-11-09,3.0687,series.ar.bcra.wholesale_fx,5
2006-11-10,3.071,series.ar.bcra.wholesale_fx,5
2006-11-13,3.076,series.ar.bcra.wholesale_fx,5
2006-11-14,3.0753,series.ar.bcra.wholesale_fx,5
2006-11-15,3.0692,series.ar.bcra.wholesale_fx,5
2006-11-16,3.068,series.ar.bcra.wholesale_fx,5
2006-11-17,3.0732,series.ar.bcra.wholesale_fx,5
2006-11-20,3.0738,series.ar.bcra.wholesale_fx,5
2006-11-21,3.079,series.ar.bcra.wholesale_fx,5
2006-11-22,3.0785,series.ar.bcra.wholesale_fx,5
2006-11-23,3.0727,series.ar.bcra.wholesale_fx,5
2006-11-24,3.0735,series.ar.bcra.wholesale_fx,5
2006-11-27,3.077,series.ar.bcra.wholesale_fx,5
2006-11-28,3.079,series.ar.bcra.wholesale_fx,5
2006-11-29,3.0763,series.ar.bcra.wholesale_fx,5
2006-11-30,3.0693,series.ar.bcra.wholesale_fx,5
2006-12-01,3.066,series.ar.bcra.wholesale_fx,5
2006-12-04,3.063,series.ar.bcra.wholesale_fx,5
2006-12-05,3.0563,series.ar.bcra.wholesale_fx,5
2006-12-06,3.0562,series.ar.bcra.wholesale_fx,5
2006-12-07,3.0593,series.ar.bcra.wholesale_fx,5
2006-12-11,3.0607,series.ar.bcra.wholesale_fx,5
2006-12-12,3.0562,series.ar.bcra.wholesale_fx,5
2006-12-13,3.0557,series.ar.bcra.wholesale_fx,5
2006-12-14,3.0578,series.ar.bcra.wholesale_fx,5
2006-12-15,3.0573,series.ar.bcra.wholesale_fx,5
2006-12-18,3.0568,series.ar.bcra.wholesale_fx,5
2006-12-19,3.0578,series.ar.bcra.wholesale_fx,5
2006-12-20,3.053,series.ar.bcra.wholesale_fx,5
2006-12-21,3.0492,series.ar.bcra.wholesale_fx,5
2006-12-22,3.0517,series.ar.bcra.wholesale_fx,5
2006-12-26,3.0662,series.ar.bcra.wholesale_fx,5
2006-12-27,3.0792,series.ar.bcra.wholesale_fx,5
2006-12-28,3.0732,series.ar.bcra.wholesale_fx,5
2006-12-29,3.0695,series.ar.bcra.wholesale_fx,5
2007-01-02,3.0577,series.ar.bcra.wholesale_fx,5
2007-01-03,3.0553,series.ar.bcra.wholesale_fx,5
2007-01-04,3.07,series.ar.bcra.wholesale_fx,5
2007-01-05,3.0772,series.ar.bcra.wholesale_fx,5
2007-01-08,3.0802,series.ar.bcra.wholesale_fx,5
2007-01-09,3.0832,series.ar.bcra.wholesale_fx,5
2007-01-10,3.084,series.ar.bcra.wholesale_fx,5
2007-01-11,3.0805,series.ar.bcra.wholesale_fx,5
2007-01-12,3.0812,series.ar.bcra.wholesale_fx,5
2007-01-15,3.0788,series.ar.bcra.wholesale_fx,5
2007-01-16,3.0805,series.ar.bcra.wholesale_fx,5
2007-01-17,3.0782,series.ar.bcra.wholesale_fx,5
2007-01-18,3.0793,series.ar.bcra.wholesale_fx,5
2007-01-19,3.0845,series.ar.bcra.wholesale_fx,5
2007-01-22,3.0883,series.ar.bcra.wholesale_fx,5
2007-01-23,3.0972,series.ar.bcra.wholesale_fx,5
2007-01-24,3.0975,series.ar.bcra.wholesale_fx,5
2007-01-25,3.0948,series.ar.bcra.wholesale_fx,5
2007-01-26,3.1032,series.ar.bcra.wholesale_fx,5
2007-01-29,3.1068,series.ar.bcra.wholesale_fx,5
2007-01-30,3.1062,series.ar.bcra.wholesale_fx,5
2007-01-31,3.1063,series.ar.bcra.wholesale_fx,5
2007-02-01,3.104,series.ar.bcra.wholesale_fx,5
2007-02-02,3.0988,series.ar.bcra.wholesale_fx,5
2007-02-05,3.1002,series.ar.bcra.wholesale_fx,5
2007-02-06,3.1033,series.ar.bcra.wholesale_fx,5
2007-02-07,3.1008,series.ar.bcra.wholesale_fx,5
2007-02-08,3.1045,series.ar.bcra.wholesale_fx,5
2007-02-09,3.1045,series.ar.bcra.wholesale_fx,5
2007-02-12,3.1058,series.ar.bcra.wholesale_fx,5
2007-02-13,3.1008,series.ar.bcra.wholesale_fx,5
2007-02-14,3.0995,series.ar.bcra.wholesale_fx,5
2007-02-15,3.0975,series.ar.bcra.wholesale_fx,5
2007-02-16,3.1035,series.ar.bcra.wholesale_fx,5
2007-02-19,3.1035,series.ar.bcra.wholesale_fx,5
2007-02-20,3.1045,series.ar.bcra.wholesale_fx,5
2007-02-21,3.1038,series.ar.bcra.wholesale_fx,5
2007-02-22,3.1047,series.ar.bcra.wholesale_fx,5
2007-02-23,3.1038,series.ar.bcra.wholesale_fx,5
2007-02-26,3.104,series.ar.bcra.wholesale_fx,5
2007-02-27,3.104,series.ar.bcra.wholesale_fx,5
2007-02-28,3.101,series.ar.bcra.wholesale_fx,5
2007-03-01,3.1002,series.ar.bcra.wholesale_fx,5
2007-03-02,3.0963,series.ar.bcra.wholesale_fx,5
2007-03-05,3.1015,series.ar.bcra.wholesale_fx,5
2007-03-06,3.101,series.ar.bcra.wholesale_fx,5
2007-03-07,3.1033,series.ar.bcra.wholesale_fx,5
2007-03-08,3.1038,series.ar.bcra.wholesale_fx,5
2007-03-09,3.104,series.ar.bcra.wholesale_fx,5
2007-03-12,3.1047,series.ar.bcra.wholesale_fx,5
2007-03-13,3.1023,series.ar.bcra.wholesale_fx,5
2007-03-14,3.0987,series.ar.bcra.wholesale_fx,5
2007-03-15,3.0975,series.ar.bcra.wholesale_fx,5
2007-03-16,3.097,series.ar.bcra.wholesale_fx,5
2007-03-19,3.0995,series.ar.bcra.wholesale_fx,5
2007-03-20,3.1,series.ar.bcra.wholesale_fx,5
2007-03-21,3.0997,series.ar.bcra.wholesale_fx,5
2007-03-22,3.0988,series.ar.bcra.wholesale_fx,5
2007-03-23,3.0988,series.ar.bcra.wholesale_fx,5
2007-03-26,3.102,series.ar.bcra.wholesale_fx,5
2007-03-27,3.1058,series.ar.bcra.wholesale_fx,5
2007-03-28,3.106,series.ar.bcra.wholesale_fx,5
2007-03-29,3.1013,series.ar.bcra.wholesale_fx,5
2007-03-30,3.1007,series.ar.bcra.wholesale_fx,5
2007-04-03,3.1007,series.ar.bcra.wholesale_fx,5
2007-04-04,3.1008,series.ar.bcra.wholesale_fx,5
2007-04-09,3.0968,series.ar.bcra.wholesale_fx,5
2007-04-10,3.0945,series.ar.bcra.wholesale_fx,5
2007-04-11,3.0918,series.ar.bcra.wholesale_fx,5
2007-04-12,3.0855,series.ar.bcra.wholesale_fx,5
2007-04-13,3.089,series.ar.bcra.wholesale_fx,5
2007-04-16,3.0885,series.ar.bcra.wholesale_fx,5
2007-04-17,3.0835,series.ar.bcra.wholesale_fx,5
2007-04-18,3.0808,series.ar.bcra.wholesale_fx,5
2007-04-19,3.0865,series.ar.bcra.wholesale_fx,5
2007-04-20,3.087,series.ar.bcra.wholesale_fx,5
2007-04-23,3.0862,series.ar.bcra.wholesale_fx,5
2007-04-24,3.0808,series.ar.bcra.wholesale_fx,5
2007-04-25,3.0838,series.ar.bcra.wholesale_fx,5
2007-04-26,3.0868,series.ar.bcra.wholesale_fx,5
2007-04-27,3.0902,series.ar.bcra.wholesale_fx,5
2007-04-30,3.0898,series.ar.bcra.wholesale_fx,5
2007-05-02,3.0848,series.ar.bcra.wholesale_fx,5
2007-05-03,3.0852,series.ar.bcra.wholesale_fx,5
2007-05-04,3.0825,series.ar.bcra.wholesale_fx,5
2007-05-07,3.0805,series.ar.bcra.wholesale_fx,5
2007-05-08,3.0805,series.ar.bcra.wholesale_fx,5
2007-05-09,3.0782,series.ar.bcra.wholesale_fx,5
2007-05-10,3.0795,series.ar.bcra.wholesale_fx,5
2007-05-11,3.0807,series.ar.bcra.wholesale_fx,5
2007-05-14,3.0805,series.ar.bcra.wholesale_fx,5
2007-05-15,3.0748,series.ar.bcra.wholesale_fx,5
2007-05-16,3.0755,series.ar.bcra.wholesale_fx,5
2007-05-17,3.0763,series.ar.bcra.wholesale_fx,5
2007-05-18,3.078,series.ar.bcra.wholesale_fx,5
2007-05-21,3.0765,series.ar.bcra.wholesale_fx,5
2007-05-22,3.0727,series.ar.bcra.wholesale_fx,5
2007-05-23,3.0825,series.ar.bcra.wholesale_fx,5
2007-05-24,3.0848,series.ar.bcra.wholesale_fx,5
2007-05-28,3.084,series.ar.bcra.wholesale_fx,5
2007-05-29,3.0828,series.ar.bcra.wholesale_fx,5
2007-05-30,3.0815,series.ar.bcra.wholesale_fx,5
2007-05-31,3.0785,series.ar.bcra.wholesale_fx,5
2007-06-01,3.0748,series.ar.bcra.wholesale_fx,5
2007-06-04,3.0727,series.ar.bcra.wholesale_fx,5
2007-06-05,3.073,series.ar.bcra.wholesale_fx,5
2007-06-06,3.0765,series.ar.bcra.wholesale_fx,5
2007-06-07,3.0773,series.ar.bcra.wholesale_fx,5
2007-06-08,3.078,series.ar.bcra.wholesale_fx,5
2007-06-11,3.0747,series.ar.bcra.wholesale_fx,5
2007-06-12,3.0762,series.ar.bcra.wholesale_fx,5
2007-06-13,3.0752,series.ar.bcra.wholesale_fx,5
2007-06-14,3.0738,series.ar.bcra.wholesale_fx,5
2007-06-15,3.0722,series.ar.bcra.wholesale_fx,5
2007-06-19,3.0748,series.ar.bcra.wholesale_fx,5
2007-06-20,3.0777,series.ar.bcra.wholesale_fx,5
2007-06-21,3.0808,series.ar.bcra.wholesale_fx,5
2007-06-22,3.0825,series.ar.bcra.wholesale_fx,5
2007-06-25,3.0832,series.ar.bcra.wholesale_fx,5
2007-06-26,3.0882,series.ar.bcra.wholesale_fx,5
2007-06-27,3.0932,series.ar.bcra.wholesale_fx,5
2007-06-28,3.0897,series.ar.bcra.wholesale_fx,5
2007-06-29,3.0908,series.ar.bcra.wholesale_fx,5
2007-07-02,3.0918,series.ar.bcra.wholesale_fx,5
2007-07-03,3.0917,series.ar.bcra.wholesale_fx,5
2007-07-04,3.0915,series.ar.bcra.wholesale_fx,5
2007-07-05,3.0995,series.ar.bcra.wholesale_fx,5
2007-07-06,3.1048,series.ar.bcra.wholesale_fx,5
2007-07-10,3.1058,series.ar.bcra.wholesale_fx,5
2007-07-11,3.1022,series.ar.bcra.wholesale_fx,5
2007-07-12,3.1002,series.ar.bcra.wholesale_fx,5
2007-07-13,3.0998,series.ar.bcra.wholesale_fx,5
2007-07-16,3.1003,series.ar.bcra.wholesale_fx,5
2007-07-17,3.1028,series.ar.bcra.wholesale_fx,5
2007-07-18,3.1023,series.ar.bcra.wholesale_fx,5
2007-07-19,3.103,series.ar.bcra.wholesale_fx,5
2007-07-20,3.1082,series.ar.bcra.wholesale_fx,5
2007-07-23,3.1233,series.ar.bcra.wholesale_fx,5
2007-07-24,3.1382,series.ar.bcra.wholesale_fx,5
2007-07-25,3.1713,series.ar.bcra.wholesale_fx,5
2007-07-26,3.1457,series.ar.bcra.wholesale_fx,5
2007-07-27,3.1223,series.ar.bcra.wholesale_fx,5
2007-07-30,3.12,series.ar.bcra.wholesale_fx,5
2007-07-31,3.1195,series.ar.bcra.wholesale_fx,5
2007-08-01,3.1317,series.ar.bcra.wholesale_fx,5
2007-08-02,3.1325,series.ar.bcra.wholesale_fx,5
2007-08-03,3.1403,series.ar.bcra.wholesale_fx,5
2007-08-06,3.1413,series.ar.bcra.wholesale_fx,5
2007-08-07,3.1415,series.ar.bcra.wholesale_fx,5
2007-08-08,3.1352,series.ar.bcra.wholesale_fx,5
2007-08-09,3.1413,series.ar.bcra.wholesale_fx,5
2007-08-10,3.148,series.ar.bcra.wholesale_fx,5
2007-08-13,3.1427,series.ar.bcra.wholesale_fx,5
2007-08-14,3.145,series.ar.bcra.wholesale_fx,5
2007-08-15,3.1508,series.ar.bcra.wholesale_fx,5
2007-08-16,3.1658,series.ar.bcra.wholesale_fx,5
2007-08-17,3.153,series.ar.bcra.wholesale_fx,5
2007-08-21,3.1585,series.ar.bcra.wholesale_fx,5
2007-08-22,3.1645,series.ar.bcra.wholesale_fx,5
2007-08-23,3.1712,series.ar.bcra.wholesale_fx,5
2007-08-24,3.173,series.ar.bcra.wholesale_fx,5
2007-08-27,3.1695,series.ar.bcra.wholesale_fx,5
2007-08-28,3.1677,series.ar.bcra.wholesale_fx,5
2007-08-29,3.1628,series.ar.bcra.wholesale_fx,5
2007-08-30,3.1598,series.ar.bcra.wholesale_fx,5
2007-08-31,3.1558,series.ar.bcra.wholesale_fx,5
2007-09-03,3.1585,series.ar.bcra.wholesale_fx,5
2007-09-04,3.1625,series.ar.bcra.wholesale_fx,5
2007-09-05,3.1652,series.ar.bcra.wholesale_fx,5
2007-09-06,3.1627,series.ar.bcra.wholesale_fx,5
2007-09-07,3.1628,series.ar.bcra.wholesale_fx,5
2007-09-10,3.1615,series.ar.bcra.wholesale_fx,5
2007-09-11,3.1518,series.ar.bcra.wholesale_fx,5
2007-09-12,3.1405,series.ar.bcra.wholesale_fx,5
2007-09-13,3.1327,series.ar.bcra.wholesale_fx,5
2007-09-14,3.1325,series.ar.bcra.wholesale_fx,5
2007-09-17,3.1352,series.ar.bcra.wholesale_fx,5
2007-09-18,3.1355,series.ar.bcra.wholesale_fx,5
2007-09-19,3.1318,series.ar.bcra.wholesale_fx,5
2007-09-20,3.1345,series.ar.bcra.wholesale_fx,5
2007-09-21,3.1428,series.ar.bcra.wholesale_fx,5
2007-09-24,3.1473,series.ar.bcra.wholesale_fx,5
2007-09-25,3.1458,series.ar.bcra.wholesale_fx,5
2007-09-26,3.1462,series.ar.bcra.wholesale_fx,5
2007-09-27,3.1498,series.ar.bcra.wholesale_fx,5
2007-09-28,3.1495,series.ar.bcra.wholesale_fx,5
2007-10-01,3.1497,series.ar.bcra.wholesale_fx,5
2007-10-02,3.147,series.ar.bcra.wholesale_fx,5
2007-10-03,3.1497,series.ar.bcra.wholesale_fx,5
2007-10-04,3.1545,series.ar.bcra.wholesale_fx,5
2007-10-05,3.155,series.ar.bcra.wholesale_fx,5
2007-10-08,3.1592,series.ar.bcra.wholesale_fx,5
2007-10-09,3.161,series.ar.bcra.wholesale_fx,5
2007-10-10,3.1613,series.ar.bcra.wholesale_fx,5
2007-10-11,3.1575,series.ar.bcra.wholesale_fx,5
2007-10-12,3.157,series.ar.bcra.wholesale_fx,5
2007-10-16,3.1625,series.ar.bcra.wholesale_fx,5
2007-10-17,3.1593,series.ar.bcra.wholesale_fx,5
2007-10-18,3.1628,series.ar.bcra.wholesale_fx,5
2007-10-19,3.164,series.ar.bcra.wholesale_fx,5
2007-10-22,3.1682,series.ar.bcra.wholesale_fx,5
2007-10-23,3.1708,series.ar.bcra.wholesale_fx,5
2007-10-24,3.1778,series.ar.bcra.wholesale_fx,5
2007-10-25,3.1797,series.ar.bcra.wholesale_fx,5
2007-10-26,3.1743,series.ar.bcra.wholesale_fx,5
2007-10-29,3.1613,series.ar.bcra.wholesale_fx,5
2007-10-30,3.1495,series.ar.bcra.wholesale_fx,5
2007-10-31,3.1477,series.ar.bcra.wholesale_fx,5
2007-11-01,3.1395,series.ar.bcra.wholesale_fx,5
2007-11-02,3.131,series.ar.bcra.wholesale_fx,5
2007-11-05,3.1307,series.ar.bcra.wholesale_fx,5
2007-11-07,3.1313,series.ar.bcra.wholesale_fx,5
2007-11-08,3.1242,series.ar.bcra.wholesale_fx,5
2007-11-09,3.1315,series.ar.bcra.wholesale_fx,5
2007-11-12,3.1303,series.ar.bcra.wholesale_fx,5
2007-11-13,3.1347,series.ar.bcra.wholesale_fx,5
2007-11-14,3.131,series.ar.bcra.wholesale_fx,5
2007-11-15,3.1268,series.ar.bcra.wholesale_fx,5
2007-11-16,3.1288,series.ar.bcra.wholesale_fx,5
2007-11-19,3.132,series.ar.bcra.wholesale_fx,5
2007-11-20,3.129,series.ar.bcra.wholesale_fx,5
2007-11-21,3.1373,series.ar.bcra.wholesale_fx,5
2007-11-22,3.1407,series.ar.bcra.wholesale_fx,5
2007-11-23,3.1438,series.ar.bcra.wholesale_fx,5
2007-11-26,3.1438,series.ar.bcra.wholesale_fx,5
2007-11-27,3.1462,series.ar.bcra.wholesale_fx,5
2007-11-28,3.1482,series.ar.bcra.wholesale_fx,5
2007-11-29,3.1492,series.ar.bcra.wholesale_fx,5
2007-11-30,3.1442,series.ar.bcra.wholesale_fx,5
2007-12-03,3.1407,series.ar.bcra.wholesale_fx,5
2007-12-04,3.1372,series.ar.bcra.wholesale_fx,5
2007-12-05,3.1318,series.ar.bcra.wholesale_fx,5
2007-12-06,3.1335,series.ar.bcra.wholesale_fx,5
2007-12-07,3.1343,series.ar.bcra.wholesale_fx,5
2007-12-10,3.1398,series.ar.bcra.wholesale_fx,5
2007-12-11,3.1393,series.ar.bcra.wholesale_fx,5
2007-12-12,3.1388,series.ar.bcra.wholesale_fx,5
2007-12-13,3.1408,series.ar.bcra.wholesale_fx,5
2007-12-14,3.1445,series.ar.bcra.wholesale_fx,5
2007-12-17,3.1447,series.ar.bcra.wholesale_fx,5
2007-12-18,3.1385,series.ar.bcra.wholesale_fx,5
2007-12-19,3.1353,series.ar.bcra.wholesale_fx,5
2007-12-20,3.1345,series.ar.bcra.wholesale_fx,5
2007-12-21,3.1373,series.ar.bcra.wholesale_fx,5
2007-12-26,3.1442,series.ar.bcra.wholesale_fx,5
2007-12-27,3.1475,series.ar.bcra.wholesale_fx,5
2007-12-28,3.151,series.ar.bcra.wholesale_fx,5
2008-01-02,3.1473,series.ar.bcra.wholesale_fx,5
2008-01-03,3.1422,series.ar.bcra.wholesale_fx,5
2008-01-04,3.1415,series.ar.bcra.wholesale_fx,5
2008-01-07,3.137,series.ar.bcra.wholesale_fx,5
2008-01-08,3.1318,series.ar.bcra.wholesale_fx,5
2008-01-09,3.1287,series.ar.bcra.wholesale_fx,5
2008-01-10,3.1285,series.ar.bcra.wholesale_fx,5
2008-01-11,3.1282,series.ar.bcra.wholesale_fx,5
2008-01-14,3.1312,series.ar.bcra.wholesale_fx,5
2008-01-15,3.1407,series.ar.bcra.wholesale_fx,5
2008-01-16,3.1413,series.ar.bcra.wholesale_fx,5
2008-01-17,3.148,series.ar.bcra.wholesale_fx,5
2008-01-18,3.1525,series.ar.bcra.wholesale_fx,5
2008-01-21,3.1575,series.ar.bcra.wholesale_fx,5
2008-01-22,3.1568,series.ar.bcra.wholesale_fx,5
2008-01-23,3.157,series.ar.bcra.wholesale_fx,5
2008-01-24,3.1538,series.ar.bcra.wholesale_fx,5
2008-01-25,3.1465,series.ar.bcra.wholesale_fx,5
2008-01-28,3.1507,series.ar.bcra.wholesale_fx,5
2008-01-29,3.1473,series.ar.bcra.wholesale_fx,5
2008-01-30,3.153,series.ar.bcra.wholesale_fx,5
2008-01-31,3.1557,series.ar.bcra.wholesale_fx,5
2008-02-01,3.1527,series.ar.bcra.wholesale_fx,5
2008-02-04,3.1527,series.ar.bcra.wholesale_fx,5
2008-02-05,3.1588,series.ar.bcra.wholesale_fx,5
2008-02-06,3.1682,series.ar.bcra.wholesale_fx,5
2008-02-07,3.167,series.ar.bcra.wholesale_fx,5
2008-02-08,3.1695,series.ar.bcra.wholesale_fx,5
2008-02-11,3.1677,series.ar.bcra.wholesale_fx,5
2008-02-12,3.1637,series.ar.bcra.wholesale_fx,5
2008-02-13,3.1608,series.ar.bcra.wholesale_fx,5
2008-02-14,3.1542,series.ar.bcra.wholesale_fx,5
2008-02-15,3.1537,series.ar.bcra.wholesale_fx,5
2008-02-18,3.1535,series.ar.bcra.wholesale_fx,5
2008-02-19,3.1538,series.ar.bcra.wholesale_fx,5
2008-02-20,3.1548,series.ar.bcra.wholesale_fx,5
2008-02-21,3.1505,series.ar.bcra.wholesale_fx,5
2008-02-22,3.1528,series.ar.bcra.wholesale_fx,5
2008-02-25,3.1572,series.ar.bcra.wholesale_fx,5
2008-02-26,3.1595,series.ar.bcra.wholesale_fx,5
2008-02-27,3.1573,series.ar.bcra.wholesale_fx,5
2008-02-28,3.1575,series.ar.bcra.wholesale_fx,5
2008-02-29,3.1587,series.ar.bcra.wholesale_fx,5
2008-03-03,3.1608,series.ar.bcra.wholesale_fx,5
2008-03-04,3.155,series.ar.bcra.wholesale_fx,5
2008-03-05,3.1518,series.ar.bcra.wholesale_fx,5
2008-03-06,3.1525,series.ar.bcra.wholesale_fx,5
2008-03-07,3.1535,series.ar.bcra.wholesale_fx,5
2008-03-10,3.1572,series.ar.bcra.wholesale_fx,5
2008-03-11,3.153,series.ar.bcra.wholesale_fx,5
2008-03-12,3.1527,series.ar.bcra.wholesale_fx,5
2008-03-13,3.1502,series.ar.bcra.wholesale_fx,5
2008-03-14,3.1448,series.ar.bcra.wholesale_fx,5
2008-03-17,3.1503,series.ar.bcra.wholesale_fx,5
2008-03-18,3.147,series.ar.bcra.wholesale_fx,5
2008-03-19,3.1497,series.ar.bcra.wholesale_fx,5
2008-03-25,3.1615,series.ar.bcra.wholesale_fx,5
2008-03-26,3.1688,series.ar.bcra.wholesale_fx,5
2008-03-27,3.1672,series.ar.bcra.wholesale_fx,5
2008-03-28,3.1638,series.ar.bcra.wholesale_fx,5
2008-03-31,3.1653,series.ar.bcra.wholesale_fx,5
2008-04-01,3.1668,series.ar.bcra.wholesale_fx,5
2008-04-03,3.1625,series.ar.bcra.wholesale_fx,5
2008-04-04,3.1625,series.ar.bcra.wholesale_fx,5
2008-04-07,3.16,series.ar.bcra.wholesale_fx,5
2008-04-08,3.1578,series.ar.bcra.wholesale_fx,5
2008-04-09,3.1585,series.ar.bcra.wholesale_fx,5
2008-04-10,3.1573,series.ar.bcra.wholesale_fx,5
2008-04-11,3.152,series.ar.bcra.wholesale_fx,5
2008-04-14,3.1527,series.ar.bcra.wholesale_fx,5
2008-04-15,3.1553,series.ar.bcra.wholesale_fx,5
2008-04-16,3.1633,series.ar.bcra.wholesale_fx,5
2008-04-17,3.1692,series.ar.bcra.wholesale_fx,5
2008-04-18,3.1698,series.ar.bcra.wholesale_fx,5
2008-04-21,3.1732,series.ar.bcra.wholesale_fx,5
2008-04-22,3.1845,series.ar.bcra.wholesale_fx,5
2008-04-23,3.1825,series.ar.bcra.wholesale_fx,5
2008-04-24,3.1833,series.ar.bcra.wholesale_fx,5
2008-04-25,3.1815,series.ar.bcra.wholesale_fx,5
2008-04-28,3.1707,series.ar.bcra.wholesale_fx,5
2008-04-29,3.1705,series.ar.bcra.wholesale_fx,5
2008-04-30,3.1635,series.ar.bcra.wholesale_fx,5
2008-05-02,3.1683,series.ar.bcra.wholesale_fx,5
2008-05-05,3.1725,series.ar.bcra.wholesale_fx,5
2008-05-06,3.1758,series.ar.bcra.wholesale_fx,5
2008-05-07,3.1805,series.ar.bcra.wholesale_fx,5
2008-05-08,3.1812,series.ar.bcra.wholesale_fx,5
2008-05-09,3.1752,series.ar.bcra.wholesale_fx,5
2008-05-12,3.1773,series.ar.bcra.wholesale_fx,5
2008-05-13,3.174,series.ar.bcra.wholesale_fx,5
2008-05-14,3.1615,series.ar.bcra.wholesale_fx,5
2008-05-15,3.1608,series.ar.bcra.wholesale_fx,5
2008-05-16,3.1577,series.ar.bcra.wholesale_fx,5
2008-05-19,3.1443,series.ar.bcra.wholesale_fx,5
2008-05-20,3.1438,series.ar.bcra.wholesale_fx,5
2008-05-21,3.1342,series.ar.bcra.wholesale_fx,5
2008-05-22,3.1327,series.ar.bcra.wholesale_fx,5
2008-05-23,3.135,series.ar.bcra.wholesale_fx,5
2008-05-26,3.139,series.ar.bcra.wholesale_fx,5
2008-05-27,3.1335,series.ar.bcra.wholesale_fx,5
2008-05-28,3.1175,series.ar.bcra.wholesale_fx,5
2008-05-29,3.1105,series.ar.bcra.wholesale_fx,5
2008-05-30,3.0978,series.ar.bcra.wholesale_fx,5
2008-06-02,3.0932,series.ar.bcra.wholesale_fx,5
2008-06-03,3.0725,series.ar.bcra.wholesale_fx,5
2008-06-04,3.06,series.ar.bcra.wholesale_fx,5
2008-06-05,3.0612,series.ar.bcra.wholesale_fx,5
2008-06-06,3.0565,series.ar.bcra.wholesale_fx,5
2008-06-09,3.0588,series.ar.bcra.wholesale_fx,5
2008-06-10,3.0635,series.ar.bcra.wholesale_fx,5
2008-06-11,3.0612,series.ar.bcra.wholesale_fx,5
2008-06-12,3.0527,series.ar.bcra.wholesale_fx,5
2008-06-13,3.0523,series.ar.bcra.wholesale_fx,5
2008-06-17,3.0343,series.ar.bcra.wholesale_fx,5
2008-06-18,3.0305,series.ar.bcra.wholesale_fx,5
2008-06-19,3.0272,series.ar.bcra.wholesale_fx,5
2008-06-20,3.024,series.ar.bcra.wholesale_fx,5
2008-06-23,3.0202,series.ar.bcra.wholesale_fx,5
2008-06-24,3.0128,series.ar.bcra.wholesale_fx,5
2008-06-25,3.015,series.ar.bcra.wholesale_fx,5
2008-06-26,3.0222,series.ar.bcra.wholesale_fx,5
2008-06-27,3.0247,series.ar.bcra.wholesale_fx,5
2008-06-30,3.0242,series.ar.bcra.wholesale_fx,5
2008-07-01,3.0242,series.ar.bcra.wholesale_fx,5
2008-07-02,3.0198,series.ar.bcra.wholesale_fx,5
2008-07-03,3.0267,series.ar.bcra.wholesale_fx,5
2008-07-04,3.0288,series.ar.bcra.wholesale_fx,5
2008-07-07,3.0195,series.ar.bcra.wholesale_fx,5
2008-07-08,3.0143,series.ar.bcra.wholesale_fx,5
2008-07-10,3.0158,series.ar.bcra.wholesale_fx,5
2008-07-11,3.0212,series.ar.bcra.wholesale_fx,5
2008-07-14,3.0255,series.ar.bcra.wholesale_fx,5
2008-07-15,3.0227,series.ar.bcra.wholesale_fx,5
2008-07-16,3.0255,series.ar.bcra.wholesale_fx,5
2008-07-17,3.022,series.ar.bcra.wholesale_fx,5
2008-07-18,3.0238,series.ar.bcra.wholesale_fx,5
2008-07-21,3.0238,series.ar.bcra.wholesale_fx,5
2008-07-22,3.0252,series.ar.bcra.wholesale_fx,5
2008-07-23,3.0222,series.ar.bcra.wholesale_fx,5
2008-07-24,3.0153,series.ar.bcra.wholesale_fx,5
2008-07-25,3.0173,series.ar.bcra.wholesale_fx,5
2008-07-28,3.0185,series.ar.bcra.wholesale_fx,5
2008-07-29,3.0232,series.ar.bcra.wholesale_fx,5
2008-07-30,3.0258,series.ar.bcra.wholesale_fx,5
2008-07-31,3.0305,series.ar.bcra.wholesale_fx,5
2008-08-01,3.04,series.ar.bcra.wholesale_fx,5
2008-08-04,3.0378,series.ar.bcra.wholesale_fx,5
2008-08-05,3.0395,series.ar.bcra.wholesale_fx,5
2008-08-06,3.0432,series.ar.bcra.wholesale_fx,5
2008-08-07,3.0462,series.ar.bcra.wholesale_fx,5
2008-08-08,3.0522,series.ar.bcra.wholesale_fx,5
2008-08-11,3.0435,series.ar.bcra.wholesale_fx,5
2008-08-12,3.0338,series.ar.bcra.wholesale_fx,5
2008-08-13,3.0353,series.ar.bcra.wholesale_fx,5
2008-08-14,3.0285,series.ar.bcra.wholesale_fx,5
2008-08-15,3.0285,series.ar.bcra.wholesale_fx,5
2008-08-19,3.029,series.ar.bcra.wholesale_fx,5
2008-08-20,3.027,series.ar.bcra.wholesale_fx,5
2008-08-21,3.0253,series.ar.bcra.wholesale_fx,5
2008-08-22,3.0228,series.ar.bcra.wholesale_fx,5
2008-08-25,3.0238,series.ar.bcra.wholesale_fx,5
2008-08-26,3.026,series.ar.bcra.wholesale_fx,5
2008-08-27,3.0278,series.ar.bcra.wholesale_fx,5
2008-08-28,3.0265,series.ar.bcra.wholesale_fx,5
2008-08-29,3.0288,series.ar.bcra.wholesale_fx,5
2008-09-01,3.0305,series.ar.bcra.wholesale_fx,5
2008-09-02,3.0317,series.ar.bcra.wholesale_fx,5
2008-09-03,3.0462,series.ar.bcra.wholesale_fx,5
2008-09-04,3.0392,series.ar.bcra.wholesale_fx,5
2008-09-05,3.0388,series.ar.bcra.wholesale_fx,5
2008-09-08,3.0415,series.ar.bcra.wholesale_fx,5
2008-09-09,3.0548,series.ar.bcra.wholesale_fx,5
2008-09-10,3.068,series.ar.bcra.wholesale_fx,5
2008-09-11,3.0867,series.ar.bcra.wholesale_fx,5
2008-09-12,3.0802,series.ar.bcra.wholesale_fx,5
2008-09-15,3.0877,series.ar.bcra.wholesale_fx,5
2008-09-16,3.0945,series.ar.bcra.wholesale_fx,5
2008-09-17,3.0997,series.ar.bcra.wholesale_fx,5
2008-09-18,3.113,series.ar.bcra.wholesale_fx,5
2008-09-19,3.1058,series.ar.bcra.wholesale_fx,5
2008-09-22,3.1135,series.ar.bcra.wholesale_fx,5
2008-09-23,3.1027,series.ar.bcra.wholesale_fx,5
2008-09-24,3.1022,series.ar.bcra.wholesale_fx,5
2008-09-25,3.1095,series.ar.bcra.wholesale_fx,5
2008-09-26,3.1158,series.ar.bcra.wholesale_fx,5
2008-09-29,3.1198,series.ar.bcra.wholesale_fx,5
2008-09-30,3.1302,series.ar.bcra.wholesale_fx,5
2008-10-01,3.135,series.ar.bcra.wholesale_fx,5
2008-10-02,3.1395,series.ar.bcra.wholesale_fx,5
2008-10-03,3.1615,series.ar.bcra.wholesale_fx,5
2008-10-06,3.195,series.ar.bcra.wholesale_fx,5
2008-10-07,3.2115,series.ar.bcra.wholesale_fx,5
2008-10-08,3.2222,series.ar.bcra.wholesale_fx,5
2008-10-09,3.2268,series.ar.bcra.wholesale_fx,5
2008-10-10,3.2552,series.ar.bcra.wholesale_fx,5
2008-10-14,3.2062,series.ar.bcra.wholesale_fx,5
2008-10-15,3.2013,series.ar.bcra.wholesale_fx,5
2008-10-16,3.2037,series.ar.bcra.wholesale_fx,5
2008-10-17,3.207,series.ar.bcra.wholesale_fx,5
2008-10-20,3.2178,series.ar.bcra.wholesale_fx,5
2008-10-21,3.2235,series.ar.bcra.wholesale_fx,5
2008-10-22,3.2163,series.ar.bcra.wholesale_fx,5
2008-10-23,3.2425,series.ar.bcra.wholesale_fx,5
2008-10-24,3.2645,series.ar.bcra.wholesale_fx,5
2008-10-27,3.2878,series.ar.bcra.wholesale_fx,5
2008-10-28,3.3088,series.ar.bcra.wholesale_fx,5
2008-10-29,3.3797,series.ar.bcra.wholesale_fx,5
2008-10-30,3.3627,series.ar.bcra.wholesale_fx,5
2008-10-31,3.379,series.ar.bcra.wholesale_fx,5
2008-11-03,3.38,series.ar.bcra.wholesale_fx,5
2008-11-04,3.3687,series.ar.bcra.wholesale_fx,5
2008-11-05,3.3042,series.ar.bcra.wholesale_fx,5
2008-11-07,3.3093,series.ar.bcra.wholesale_fx,5
2008-11-10,3.3033,series.ar.bcra.wholesale_fx,5
2008-11-11,3.2993,series.ar.bcra.wholesale_fx,5
2008-11-12,3.302,series.ar.bcra.wholesale_fx,5
2008-11-13,3.3083,series.ar.bcra.wholesale_fx,5
2008-11-14,3.3107,series.ar.bcra.wholesale_fx,5
2008-11-17,3.3177,series.ar.bcra.wholesale_fx,5
2008-11-18,3.3175,series.ar.bcra.wholesale_fx,5
2008-11-19,3.3268,series.ar.bcra.wholesale_fx,5
2008-11-20,3.3282,series.ar.bcra.wholesale_fx,5
2008-11-21,3.3328,series.ar.bcra.wholesale_fx,5
2008-11-24,3.3368,series.ar.bcra.wholesale_fx,5
2008-11-25,3.339,series.ar.bcra.wholesale_fx,5
2008-11-26,3.3455,series.ar.bcra.wholesale_fx,5
2008-11-27,3.3552,series.ar.bcra.wholesale_fx,5
2008-11-28,3.369,series.ar.bcra.wholesale_fx,5
2008-12-01,3.3763,series.ar.bcra.wholesale_fx,5
2008-12-02,3.392,series.ar.bcra.wholesale_fx,5
2008-12-03,3.4042,series.ar.bcra.wholesale_fx,5
2008-12-04,3.4277,series.ar.bcra.wholesale_fx,5
2008-12-05,3.4488,series.ar.bcra.wholesale_fx,5
2008-12-09,3.4417,series.ar.bcra.wholesale_fx,5
2008-12-10,3.4202,series.ar.bcra.wholesale_fx,5
2008-12-11,3.4132,series.ar.bcra.wholesale_fx,5
2008-12-12,3.4165,series.ar.bcra.wholesale_fx,5
2008-12-15,3.4307,series.ar.bcra.wholesale_fx,5
2008-12-16,3.4183,series.ar.bcra.wholesale_fx,5
2008-12-17,3.3998,series.ar.bcra.wholesale_fx,5
2008-12-18,3.409,series.ar.bcra.wholesale_fx,5
2008-12-19,3.4062,series.ar.bcra.wholesale_fx,5
2008-12-22,3.4182,series.ar.bcra.wholesale_fx,5
2008-12-23,3.4292,series.ar.bcra.wholesale_fx,5
2008-12-24,3.4363,series.ar.bcra.wholesale_fx,5
2008-12-26,3.442,series.ar.bcra.wholesale_fx,5
2008-12-29,3.4415,series.ar.bcra.wholesale_fx,5
2008-12-30,3.4498,series.ar.bcra.wholesale_fx,5
2008-12-31,3.4537,series.ar.bcra.wholesale_fx,5
2009-01-02,3.4543,series.ar.bcra.wholesale_fx,5
2009-01-05,3.4603,series.ar.bcra.wholesale_fx,5
2009-01-06,3.4502,series.ar.bcra.wholesale_fx,5
2009-01-07,3.4568,series.ar.bcra.wholesale_fx,5
2009-01-08,3.4547,series.ar.bcra.wholesale_fx,5
2009-01-09,3.4497,series.ar.bcra.wholesale_fx,5
2009-01-12,3.45,series.ar.bcra.wholesale_fx,5
2009-01-13,3.4505,series.ar.bcra.wholesale_fx,5
2009-01-14,3.451,series.ar.bcra.wholesale_fx,5
2009-01-15,3.4525,series.ar.bcra.wholesale_fx,5
2009-01-16,3.4548,series.ar.bcra.wholesale_fx,5
2009-01-19,3.4572,series.ar.bcra.wholesale_fx,5
2009-01-20,3.4585,series.ar.bcra.wholesale_fx,5
2009-01-21,3.4653,series.ar.bcra.wholesale_fx,5
2009-01-22,3.4735,series.ar.bcra.wholesale_fx,5
2009-01-23,3.478,series.ar.bcra.wholesale_fx,5
2009-01-26,3.4842,series.ar.bcra.wholesale_fx,5
2009-01-27,3.4823,series.ar.bcra.wholesale_fx,5
2009-01-28,3.4855,series.ar.bcra.wholesale_fx,5
2009-01-29,3.4875,series.ar.bcra.wholesale_fx,5
2009-01-30,3.4875,series.ar.bcra.wholesale_fx,5
2009-02-02,3.4888,series.ar.bcra.wholesale_fx,5
2009-02-03,3.496,series.ar.bcra.wholesale_fx,5
2009-02-04,3.4957,series.ar.bcra.wholesale_fx,5
2009-02-05,3.487,series.ar.bcra.wholesale_fx,5
2009-02-06,3.486,series.ar.bcra.wholesale_fx,5
2009-02-09,3.4877,series.ar.bcra.wholesale_fx,5
2009-02-10,3.488,series.ar.bcra.wholesale_fx,5
2009-02-11,3.4868,series.ar.bcra.wholesale_fx,5
2009-02-12,3.493,series.ar.bcra.wholesale_fx,5
2009-02-13,3.493,series.ar.bcra.wholesale_fx,5
2009-02-16,3.4972,series.ar.bcra.wholesale_fx,5
2009-02-17,3.5002,series.ar.bcra.wholesale_fx,5
2009-02-18,3.5077,series.ar.bcra.wholesale_fx,5
2009-02-19,3.5218,series.ar.bcra.wholesale_fx,5
2009-02-20,3.5378,series.ar.bcra.wholesale_fx,5
2009-02-23,3.5443,series.ar.bcra.wholesale_fx,5
2009-02-24,3.5518,series.ar.bcra.wholesale_fx,5
2009-02-25,3.553,series.ar.bcra.wholesale_fx,5
2009-02-26,3.555,series.ar.bcra.wholesale_fx,5
2009-02-27,3.5595,series.ar.bcra.wholesale_fx,5
2009-03-02,3.5905,series.ar.bcra.wholesale_fx,5
2009-03-03,3.6138,series.ar.bcra.wholesale_fx,5
2009-03-04,3.6143,series.ar.bcra.wholesale_fx,5
2009-03-05,3.6245,series.ar.bcra.wholesale_fx,5
2009-03-06,3.6283,series.ar.bcra.wholesale_fx,5
2009-03-09,3.6377,series.ar.bcra.wholesale_fx,5
2009-03-10,3.6388,series.ar.bcra.wholesale_fx,5
2009-03-11,3.64,series.ar.bcra.wholesale_fx,5
2009-03-12,3.647,series.ar.bcra.wholesale_fx,5
2009-03-13,3.6495,series.ar.bcra.wholesale_fx,5
2009-03-16,3.6497,series.ar.bcra.wholesale_fx,5
2009-03-17,3.6467,series.ar.bcra.wholesale_fx,5
2009-03-18,3.6527,series.ar.bcra.wholesale_fx,5
2009-03-19,3.6555,series.ar.bcra.wholesale_fx,5
2009-03-20,3.6547,series.ar.bcra.wholesale_fx,5
2009-03-23,3.6717,series.ar.bcra.wholesale_fx,5
2009-03-25,3.6858,series.ar.bcra.wholesale_fx,5
2009-03-26,3.6917,series.ar.bcra.wholesale_fx,5
2009-03-27,3.7103,series.ar.bcra.wholesale_fx,5
2009-03-30,3.7167,series.ar.bcra.wholesale_fx,5
2009-03-31,3.7135,series.ar.bcra.wholesale_fx,5
2009-04-01,3.7185,series.ar.bcra.wholesale_fx,5
2009-04-03,3.7017,series.ar.bcra.wholesale_fx,5
2009-04-06,3.6848,series.ar.bcra.wholesale_fx,5
2009-04-07,3.6738,series.ar.bcra.wholesale_fx,5
2009-04-08,3.678,series.ar.bcra.wholesale_fx,5
2009-04-13,3.6777,series.ar.bcra.wholesale_fx,5
2009-04-14,3.6823,series.ar.bcra.wholesale_fx,5
2009-04-15,3.6772,series.ar.bcra.wholesale_fx,5
2009-04-16,3.676,series.ar.bcra.wholesale_fx,5
2009-04-17,3.6798,series.ar.bcra.wholesale_fx,5
2009-04-20,3.6868,series.ar.bcra.wholesale_fx,5
2009-04-21,3.6925,series.ar.bcra.wholesale_fx,5
2009-04-22,3.6967,series.ar.bcra.wholesale_fx,5
2009-04-23,3.698,series.ar.bcra.wholesale_fx,5
2009-04-24,3.6967,series.ar.bcra.wholesale_fx,5
2009-04-27,3.7012,series.ar.bcra.wholesale_fx,5
2009-04-28,3.7118,series.ar.bcra.wholesale_fx,5
2009-04-29,3.7208,series.ar.bcra.wholesale_fx,5
2009-04-30,3.7198,series.ar.bcra.wholesale_fx,5
2009-05-04,3.6928,series.ar.bcra.wholesale_fx,5
2009-05-05,3.6945,series.ar.bcra.wholesale_fx,5
2009-05-06,3.7022,series.ar.bcra.wholesale_fx,5
2009-05-07,3.7152,series.ar.bcra.wholesale_fx,5
2009-05-08,3.7198,series.ar.bcra.wholesale_fx,5
2009-05-11,3.7187,series.ar.bcra.wholesale_fx,5
2009-05-12,3.72,series.ar.bcra.wholesale_fx,5
2009-05-13,3.7225,series.ar.bcra.wholesale_fx,5
2009-05-14,3.7263,series.ar.bcra.wholesale_fx,5
2009-05-15,3.729,series.ar.bcra.wholesale_fx,5
2009-05-18,3.7288,series.ar.bcra.wholesale_fx,5
2009-05-19,3.7268,series.ar.bcra.wholesale_fx,5
2009-05-20,3.73,series.ar.bcra.wholesale_fx,5
2009-05-21,3.7348,series.ar.bcra.wholesale_fx,5
2009-05-22,3.7378,series.ar.bcra.wholesale_fx,5
2009-05-26,3.7398,series.ar.bcra.wholesale_fx,5
2009-05-27,3.7392,series.ar.bcra.wholesale_fx,5
2009-05-28,3.7403,series.ar.bcra.wholesale_fx,5
2009-05-29,3.7465,series.ar.bcra.wholesale_fx,5
2009-06-01,3.7468,series.ar.bcra.wholesale_fx,5
2009-06-02,3.7432,series.ar.bcra.wholesale_fx,5
2009-06-03,3.7427,series.ar.bcra.wholesale_fx,5
2009-06-04,3.7432,series.ar.bcra.wholesale_fx,5
2009-06-05,3.7473,series.ar.bcra.wholesale_fx,5
2009-06-08,3.757,series.ar.bcra.wholesale_fx,5
2009-06-09,3.7595,series.ar.bcra.wholesale_fx,5
2009-06-10,3.7587,series.ar.bcra.wholesale_fx,5
2009-06-11,3.7615,series.ar.bcra.wholesale_fx,5
2009-06-12,3.763,series.ar.bcra.wholesale_fx,5
2009-06-16,3.7672,series.ar.bcra.wholesale_fx,5
2009-06-17,3.7667,series.ar.bcra.wholesale_fx,5
2009-06-18,3.7678,series.ar.bcra.wholesale_fx,5
2009-06-19,3.7708,series.ar.bcra.wholesale_fx,5
2009-06-22,3.7792,series.ar.bcra.wholesale_fx,5
2009-06-23,3.7857,series.ar.bcra.wholesale_fx,5
2009-06-24,3.7893,series.ar.bcra.wholesale_fx,5
2009-06-25,3.7955,series.ar.bcra.wholesale_fx,5
2009-06-26,3.8008,series.ar.bcra.wholesale_fx,5
2009-06-29,3.7897,series.ar.bcra.wholesale_fx,5
2009-06-30,3.7952,series.ar.bcra.wholesale_fx,5
2009-07-01,3.7983,series.ar.bcra.wholesale_fx,5
2009-07-02,3.7998,series.ar.bcra.wholesale_fx,5
2009-07-03,3.8015,series.ar.bcra.wholesale_fx,5
2009-07-06,3.8055,series.ar.bcra.wholesale_fx,5
2009-07-07,3.804,series.ar.bcra.wholesale_fx,5
2009-07-08,3.809,series.ar.bcra.wholesale_fx,5
2009-07-13,3.811,series.ar.bcra.wholesale_fx,5
2009-07-14,3.807,series.ar.bcra.wholesale_fx,5
2009-07-15,3.8062,series.ar.bcra.wholesale_fx,5
2009-07-16,3.8077,series.ar.bcra.wholesale_fx,5
2009-07-17,3.8075,series.ar.bcra.wholesale_fx,5
2009-07-20,3.8078,series.ar.bcra.wholesale_fx,5
2009-07-21,3.8083,series.ar.bcra.wholesale_fx,5
2009-07-22,3.8078,series.ar.bcra.wholesale_fx,5
2009-07-23,3.8088,series.ar.bcra.wholesale_fx,5
2009-07-24,3.809,series.ar.bcra.wholesale_fx,5
2009-07-27,3.8103,series.ar.bcra.wholesale_fx,5
2009-07-28,3.8132,series.ar.bcra.wholesale_fx,5
2009-07-29,3.8207,series.ar.bcra.wholesale_fx,5
2009-07-30,3.8305,series.ar.bcra.wholesale_fx,5
2009-07-31,3.8305,series.ar.bcra.wholesale_fx,5
2009-08-03,3.8272,series.ar.bcra.wholesale_fx,5
2009-08-04,3.8223,series.ar.bcra.wholesale_fx,5
2009-08-05,3.8245,series.ar.bcra.wholesale_fx,5
2009-08-06,3.8247,series.ar.bcra.wholesale_fx,5
2009-08-07,3.826,series.ar.bcra.wholesale_fx,5
2009-08-10,3.8277,series.ar.bcra.wholesale_fx,5
2009-08-11,3.8303,series.ar.bcra.wholesale_fx,5
2009-08-12,3.8325,series.ar.bcra.wholesale_fx,5
2009-08-13,3.8358,series.ar.bcra.wholesale_fx,5
2009-08-14,3.8398,series.ar.bcra.wholesale_fx,5
2009-08-18,3.8445,series.ar.bcra.wholesale_fx,5
2009-08-19,3.8478,series.ar.bcra.wholesale_fx,5
2009-08-20,3.8492,series.ar.bcra.wholesale_fx,5
2009-08-21,3.8503,series.ar.bcra.wholesale_fx,5
2009-08-24,3.8508,series.ar.bcra.wholesale_fx,5
2009-08-25,3.8512,series.ar.bcra.wholesale_fx,5
2009-08-26,3.8498,series.ar.bcra.wholesale_fx,5
2009-08-27,3.8488,series.ar.bcra.wholesale_fx,5
2009-08-28,3.8478,series.ar.bcra.wholesale_fx,5
2009-08-31,3.8525,series.ar.bcra.wholesale_fx,5
2009-09-01,3.847,series.ar.bcra.wholesale_fx,5
2009-09-02,3.8455,series.ar.bcra.wholesale_fx,5
2009-09-03,3.8462,series.ar.bcra.wholesale_fx,5
2009-09-04,3.8468,series.ar.bcra.wholesale_fx,5
2009-09-07,3.849,series.ar.bcra.wholesale_fx,5
2009-09-08,3.8497,series.ar.bcra.wholesale_fx,5
2009-09-09,3.8533,series.ar.bcra.wholesale_fx,5
2009-09-10,3.8542,series.ar.bcra.wholesale_fx,5
2009-09-11,3.8545,series.ar.bcra.wholesale_fx,5
2009-09-14,3.8523,series.ar.bcra.wholesale_fx,5
2009-09-15,3.8322,series.ar.bcra.wholesale_fx,5
2009-09-16,3.8275,series.ar.bcra.wholesale_fx,5
2009-09-17,3.8292,series.ar.bcra.wholesale_fx,5
2009-09-18,3.836,series.ar.bcra.wholesale_fx,5
2009-09-21,3.8378,series.ar.bcra.wholesale_fx,5
2009-09-22,3.8338,series.ar.bcra.wholesale_fx,5
2009-09-23,3.8377,series.ar.bcra.wholesale_fx,5
2009-09-24,3.8352,series.ar.bcra.wholesale_fx,5
2009-09-25,3.8385,series.ar.bcra.wholesale_fx,5
2009-09-28,3.8398,series.ar.bcra.wholesale_fx,5
2009-09-29,3.8432,series.ar.bcra.wholesale_fx,5
2009-09-30,3.8427,series.ar.bcra.wholesale_fx,5
2009-10-01,3.8417,series.ar.bcra.wholesale_fx,5
2009-10-02,3.8452,series.ar.bcra.wholesale_fx,5
2009-10-05,3.8405,series.ar.bcra.wholesale_fx,5
2009-10-06,3.8345,series.ar.bcra.wholesale_fx,5
2009-10-07,3.8343,series.ar.bcra.wholesale_fx,5
2009-10-08,3.8333,series.ar.bcra.wholesale_fx,5
2009-10-09,3.8298,series.ar.bcra.wholesale_fx,5
2009-10-13,3.824,series.ar.bcra.wholesale_fx,5
2009-10-14,3.8222,series.ar.bcra.wholesale_fx,5
2009-10-15,3.82,series.ar.bcra.wholesale_fx,5
2009-10-16,3.8193,series.ar.bcra.wholesale_fx,5
2009-10-19,3.8212,series.ar.bcra.wholesale_fx,5
2009-10-20,3.821,series.ar.bcra.wholesale_fx,5
2009-10-21,3.8203,series.ar.bcra.wholesale_fx,5
2009-10-22,3.822,series.ar.bcra.wholesale_fx,5
2009-10-23,3.8202,series.ar.bcra.wholesale_fx,5
2009-10-26,3.8198,series.ar.bcra.wholesale_fx,5
2009-10-27,3.8208,series.ar.bcra.wholesale_fx,5
2009-10-28,3.8205,series.ar.bcra.wholesale_fx,5
2009-10-29,3.8208,series.ar.bcra.wholesale_fx,5
2009-10-30,3.819,series.ar.bcra.wholesale_fx,5
2009-11-02,3.8192,series.ar.bcra.wholesale_fx,5
2009-11-03,3.8192,series.ar.bcra.wholesale_fx,5
2009-11-04,3.8172,series.ar.bcra.wholesale_fx,5
2009-11-05,3.8175,series.ar.bcra.wholesale_fx,5
2009-11-09,3.8165,series.ar.bcra.wholesale_fx,5
2009-11-10,3.8155,series.ar.bcra.wholesale_fx,5
2009-11-11,3.8135,series.ar.bcra.wholesale_fx,5
2009-11-12,3.8123,series.ar.bcra.wholesale_fx,5
2009-11-13,3.8142,series.ar.bcra.wholesale_fx,5
2009-11-16,3.8145,series.ar.bcra.wholesale_fx,5
2009-11-17,3.8155,series.ar.bcra.wholesale_fx,5
2009-11-18,3.8122,series.ar.bcra.wholesale_fx,5
2009-11-19,3.8052,series.ar.bcra.wholesale_fx,5
2009-11-20,3.8013,series.ar.bcra.wholesale_fx,5
2009-11-23,3.7988,series.ar.bcra.wholesale_fx,5
2009-11-24,3.7995,series.ar.bcra.wholesale_fx,5
2009-11-25,3.8033,series.ar.bcra.wholesale_fx,5
2009-11-26,3.8052,series.ar.bcra.wholesale_fx,5
2009-11-27,3.8082,series.ar.bcra.wholesale_fx,5
2009-11-30,3.8102,series.ar.bcra.wholesale_fx,5
2009-12-01,3.8108,series.ar.bcra.wholesale_fx,5
2009-12-02,3.8123,series.ar.bcra.wholesale_fx,5
2009-12-03,3.8107,series.ar.bcra.wholesale_fx,5
2009-12-04,3.8072,series.ar.bcra.wholesale_fx,5
2009-12-07,3.8065,series.ar.bcra.wholesale_fx,5
2009-12-09,3.8008,series.ar.bcra.wholesale_fx,5
2009-12-10,3.8015,series.ar.bcra.wholesale_fx,5
2009-12-11,3.8002,series.ar.bcra.wholesale_fx,5
2009-12-14,3.8068,series.ar.bcra.wholesale_fx,5
2009-12-15,3.8153,series.ar.bcra.wholesale_fx,5
2009-12-16,3.8108,series.ar.bcra.wholesale_fx,5
2009-12-17,3.813,series.ar.bcra.wholesale_fx,5
2009-12-18,3.8205,series.ar.bcra.wholesale_fx,5
2009-12-21,3.8127,series.ar.bcra.wholesale_fx,5
2009-12-22,3.8063,series.ar.bcra.wholesale_fx,5
2009-12-23,3.7957,series.ar.bcra.wholesale_fx,5
2009-12-24,3.7937,series.ar.bcra.wholesale_fx,5
2009-12-28,3.792,series.ar.bcra.wholesale_fx,5
2009-12-29,3.8157,series.ar.bcra.wholesale_fx,5
2009-12-30,3.8182,series.ar.bcra.wholesale_fx,5
2009-12-31,3.7967,series.ar.bcra.wholesale_fx,5
2010-01-04,3.7975,series.ar.bcra.wholesale_fx,5
2010-01-05,3.7978,series.ar.bcra.wholesale_fx,5
2010-01-06,3.8105,series.ar.bcra.wholesale_fx,5
2010-01-07,3.803,series.ar.bcra.wholesale_fx,5
2010-01-08,3.8013,series.ar.bcra.wholesale_fx,5
2010-01-11,3.7968,series.ar.bcra.wholesale_fx,5
2010-01-12,3.7942,series.ar.bcra.wholesale_fx,5
2010-01-13,3.797,series.ar.bcra.wholesale_fx,5
2010-01-14,3.7965,series.ar.bcra.wholesale_fx,5
2010-01-15,3.7988,series.ar.bcra.wholesale_fx,5
2010-01-18,3.7975,series.ar.bcra.wholesale_fx,5
2010-01-19,3.8008,series.ar.bcra.wholesale_fx,5
2010-01-20,3.8013,series.ar.bcra.wholesale_fx,5
2010-01-21,3.8062,series.ar.bcra.wholesale_fx,5
2010-01-22,3.811,series.ar.bcra.wholesale_fx,5
2010-01-25,3.8058,series.ar.bcra.wholesale_fx,5
2010-01-26,3.8098,series.ar.bcra.wholesale_fx,5
2010-01-27,3.817,series.ar.bcra.wholesale_fx,5
2010-01-28,3.8173,series.ar.bcra.wholesale_fx,5
2010-01-29,3.823,series.ar.bcra.wholesale_fx,5
2010-02-01,3.8407,series.ar.bcra.wholesale_fx,5
2010-02-02,3.831,series.ar.bcra.wholesale_fx,5
2010-02-03,3.8332,series.ar.bcra.wholesale_fx,5
2010-02-04,3.841,series.ar.bcra.wholesale_fx,5
2010-02-05,3.8447,series.ar.bcra.wholesale_fx,5
2010-02-08,3.8407,series.ar.bcra.wholesale_fx,5
2010-02-09,3.8427,series.ar.bcra.wholesale_fx,5
2010-02-10,3.8458,series.ar.bcra.wholesale_fx,5
2010-02-11,3.8502,series.ar.bcra.wholesale_fx,5
2010-02-12,3.8537,series.ar.bcra.wholesale_fx,5
2010-02-15,3.8577,series.ar.bcra.wholesale_fx,5
2010-02-16,3.8612,series.ar.bcra.wholesale_fx,5
2010-02-17,3.8557,series.ar.bcra.wholesale_fx,5
2010-02-18,3.8582,series.ar.bcra.wholesale_fx,5
2010-02-19,3.8587,series.ar.bcra.wholesale_fx,5
2010-02-22,3.8608,series.ar.bcra.wholesale_fx,5
2010-02-23,3.8677,series.ar.bcra.wholesale_fx,5
2010-02-24,3.8595,series.ar.bcra.wholesale_fx,5
2010-02-25,3.8617,series.ar.bcra.wholesale_fx,5
2010-02-26,3.8598,series.ar.bcra.wholesale_fx,5
2010-03-01,3.8597,series.ar.bcra.wholesale_fx,5
2010-03-02,3.8578,series.ar.bcra.wholesale_fx,5
2010-03-03,3.8543,series.ar.bcra.wholesale_fx,5
2010-03-04,3.8563,series.ar.bcra.wholesale_fx,5
2010-03-05,3.8573,series.ar.bcra.wholesale_fx,5
2010-03-08,3.8595,series.ar.bcra.wholesale_fx,5
2010-03-09,3.8618,series.ar.bcra.wholesale_fx,5
2010-03-10,3.8615,series.ar.bcra.wholesale_fx,5
2010-03-11,3.8588,series.ar.bcra.wholesale_fx,5
2010-03-12,3.8597,series.ar.bcra.wholesale_fx,5
2010-03-15,3.8618,series.ar.bcra.wholesale_fx,5
2010-03-16,3.8628,series.ar.bcra.wholesale_fx,5
2010-03-17,3.8613,series.ar.bcra.wholesale_fx,5
2010-03-18,3.8622,series.ar.bcra.wholesale_fx,5
2010-03-19,3.8628,series.ar.bcra.wholesale_fx,5
2010-03-22,3.8638,series.ar.bcra.wholesale_fx,5
2010-03-23,3.8635,series.ar.bcra.wholesale_fx,5
2010-03-25,3.8658,series.ar.bcra.wholesale_fx,5
2010-03-26,3.8672,series.ar.bcra.wholesale_fx,5
2010-03-29,3.8713,series.ar.bcra.wholesale_fx,5
2010-03-30,3.8748,series.ar.bcra.wholesale_fx,5
2010-03-31,3.8763,series.ar.bcra.wholesale_fx,5
2010-04-05,3.8768,series.ar.bcra.wholesale_fx,5
2010-04-06,3.8788,series.ar.bcra.wholesale_fx,5
2010-04-07,3.8798,series.ar.bcra.wholesale_fx,5
2010-04-08,3.8758,series.ar.bcra.wholesale_fx,5
2010-04-09,3.8745,series.ar.bcra.wholesale_fx,5
2010-04-12,3.8775,series.ar.bcra.wholesale_fx,5
2010-04-13,3.8808,series.ar.bcra.wholesale_fx,5
2010-04-14,3.879,series.ar.bcra.wholesale_fx,5
2010-04-15,3.8748,series.ar.bcra.wholesale_fx,5
2010-04-16,3.8717,series.ar.bcra.wholesale_fx,5
2010-04-19,3.8682,series.ar.bcra.wholesale_fx,5
2010-04-20,3.8715,series.ar.bcra.wholesale_fx,5
2010-04-21,3.8717,series.ar.bcra.wholesale_fx,5
2010-04-22,3.8713,series.ar.bcra.wholesale_fx,5
2010-04-23,3.8722,series.ar.bcra.wholesale_fx,5
2010-04-26,3.8722,series.ar.bcra.wholesale_fx,5
2010-04-27,3.8765,series.ar.bcra.wholesale_fx,5
2010-04-28,3.8803,series.ar.bcra.wholesale_fx,5
2010-04-29,3.8818,series.ar.bcra.wholesale_fx,5
2010-04-30,3.8862,series.ar.bcra.wholesale_fx,5
2010-05-03,3.886,series.ar.bcra.wholesale_fx,5
2010-05-04,3.8898,series.ar.bcra.wholesale_fx,5
2010-05-05,3.901,series.ar.bcra.wholesale_fx,5
2010-05-06,3.8975,series.ar.bcra.wholesale_fx,5
2010-05-07,3.8952,series.ar.bcra.wholesale_fx,5
2010-05-10,3.8947,series.ar.bcra.wholesale_fx,5
2010-05-11,3.8958,series.ar.bcra.wholesale_fx,5
2010-05-12,3.8955,series.ar.bcra.wholesale_fx,5
2010-05-13,3.8958,series.ar.bcra.wholesale_fx,5
2010-05-14,3.8958,series.ar.bcra.wholesale_fx,5
2010-05-17,3.8998,series.ar.bcra.wholesale_fx,5
2010-05-18,3.9062,series.ar.bcra.wholesale_fx,5
2010-05-19,3.9098,series.ar.bcra.wholesale_fx,5
2010-05-20,3.9068,series.ar.bcra.wholesale_fx,5
2010-05-21,3.9062,series.ar.bcra.wholesale_fx,5
2010-05-26,3.9088,series.ar.bcra.wholesale_fx,5
2010-05-27,3.9115,series.ar.bcra.wholesale_fx,5
2010-05-28,3.9145,series.ar.bcra.wholesale_fx,5
2010-05-31,3.9268,series.ar.bcra.wholesale_fx,5
2010-06-01,3.9308,series.ar.bcra.wholesale_fx,5
2010-06-02,3.9288,series.ar.bcra.wholesale_fx,5
2010-06-03,3.923,series.ar.bcra.wholesale_fx,5
2010-06-04,3.923,series.ar.bcra.wholesale_fx,5
2010-06-07,3.9252,series.ar.bcra.wholesale_fx,5
2010-06-08,3.9215,series.ar.bcra.wholesale_fx,5
2010-06-09,3.916,series.ar.bcra.wholesale_fx,5
2010-06-10,3.9175,series.ar.bcra.wholesale_fx,5
2010-06-11,3.9222,series.ar.bcra.wholesale_fx,5
2010-06-14,3.9268,series.ar.bcra.wholesale_fx,5
2010-06-15,3.9257,series.ar.bcra.wholesale_fx,5
2010-06-16,3.9258,series.ar.bcra.wholesale_fx,5
2010-06-17,3.9262,series.ar.bcra.wholesale_fx,5
2010-06-18,3.9265,series.ar.bcra.wholesale_fx,5
2010-06-22,3.9288,series.ar.bcra.wholesale_fx,5
2010-06-23,3.9295,series.ar.bcra.wholesale_fx,5
2010-06-24,3.9283,series.ar.bcra.wholesale_fx,5
2010-06-25,3.9323,series.ar.bcra.wholesale_fx,5
2010-06-28,3.9332,series.ar.bcra.wholesale_fx,5
2010-06-29,3.9333,series.ar.bcra.wholesale_fx,5
2010-06-30,3.9318,series.ar.bcra.wholesale_fx,5
2010-07-01,3.9325,series.ar.bcra.wholesale_fx,5
2010-07-02,3.9342,series.ar.bcra.wholesale_fx,5
2010-07-05,3.9355,series.ar.bcra.wholesale_fx,5
2010-07-06,3.9345,series.ar.bcra.wholesale_fx,5
2010-07-07,3.9358,series.ar.bcra.wholesale_fx,5
2010-07-08,3.9367,series.ar.bcra.wholesale_fx,5
2010-07-12,3.9375,series.ar.bcra.wholesale_fx,5
2010-07-13,3.9358,series.ar.bcra.wholesale_fx,5
2010-07-14,3.9347,series.ar.bcra.wholesale_fx,5
2010-07-15,3.9348,series.ar.bcra.wholesale_fx,5
2010-07-16,3.9357,series.ar.bcra.wholesale_fx,5
2010-07-19,3.9345,series.ar.bcra.wholesale_fx,5
2010-07-20,3.9353,series.ar.bcra.wholesale_fx,5
2010-07-21,3.9348,series.ar.bcra.wholesale_fx,5
2010-07-22,3.9335,series.ar.bcra.wholesale_fx,5
2010-07-23,3.9318,series.ar.bcra.wholesale_fx,5
2010-07-26,3.9322,series.ar.bcra.wholesale_fx,5
2010-07-27,3.9315,series.ar.bcra.wholesale_fx,5
2010-07-28,3.9338,series.ar.bcra.wholesale_fx,5
2010-07-29,3.9367,series.ar.bcra.wholesale_fx,5
2010-07-30,3.9395,series.ar.bcra.wholesale_fx,5
2010-08-02,3.9388,series.ar.bcra.wholesale_fx,5
2010-08-03,3.9352,series.ar.bcra.wholesale_fx,5
2010-08-04,3.9325,series.ar.bcra.wholesale_fx,5
2010-08-05,3.9347,series.ar.bcra.wholesale_fx,5
2010-08-06,3.9325,series.ar.bcra.wholesale_fx,5
2010-08-09,3.9308,series.ar.bcra.wholesale_fx,5
2010-08-10,3.9328,series.ar.bcra.wholesale_fx,5
2010-08-11,3.9345,series.ar.bcra.wholesale_fx,5
2010-08-12,3.9338,series.ar.bcra.wholesale_fx,5
2010-08-13,3.9328,series.ar.bcra.wholesale_fx,5
2010-08-17,3.9333,series.ar.bcra.wholesale_fx,5
2010-08-18,3.9338,series.ar.bcra.wholesale_fx,5
2010-08-19,3.9368,series.ar.bcra.wholesale_fx,5
2010-08-20,3.9382,series.ar.bcra.wholesale_fx,5
2010-08-23,3.9395,series.ar.bcra.wholesale_fx,5
2010-08-24,3.9415,series.ar.bcra.wholesale_fx,5
2010-08-25,3.9455,series.ar.bcra.wholesale_fx,5
2010-08-26,3.9448,series.ar.bcra.wholesale_fx,5
2010-08-27,3.9438,series.ar.bcra.wholesale_fx,5
2010-08-30,3.9445,series.ar.bcra.wholesale_fx,5
2010-08-31,3.9497,series.ar.bcra.wholesale_fx,5
2010-09-01,3.9488,series.ar.bcra.wholesale_fx,5
2010-09-02,3.9488,series.ar.bcra.wholesale_fx,5
2010-09-03,3.9442,series.ar.bcra.wholesale_fx,5
2010-09-06,3.9455,series.ar.bcra.wholesale_fx,5
2010-09-07,3.9462,series.ar.bcra.wholesale_fx,5
2010-09-08,3.9468,series.ar.bcra.wholesale_fx,5
2010-09-09,3.9452,series.ar.bcra.wholesale_fx,5
2010-09-10,3.946,series.ar.bcra.wholesale_fx,5
2010-09-13,3.9468,series.ar.bcra.wholesale_fx,5
2010-09-14,3.9492,series.ar.bcra.wholesale_fx,5
2010-09-15,3.9503,series.ar.bcra.wholesale_fx,5
2010-09-16,3.9495,series.ar.bcra.wholesale_fx,5
2010-09-17,3.9495,series.ar.bcra.wholesale_fx,5
2010-09-20,3.9512,series.ar.bcra.wholesale_fx,5
2010-09-21,3.9512,series.ar.bcra.wholesale_fx,5
2010-09-22,3.9523,series.ar.bcra.wholesale_fx,5
2010-09-23,3.9522,series.ar.bcra.wholesale_fx,5
2010-09-24,3.9552,series.ar.bcra.wholesale_fx,5
2010-09-27,3.9607,series.ar.bcra.wholesale_fx,5
2010-09-28,3.9715,series.ar.bcra.wholesale_fx,5
2010-09-29,3.9698,series.ar.bcra.wholesale_fx,5
2010-09-30,3.9607,series.ar.bcra.wholesale_fx,5
2010-10-01,3.9612,series.ar.bcra.wholesale_fx,5
2010-10-04,3.9612,series.ar.bcra.wholesale_fx,5
2010-10-05,3.959,series.ar.bcra.wholesale_fx,5
2010-10-06,3.9587,series.ar.bcra.wholesale_fx,5
2010-10-07,3.9595,series.ar.bcra.wholesale_fx,5
2010-10-08,3.9573,series.ar.bcra.wholesale_fx,5
2010-10-12,3.9558,series.ar.bcra.wholesale_fx,5
2010-10-13,3.9532,series.ar.bcra.wholesale_fx,5
2010-10-14,3.9513,series.ar.bcra.wholesale_fx,5
2010-10-15,3.9503,series.ar.bcra.wholesale_fx,5
2010-10-18,3.955,series.ar.bcra.wholesale_fx,5
2010-10-19,3.9557,series.ar.bcra.wholesale_fx,5
2010-10-20,3.9585,series.ar.bcra.wholesale_fx,5
2010-10-21,3.9602,series.ar.bcra.wholesale_fx,5
2010-10-22,3.9577,series.ar.bcra.wholesale_fx,5
2010-10-25,3.9565,series.ar.bcra.wholesale_fx,5
2010-10-26,3.9558,series.ar.bcra.wholesale_fx,5
2010-10-28,3.9588,series.ar.bcra.wholesale_fx,5
2010-10-29,3.957,series.ar.bcra.wholesale_fx,5
2010-11-01,3.958,series.ar.bcra.wholesale_fx,5
2010-11-02,3.9585,series.ar.bcra.wholesale_fx,5
2010-11-03,3.9567,series.ar.bcra.wholesale_fx,5
2010-11-04,3.9572,series.ar.bcra.wholesale_fx,5
2010-11-05,3.9578,series.ar.bcra.wholesale_fx,5
2010-11-08,3.9595,series.ar.bcra.wholesale_fx,5
2010-11-09,3.9612,series.ar.bcra.wholesale_fx,5
2010-11-10,3.9623,series.ar.bcra.wholesale_fx,5
2010-11-11,3.9633,series.ar.bcra.wholesale_fx,5
2010-11-12,3.9632,series.ar.bcra.wholesale_fx,5
2010-11-15,3.9662,series.ar.bcra.wholesale_fx,5
2010-11-16,3.9695,series.ar.bcra.wholesale_fx,5
2010-11-17,3.976,series.ar.bcra.wholesale_fx,5
2010-11-18,3.9725,series.ar.bcra.wholesale_fx,5
2010-11-19,3.9735,series.ar.bcra.wholesale_fx,5
2010-11-23,3.9742,series.ar.bcra.wholesale_fx,5
2010-11-24,3.9732,series.ar.bcra.wholesale_fx,5
2010-11-25,3.9735,series.ar.bcra.wholesale_fx,5
2010-11-26,3.9768,series.ar.bcra.wholesale_fx,5
2010-11-29,3.9825,series.ar.bcra.wholesale_fx,5
2010-11-30,3.984,series.ar.bcra.wholesale_fx,5
2010-12-01,3.9855,series.ar.bcra.wholesale_fx,5
2010-12-02,3.9802,series.ar.bcra.wholesale_fx,5
2010-12-03,3.9795,series.ar.bcra.wholesale_fx,5
2010-12-06,3.9772,series.ar.bcra.wholesale_fx,5
2010-12-07,3.9782,series.ar.bcra.wholesale_fx,5
2010-12-09,3.9775,series.ar.bcra.wholesale_fx,5
2010-12-10,3.9762,series.ar.bcra.wholesale_fx,5
2010-12-13,3.974,series.ar.bcra.wholesale_fx,5
2010-12-14,3.9732,series.ar.bcra.wholesale_fx,5
2010-12-15,3.9738,series.ar.bcra.wholesale_fx,5
2010-12-16,3.9755,series.ar.bcra.wholesale_fx,5
2010-12-17,3.9755,series.ar.bcra.wholesale_fx,5
2010-12-20,3.9748,series.ar.bcra.wholesale_fx,5
2010-12-21,3.9745,series.ar.bcra.wholesale_fx,5
2010-12-22,3.9738,series.ar.bcra.wholesale_fx,5
2010-12-23,3.9753,series.ar.bcra.wholesale_fx,5
2010-12-27,3.9845,series.ar.bcra.wholesale_fx,5
2010-12-28,3.9857,series.ar.bcra.wholesale_fx,5
2010-12-29,3.9818,series.ar.bcra.wholesale_fx,5
2010-12-30,3.9758,series.ar.bcra.wholesale_fx,5
2011-01-03,3.9738,series.ar.bcra.wholesale_fx,5
2011-01-04,3.973,series.ar.bcra.wholesale_fx,5
2011-01-05,3.9725,series.ar.bcra.wholesale_fx,5
2011-01-06,3.9715,series.ar.bcra.wholesale_fx,5
2011-01-07,3.9738,series.ar.bcra.wholesale_fx,5
2011-01-10,3.9788,series.ar.bcra.wholesale_fx,5
2011-01-11,3.977,series.ar.bcra.wholesale_fx,5
2011-01-12,3.9765,series.ar.bcra.wholesale_fx,5
2011-01-13,3.975,series.ar.bcra.wholesale_fx,5
2011-01-14,3.9777,series.ar.bcra.wholesale_fx,5
2011-01-17,3.9787,series.ar.bcra.wholesale_fx,5
2011-01-18,3.9803,series.ar.bcra.wholesale_fx,5
2011-01-19,3.9828,series.ar.bcra.wholesale_fx,5
2011-01-20,3.9823,series.ar.bcra.wholesale_fx,5
2011-01-21,3.9832,series.ar.bcra.wholesale_fx,5
2011-01-24,3.9845,series.ar.bcra.wholesale_fx,5
2011-01-25,3.9872,series.ar.bcra.wholesale_fx,5
2011-01-26,3.9888,series.ar.bcra.wholesale_fx,5
2011-01-27,3.9913,series.ar.bcra.wholesale_fx,5
2011-01-28,3.998,series.ar.bcra.wholesale_fx,5
2011-01-31,4.0008,series.ar.bcra.wholesale_fx,5
2011-02-01,4.0088,series.ar.bcra.wholesale_fx,5
2011-02-02,4.0107,series.ar.bcra.wholesale_fx,5
2011-02-03,4.0143,series.ar.bcra.wholesale_fx,5
2011-02-04,4.0172,series.ar.bcra.wholesale_fx,5
2011-02-07,4.0187,series.ar.bcra.wholesale_fx,5
2011-02-08,4.0192,series.ar.bcra.wholesale_fx,5
2011-02-09,4.0167,series.ar.bcra.wholesale_fx,5
2011-02-10,4.0183,series.ar.bcra.wholesale_fx,5
2011-02-11,4.022,series.ar.bcra.wholesale_fx,5
2011-02-14,4.0235,series.ar.bcra.wholesale_fx,5
2011-02-15,4.0248,series.ar.bcra.wholesale_fx,5
2011-02-16,4.0245,series.ar.bcra.wholesale_fx,5
2011-02-17,4.024,series.ar.bcra.wholesale_fx,5
2011-02-18,4.0248,series.ar.bcra.wholesale_fx,5
2011-02-21,4.0273,series.ar.bcra.wholesale_fx,5
2011-02-22,4.0282,series.ar.bcra.wholesale_fx,5
2011-02-23,4.0288,series.ar.bcra.wholesale_fx,5
2011-02-24,4.0282,series.ar.bcra.wholesale_fx,5
2011-02-25,4.0287,series.ar.bcra.wholesale_fx,5
2011-02-28,4.0305,series.ar.bcra.wholesale_fx,5
2011-03-01,4.0308,series.ar.bcra.wholesale_fx,5
2011-03-02,4.0315,series.ar.bcra.wholesale_fx,5
2011-03-03,4.0298,series.ar.bcra.wholesale_fx,5
2011-03-04,4.0298,series.ar.bcra.wholesale_fx,5
2011-03-09,4.0325,series.ar.bcra.wholesale_fx,5
2011-03-10,4.032,series.ar.bcra.wholesale_fx,5
2011-03-11,4.0307,series.ar.bcra.wholesale_fx,5
2011-03-14,4.0288,series.ar.bcra.wholesale_fx,5
2011-03-15,4.0325,series.ar.bcra.wholesale_fx,5
2011-03-16,4.0365,series.ar.bcra.wholesale_fx,5
2011-03-17,4.0398,series.ar.bcra.wholesale_fx,5
2011-03-18,4.0393,series.ar.bcra.wholesale_fx,5
2011-03-21,4.0408,series.ar.bcra.wholesale_fx,5
2011-03-22,4.0408,series.ar.bcra.wholesale_fx,5
2011-03-23,4.0415,series.ar.bcra.wholesale_fx,5
2011-03-28,4.0438,series.ar.bcra.wholesale_fx,5
2011-03-29,4.0453,series.ar.bcra.wholesale_fx,5
2011-03-30,4.0492,series.ar.bcra.wholesale_fx,5
2011-03-31,4.052,series.ar.bcra.wholesale_fx,5
2011-04-01,4.0542,series.ar.bcra.wholesale_fx,5
2011-04-04,4.0522,series.ar.bcra.wholesale_fx,5
2011-04-05,4.0525,series.ar.bcra.wholesale_fx,5
2011-04-06,4.0535,series.ar.bcra.wholesale_fx,5
2011-04-07,4.0535,series.ar.bcra.wholesale_fx,5
2011-04-08,4.0502,series.ar.bcra.wholesale_fx,5
2011-04-11,4.0495,series.ar.bcra.wholesale_fx,5
2011-04-12,4.0498,series.ar.bcra.wholesale_fx,5
2011-04-13,4.0553,series.ar.bcra.wholesale_fx,5
2011-04-14,4.0652,series.ar.bcra.wholesale_fx,5
2011-04-15,4.0688,series.ar.bcra.wholesale_fx,5
2011-04-18,4.0733,series.ar.bcra.wholesale_fx,5
2011-04-19,4.0752,series.ar.bcra.wholesale_fx,5
2011-04-20,4.0782,series.ar.bcra.wholesale_fx,5
2011-04-25,4.0828,series.ar.bcra.wholesale_fx,5
2011-04-26,4.0822,series.ar.bcra.wholesale_fx,5
2011-04-27,4.0835,series.ar.bcra.wholesale_fx,5
2011-04-28,4.0837,series.ar.bcra.wholesale_fx,5
2011-04-29,4.0805,series.ar.bcra.wholesale_fx,5
2011-05-02,4.0805,series.ar.bcra.wholesale_fx,5
2011-05-03,4.0788,series.ar.bcra.wholesale_fx,5
2011-05-04,4.0795,series.ar.bcra.wholesale_fx,5
2011-05-05,4.0812,series.ar.bcra.wholesale_fx,5
2011-05-06,4.0805,series.ar.bcra.wholesale_fx,5
2011-05-09,4.0822,series.ar.bcra.wholesale_fx,5
2011-05-10,4.0818,series.ar.bcra.wholesale_fx,5
2011-05-11,4.0822,series.ar.bcra.wholesale_fx,5
2011-05-12,4.0833,series.ar.bcra.wholesale_fx,5
2011-05-13,4.0828,series.ar.bcra.wholesale_fx,5
2011-05-16,4.0845,series.ar.bcra.wholesale_fx,5
2011-05-17,4.0852,series.ar.bcra.wholesale_fx,5
2011-05-18,4.0858,series.ar.bcra.wholesale_fx,5
2011-05-19,4.0855,series.ar.bcra.wholesale_fx,5
2011-05-20,4.0865,series.ar.bcra.wholesale_fx,5
2011-05-23,4.0862,series.ar.bcra.wholesale_fx,5
2011-05-24,4.0865,series.ar.bcra.wholesale_fx,5
2011-05-26,4.0865,series.ar.bcra.wholesale_fx,5
2011-05-27,4.0857,series.ar.bcra.wholesale_fx,5
2011-05-30,4.0877,series.ar.bcra.wholesale_fx,5
2011-05-31,4.0887,series.ar.bcra.wholesale_fx,5
2011-06-01,4.089,series.ar.bcra.wholesale_fx,5
2011-06-02,4.0898,series.ar.bcra.wholesale_fx,5
2011-06-03,4.0905,series.ar.bcra.wholesale_fx,5
2011-06-06,4.0908,series.ar.bcra.wholesale_fx,5
2011-06-07,4.0925,series.ar.bcra.wholesale_fx,5
2011-06-08,4.0925,series.ar.bcra.wholesale_fx,5
2011-06-09,4.0925,series.ar.bcra.wholesale_fx,5
2011-06-10,4.0928,series.ar.bcra.wholesale_fx,5
2011-06-13,4.0935,series.ar.bcra.wholesale_fx,5
2011-06-14,4.0925,series.ar.bcra.wholesale_fx,5
2011-06-15,4.0932,series.ar.bcra.wholesale_fx,5
2011-06-16,4.0945,series.ar.bcra.wholesale_fx,5
2011-06-17,4.0945,series.ar.bcra.wholesale_fx,5
2011-06-21,4.097,series.ar.bcra.wholesale_fx,5
2011-06-22,4.0982,series.ar.bcra.wholesale_fx,5
2011-06-23,4.0992,series.ar.bcra.wholesale_fx,5
2011-06-24,4.0998,series.ar.bcra.wholesale_fx,5
2011-06-27,4.102,series.ar.bcra.wholesale_fx,5
2011-06-28,4.1032,series.ar.bcra.wholesale_fx,5
2011-06-29,4.107,series.ar.bcra.wholesale_fx,5
2011-06-30,4.111,series.ar.bcra.wholesale_fx,5
2011-07-01,4.1105,series.ar.bcra.wholesale_fx,5
2011-07-04,4.114,series.ar.bcra.wholesale_fx,5
2011-07-05,4.1162,series.ar.bcra.wholesale_fx,5
2011-07-06,4.1175,series.ar.bcra.wholesale_fx,5
2011-07-07,4.1198,series.ar.bcra.wholesale_fx,5
2011-07-08,4.123,series.ar.bcra.wholesale_fx,5
2011-07-11,4.1227,series.ar.bcra.wholesale_fx,5
2011-07-12,4.1225,series.ar.bcra.wholesale_fx,5
2011-07-13,4.1218,series.ar.bcra.wholesale_fx,5
2011-07-14,4.1225,series.ar.bcra.wholesale_fx,5
2011-07-15,4.123,series.ar.bcra.wholesale_fx,5
2011-07-18,4.1263,series.ar.bcra.wholesale_fx,5
2011-07-19,4.1297,series.ar.bcra.wholesale_fx,5
2011-07-20,4.1363,series.ar.bcra.wholesale_fx,5
2011-07-21,4.1378,series.ar.bcra.wholesale_fx,5
2011-07-22,4.1395,series.ar.bcra.wholesale_fx,5
2011-07-25,4.139,series.ar.bcra.wholesale_fx,5
2011-07-26,4.1372,series.ar.bcra.wholesale_fx,5
2011-07-27,4.138,series.ar.bcra.wholesale_fx,5
2011-07-28,4.1398,series.ar.bcra.wholesale_fx,5
2011-07-29,4.143,series.ar.bcra.wholesale_fx,5
2011-08-01,4.146,series.ar.bcra.wholesale_fx,5
2011-08-02,4.1478,series.ar.bcra.wholesale_fx,5
2011-08-03,4.1502,series.ar.bcra.wholesale_fx,5
2011-08-04,4.153,series.ar.bcra.wholesale_fx,5
2011-08-05,4.1545,series.ar.bcra.wholesale_fx,5
2011-08-08,4.1568,series.ar.bcra.wholesale_fx,5
2011-08-09,4.1562,series.ar.bcra.wholesale_fx,5
2011-08-10,4.1572,series.ar.bcra.wholesale_fx,5
2011-08-11,4.1585,series.ar.bcra.wholesale_fx,5
2011-08-12,4.1592,series.ar.bcra.wholesale_fx,5
2011-08-15,4.1595,series.ar.bcra.wholesale_fx,5
2011-08-16,4.1623,series.ar.bcra.wholesale_fx,5
2011-08-17,4.1655,series.ar.bcra.wholesale_fx,5
2011-08-18,4.1713,series.ar.bcra.wholesale_fx,5
2011-08-19,4.1772,series.ar.bcra.wholesale_fx,5
2011-08-23,4.1828,series.ar.bcra.wholesale_fx,5
2011-08-24,4.1863,series.ar.bcra.wholesale_fx,5
2011-08-25,4.1868,series.ar.bcra.wholesale_fx,5
2011-08-26,4.1855,series.ar.bcra.wholesale_fx,5
2011-08-29,4.1875,series.ar.bcra.wholesale_fx,5
2011-08-30,4.1917,series.ar.bcra.wholesale_fx,5
2011-08-31,4.1995,series.ar.bcra.wholesale_fx,5
2011-09-01,4.2063,series.ar.bcra.wholesale_fx,5
2011-09-02,4.2173,series.ar.bcra.wholesale_fx,5
2011-09-05,4.2092,series.ar.bcra.wholesale_fx,5
2011-09-06,4.2077,series.ar.bcra.wholesale_fx,5
2011-09-07,4.2065,series.ar.bcra.wholesale_fx,5
2011-09-08,4.2052,series.ar.bcra.wholesale_fx,5
2011-09-09,4.204,series.ar.bcra.wholesale_fx,5
2011-09-12,4.2042,series.ar.bcra.wholesale_fx,5
2011-09-13,4.2037,series.ar.bcra.wholesale_fx,5
2011-09-14,4.2035,series.ar.bcra.wholesale_fx,5
2011-09-15,4.2043,series.ar.bcra.wholesale_fx,5
2011-09-16,4.2045,series.ar.bcra.wholesale_fx,5
2011-09-19,4.2047,series.ar.bcra.wholesale_fx,5
2011-09-20,4.1972,series.ar.bcra.wholesale_fx,5
2011-09-21,4.191,series.ar.bcra.wholesale_fx,5
2011-09-22,4.1978,series.ar.bcra.wholesale_fx,5
2011-09-23,4.203,series.ar.bcra.wholesale_fx,5
2011-09-26,4.2045,series.ar.bcra.wholesale_fx,5
2011-09-27,4.2045,series.ar.bcra.wholesale_fx,5
2011-09-28,4.2045,series.ar.bcra.wholesale_fx,5
2011-09-29,4.2045,series.ar.bcra.wholesale_fx,5
2011-09-30,4.2045,series.ar.bcra.wholesale_fx,5
2011-10-03,4.2045,series.ar.bcra.wholesale_fx,5
2011-10-04,4.2045,series.ar.bcra.wholesale_fx,5
2011-10-05,4.2057,series.ar.bcra.wholesale_fx,5
2011-10-06,4.2085,series.ar.bcra.wholesale_fx,5
2011-10-07,4.2095,series.ar.bcra.wholesale_fx,5
2011-10-11,4.2108,series.ar.bcra.wholesale_fx,5
2011-10-12,4.2105,series.ar.bcra.wholesale_fx,5
2011-10-13,4.2133,series.ar.bcra.wholesale_fx,5
2011-10-14,4.2148,series.ar.bcra.wholesale_fx,5
2011-10-17,4.222,series.ar.bcra.wholesale_fx,5
2011-10-18,4.2245,series.ar.bcra.wholesale_fx,5
2011-10-19,4.2318,series.ar.bcra.wholesale_fx,5
2011-10-20,4.2345,series.ar.bcra.wholesale_fx,5
2011-10-21,4.2345,series.ar.bcra.wholesale_fx,5
2011-10-24,4.2355,series.ar.bcra.wholesale_fx,5
2011-10-25,4.2355,series.ar.bcra.wholesale_fx,5
2011-10-26,4.2358,series.ar.bcra.wholesale_fx,5
2011-10-27,4.2353,series.ar.bcra.wholesale_fx,5
2011-10-28,4.2355,series.ar.bcra.wholesale_fx,5
2011-10-31,4.2355,series.ar.bcra.wholesale_fx,5
2011-11-01,4.2377,series.ar.bcra.wholesale_fx,5
2011-11-02,4.2478,series.ar.bcra.wholesale_fx,5
2011-11-03,4.2503,series.ar.bcra.wholesale_fx,5
2011-11-04,4.251,series.ar.bcra.wholesale_fx,5
2011-11-07,4.2575,series.ar.bcra.wholesale_fx,5
2011-11-08,4.26,series.ar.bcra.wholesale_fx,5
2011-11-09,4.2605,series.ar.bcra.wholesale_fx,5
2011-11-10,4.2613,series.ar.bcra.wholesale_fx,5
2011-11-11,4.2648,series.ar.bcra.wholesale_fx,5
2011-11-14,4.2715,series.ar.bcra.wholesale_fx,5
2011-11-15,4.2727,series.ar.bcra.wholesale_fx,5
2011-11-16,4.2595,series.ar.bcra.wholesale_fx,5
2011-11-17,4.2572,series.ar.bcra.wholesale_fx,5
2011-11-18,4.2567,series.ar.bcra.wholesale_fx,5
2011-11-21,4.2575,series.ar.bcra.wholesale_fx,5
2011-11-22,4.2593,series.ar.bcra.wholesale_fx,5
2011-11-23,4.2608,series.ar.bcra.wholesale_fx,5
2011-11-24,4.2628,series.ar.bcra.wholesale_fx,5
2011-11-25,4.2633,series.ar.bcra.wholesale_fx,5
2011-11-29,4.2695,series.ar.bcra.wholesale_fx,5
2011-11-30,4.2807,series.ar.bcra.wholesale_fx,5
2011-12-01,4.2832,series.ar.bcra.wholesale_fx,5
2011-12-02,4.2842,series.ar.bcra.wholesale_fx,5
2011-12-05,4.286,series.ar.bcra.wholesale_fx,5
2011-12-06,4.2812,series.ar.bcra.wholesale_fx,5
2011-12-07,4.278,series.ar.bcra.wholesale_fx,5
2011-12-12,4.2792,series.ar.bcra.wholesale_fx,5
2011-12-13,4.2795,series.ar.bcra.wholesale_fx,5
2011-12-14,4.2802,series.ar.bcra.wholesale_fx,5
2011-12-15,4.2823,series.ar.bcra.wholesale_fx,5
2011-12-16,4.2875,series.ar.bcra.wholesale_fx,5
2011-12-19,4.2921,series.ar.bcra.wholesale_fx,5
2011-12-20,4.2925,series.ar.bcra.wholesale_fx,5
2011-12-21,4.2928,series.ar.bcra.wholesale_fx,5
2011-12-22,4.2922,series.ar.bcra.wholesale_fx,5
2011-12-23,4.2927,series.ar.bcra.wholesale_fx,5
2011-12-27,4.2955,series.ar.bcra.wholesale_fx,5
2011-12-28,4.3012,series.ar.bcra.wholesale_fx,5
2011-12-29,4.3035,series.ar.bcra.wholesale_fx,5
2011-12-30,4.3032,series.ar.bcra.wholesale_fx,5
2012-01-03,4.3052,series.ar.bcra.wholesale_fx,5
2012-01-04,4.3048,series.ar.bcra.wholesale_fx,5
2012-01-05,4.3067,series.ar.bcra.wholesale_fx,5
2012-01-06,4.3152,series.ar.bcra.wholesale_fx,5
2012-01-09,4.3182,series.ar.bcra.wholesale_fx,5
2012-01-10,4.3133,series.ar.bcra.wholesale_fx,5
2012-01-11,4.3133,series.ar.bcra.wholesale_fx,5
2012-01-12,4.312,series.ar.bcra.wholesale_fx,5
2012-01-13,4.3118,series.ar.bcra.wholesale_fx,5
2012-01-16,4.3148,series.ar.bcra.wholesale_fx,5
2012-01-17,4.317,series.ar.bcra.wholesale_fx,5
2012-01-18,4.3188,series.ar.bcra.wholesale_fx,5
2012-01-19,4.3207,series.ar.bcra.wholesale_fx,5
2012-01-20,4.3222,series.ar.bcra.wholesale_fx,5
2012-01-23,4.3257,series.ar.bcra.wholesale_fx,5
2012-01-24,4.3312,series.ar.bcra.wholesale_fx,5
2012-01-25,4.3365,series.ar.bcra.wholesale_fx,5
2012-01-26,4.3383,series.ar.bcra.wholesale_fx,5
2012-01-27,4.3367,series.ar.bcra.wholesale_fx,5
2012-01-30,4.3345,series.ar.bcra.wholesale_fx,5
2012-01-31,4.3362,series.ar.bcra.wholesale_fx,5
2012-02-01,4.3357,series.ar.bcra.wholesale_fx,5
2012-02-02,4.3347,series.ar.bcra.wholesale_fx,5
2012-02-03,4.3337,series.ar.bcra.wholesale_fx,5
2012-02-06,4.3342,series.ar.bcra.wholesale_fx,5
2012-02-07,4.3368,series.ar.bcra.wholesale_fx,5
2012-02-08,4.3398,series.ar.bcra.wholesale_fx,5
2012-02-09,4.3448,series.ar.bcra.wholesale_fx,5
2012-02-10,4.3463,series.ar.bcra.wholesale_fx,5
2012-02-13,4.3463,series.ar.bcra.wholesale_fx,5
2012-02-14,4.3473,series.ar.bcra.wholesale_fx,5
2012-02-15,4.3492,series.ar.bcra.wholesale_fx,5
2012-02-16,4.3522,series.ar.bcra.wholesale_fx,5
2012-02-17,4.355,series.ar.bcra.wholesale_fx,5
2012-02-22,4.3552,series.ar.bcra.wholesale_fx,5
2012-02-23,4.355,series.ar.bcra.wholesale_fx,5
2012-02-24,4.3548,series.ar.bcra.wholesale_fx,5
2012-02-28,4.3558,series.ar.bcra.wholesale_fx,5
2012-02-29,4.3565,series.ar.bcra.wholesale_fx,5
2012-03-01,4.3548,series.ar.bcra.wholesale_fx,5
2012-03-02,4.3433,series.ar.bcra.wholesale_fx,5
2012-03-05,4.3345,series.ar.bcra.wholesale_fx,5
2012-03-06,4.3353,series.ar.bcra.wholesale_fx,5
2012-03-07,4.3362,series.ar.bcra.wholesale_fx,5
2012-03-08,4.3368,series.ar.bcra.wholesale_fx,5
2012-03-09,4.341,series.ar.bcra.wholesale_fx,5
2012-03-12,4.3458,series.ar.bcra.wholesale_fx,5
2012-03-13,4.3497,series.ar.bcra.wholesale_fx,5
2012-03-14,4.356,series.ar.bcra.wholesale_fx,5
2012-03-15,4.3557,series.ar.bcra.wholesale_fx,5
2012-03-16,4.354,series.ar.bcra.wholesale_fx,5
2012-03-19,4.3633,series.ar.bcra.wholesale_fx,5
2012-03-20,4.364,series.ar.bcra.wholesale_fx,5
2012-03-21,4.3668,series.ar.bcra.wholesale_fx,5
2012-03-22,4.3655,series.ar.bcra.wholesale_fx,5
2012-03-23,4.3667,series.ar.bcra.wholesale_fx,5
2012-03-26,4.3697,series.ar.bcra.wholesale_fx,5
2012-03-27,4.3725,series.ar.bcra.wholesale_fx,5
2012-03-28,4.3735,series.ar.bcra.wholesale_fx,5
2012-03-29,4.3753,series.ar.bcra.wholesale_fx,5
2012-03-30,4.3785,series.ar.bcra.wholesale_fx,5
2012-04-03,4.3798,series.ar.bcra.wholesale_fx,5
2012-04-04,4.3843,series.ar.bcra.wholesale_fx,5
2012-04-09,4.3868,series.ar.bcra.wholesale_fx,5
2012-04-10,4.3835,series.ar.bcra.wholesale_fx,5
2012-04-11,4.385,series.ar.bcra.wholesale_fx,5
2012-04-12,4.3907,series.ar.bcra.wholesale_fx,5
2012-04-13,4.3948,series.ar.bcra.wholesale_fx,5
2012-04-16,4.3953,series.ar.bcra.wholesale_fx,5
2012-04-17,4.3948,series.ar.bcra.wholesale_fx,5
2012-04-18,4.3992,series.ar.bcra.wholesale_fx,5
2012-04-19,4.4037,series.ar.bcra.wholesale_fx,5
2012-04-20,4.4052,series.ar.bcra.wholesale_fx,5
2012-04-23,4.407,series.ar.bcra.wholesale_fx,5
2012-04-24,4.4098,series.ar.bcra.wholesale_fx,5
2012-04-25,4.413,series.ar.bcra.wholesale_fx,5
2012-04-26,4.4145,series.ar.bcra.wholesale_fx,5
2012-04-27,4.4148,series.ar.bcra.wholesale_fx,5
2012-05-02,4.4205,series.ar.bcra.wholesale_fx,5
2012-05-03,4.4273,series.ar.bcra.wholesale_fx,5
2012-05-04,4.4275,series.ar.bcra.wholesale_fx,5
2012-05-07,4.4317,series.ar.bcra.wholesale_fx,5
2012-05-08,4.4367,series.ar.bcra.wholesale_fx,5
2012-05-09,4.4405,series.ar.bcra.wholesale_fx,5
2012-05-10,4.4397,series.ar.bcra.wholesale_fx,5
2012-05-11,4.438,series.ar.bcra.wholesale_fx,5
2012-05-14,4.442,series.ar.bcra.wholesale_fx,5
2012-05-15,4.4428,series.ar.bcra.wholesale_fx,5
2012-05-16,4.4437,series.ar.bcra.wholesale_fx,5
2012-05-17,4.4505,series.ar.bcra.wholesale_fx,5
2012-05-18,4.4543,series.ar.bcra.wholesale_fx,5
2012-05-21,4.4622,series.ar.bcra.wholesale_fx,5
2012-05-22,4.4675,series.ar.bcra.wholesale_fx,5
2012-05-23,4.4692,series.ar.bcra.wholesale_fx,5
2012-05-24,4.4697,series.ar.bcra.wholesale_fx,5
2012-05-28,4.477,series.ar.bcra.wholesale_fx,5
2012-05-29,4.4735,series.ar.bcra.wholesale_fx,5
2012-05-30,4.4723,series.ar.bcra.wholesale_fx,5
2012-05-31,4.4713,series.ar.bcra.wholesale_fx,5
2012-06-01,4.4708,series.ar.bcra.wholesale_fx,5
2012-06-04,4.4733,series.ar.bcra.wholesale_fx,5
2012-06-05,4.4787,series.ar.bcra.wholesale_fx,5
2012-06-06,4.4903,series.ar.bcra.wholesale_fx,5
2012-06-07,4.4863,series.ar.bcra.wholesale_fx,5
2012-06-08,4.4853,series.ar.bcra.wholesale_fx,5
2012-06-11,4.489,series.ar.bcra.wholesale_fx,5
2012-06-12,4.4892,series.ar.bcra.wholesale_fx,5
2012-06-13,4.4905,series.ar.bcra.wholesale_fx,5
2012-06-14,4.495,series.ar.bcra.wholesale_fx,5
2012-06-15,4.4965,series.ar.bcra.wholesale_fx,5
2012-06-18,4.4995,series.ar.bcra.wholesale_fx,5
2012-06-19,4.5028,series.ar.bcra.wholesale_fx,5
2012-06-21,4.5052,series.ar.bcra.wholesale_fx,5
2012-06-22,4.5103,series.ar.bcra.wholesale_fx,5
2012-06-25,4.5133,series.ar.bcra.wholesale_fx,5
2012-06-26,4.5168,series.ar.bcra.wholesale_fx,5
2012-06-27,4.5157,series.ar.bcra.wholesale_fx,5
2012-06-28,4.5213,series.ar.bcra.wholesale_fx,5
2012-06-29,4.5253,series.ar.bcra.wholesale_fx,5
2012-07-02,4.53,series.ar.bcra.wholesale_fx,5
2012-07-03,4.5258,series.ar.bcra.wholesale_fx,5
2012-07-04,4.5255,series.ar.bcra.wholesale_fx,5
2012-07-05,4.5275,series.ar.bcra.wholesale_fx,5
2012-07-06,4.5322,series.ar.bcra.wholesale_fx,5
2012-07-10,4.5385,series.ar.bcra.wholesale_fx,5
2012-07-11,4.5403,series.ar.bcra.wholesale_fx,5
2012-07-12,4.543,series.ar.bcra.wholesale_fx,5
2012-07-13,4.5478,series.ar.bcra.wholesale_fx,5
2012-07-16,4.5483,series.ar.bcra.wholesale_fx,5
2012-07-17,4.5512,series.ar.bcra.wholesale_fx,5
2012-07-18,4.5533,series.ar.bcra.wholesale_fx,5
2012-07-19,4.5583,series.ar.bcra.wholesale_fx,5
2012-07-20,4.562,series.ar.bcra.wholesale_fx,5
2012-07-23,4.5688,series.ar.bcra.wholesale_fx,5
2012-07-24,4.5707,series.ar.bcra.wholesale_fx,5
2012-07-25,4.5712,series.ar.bcra.wholesale_fx,5
2012-07-26,4.5717,series.ar.bcra.wholesale_fx,5
2012-07-27,4.5783,series.ar.bcra.wholesale_fx,5
2012-07-30,4.5813,series.ar.bcra.wholesale_fx,5
2012-07-31,4.5833,series.ar.bcra.wholesale_fx,5
2012-08-01,4.5862,series.ar.bcra.wholesale_fx,5
2012-08-02,4.587,series.ar.bcra.wholesale_fx,5
2012-08-03,4.5877,series.ar.bcra.wholesale_fx,5
2012-08-06,4.5907,series.ar.bcra.wholesale_fx,5
2012-08-07,4.594,series.ar.bcra.wholesale_fx,5
2012-08-08,4.5973,series.ar.bcra.wholesale_fx,5
2012-08-09,4.5992,series.ar.bcra.wholesale_fx,5
2012-08-10,4.6012,series.ar.bcra.wholesale_fx,5
2012-08-13,4.6047,series.ar.bcra.wholesale_fx,5
2012-08-14,4.6062,series.ar.bcra.wholesale_fx,5
2012-08-15,4.6075,series.ar.bcra.wholesale_fx,5
2012-08-16,4.6092,series.ar.bcra.wholesale_fx,5
2012-08-17,4.6138,series.ar.bcra.wholesale_fx,5
2012-08-21,4.6187,series.ar.bcra.wholesale_fx,5
2012-08-22,4.6178,series.ar.bcra.wholesale_fx,5
2012-08-23,4.6173,series.ar.bcra.wholesale_fx,5
2012-08-24,4.6202,series.ar.bcra.wholesale_fx,5
2012-08-27,4.6287,series.ar.bcra.wholesale_fx,5
2012-08-28,4.6322,series.ar.bcra.wholesale_fx,5
2012-08-29,4.6312,series.ar.bcra.wholesale_fx,5
2012-08-30,4.6307,series.ar.bcra.wholesale_fx,5
2012-08-31,4.6347,series.ar.bcra.wholesale_fx,5
2012-09-03,4.6423,series.ar.bcra.wholesale_fx,5
2012-09-04,4.6448,series.ar.bcra.wholesale_fx,5
2012-09-05,4.6505,series.ar.bcra.wholesale_fx,5
2012-09-06,4.6535,series.ar.bcra.wholesale_fx,5
2012-09-07,4.6585,series.ar.bcra.wholesale_fx,5
2012-09-10,4.662,series.ar.bcra.wholesale_fx,5
2012-09-11,4.6623,series.ar.bcra.wholesale_fx,5
2012-09-12,4.6622,series.ar.bcra.wholesale_fx,5
2012-09-13,4.6627,series.ar.bcra.wholesale_fx,5
2012-09-14,4.6685,series.ar.bcra.wholesale_fx,5
2012-09-17,4.6737,series.ar.bcra.wholesale_fx,5
2012-09-18,4.675,series.ar.bcra.wholesale_fx,5
2012-09-19,4.6802,series.ar.bcra.wholesale_fx,5
2012-09-20,4.6822,series.ar.bcra.wholesale_fx,5
2012-09-21,4.6842,series.ar.bcra.wholesale_fx,5
2012-09-25,4.6897,series.ar.bcra.wholesale_fx,5
2012-09-26,4.69,series.ar.bcra.wholesale_fx,5
2012-09-27,4.6915,series.ar.bcra.wholesale_fx,5
2012-09-28,4.6942,series.ar.bcra.wholesale_fx,5
2012-10-01,4.6992,series.ar.bcra.wholesale_fx,5
2012-10-02,4.6998,series.ar.bcra.wholesale_fx,5
2012-10-03,4.7012,series.ar.bcra.wholesale_fx,5
2012-10-04,4.7038,series.ar.bcra.wholesale_fx,5
2012-10-05,4.7077,series.ar.bcra.wholesale_fx,5
2012-10-09,4.7128,series.ar.bcra.wholesale_fx,5
2012-10-10,4.7135,series.ar.bcra.wholesale_fx,5
2012-10-11,4.7195,series.ar.bcra.wholesale_fx,5
2012-10-12,4.7227,series.ar.bcra.wholesale_fx,5
2012-10-15,4.7255,series.ar.bcra.wholesale_fx,5
2012-10-16,4.7293,series.ar.bcra.wholesale_fx,5
2012-10-17,4.7325,series.ar.bcra.wholesale_fx,5
2012-10-18,4.7332,series.ar.bcra.wholesale_fx,5
2012-10-19,4.7368,series.ar.bcra.wholesale_fx,5
2012-10-22,4.7432,series.ar.bcra.wholesale_fx,5
2012-10-23,4.744,series.ar.bcra.wholesale_fx,5
2012-10-24,4.7467,series.ar.bcra.wholesale_fx,5
2012-10-25,4.7508,series.ar.bcra.wholesale_fx,5
2012-10-26,4.7532,series.ar.bcra.wholesale_fx,5
2012-10-29,4.7558,series.ar.bcra.wholesale_fx,5
2012-10-30,4.76,series.ar.bcra.wholesale_fx,5
2012-10-31,4.7655,series.ar.bcra.wholesale_fx,5
2012-11-01,4.77,series.ar.bcra.wholesale_fx,5
2012-11-02,4.7708,series.ar.bcra.wholesale_fx,5
2012-11-05,4.7722,series.ar.bcra.wholesale_fx,5
2012-11-07,4.7715,series.ar.bcra.wholesale_fx,5
2012-11-08,4.7725,series.ar.bcra.wholesale_fx,5
2012-11-09,4.777,series.ar.bcra.wholesale_fx,5
2012-11-12,4.7822,series.ar.bcra.wholesale_fx,5
2012-11-13,4.7832,series.ar.bcra.wholesale_fx,5
2012-11-14,4.7855,series.ar.bcra.wholesale_fx,5
2012-11-15,4.7908,series.ar.bcra.wholesale_fx,5
2012-11-16,4.798,series.ar.bcra.wholesale_fx,5
2012-11-19,4.8028,series.ar.bcra.wholesale_fx,5
2012-11-20,4.8058,series.ar.bcra.wholesale_fx,5
2012-11-21,4.809,series.ar.bcra.wholesale_fx,5
2012-11-22,4.8235,series.ar.bcra.wholesale_fx,5
2012-11-23,4.821,series.ar.bcra.wholesale_fx,5
2012-11-27,4.8227,series.ar.bcra.wholesale_fx,5
2012-11-28,4.8253,series.ar.bcra.wholesale_fx,5
2012-11-29,4.8302,series.ar.bcra.wholesale_fx,5
2012-11-30,4.8338,series.ar.bcra.wholesale_fx,5
2012-12-03,4.8398,series.ar.bcra.wholesale_fx,5
2012-12-04,4.8445,series.ar.bcra.wholesale_fx,5
2012-12-05,4.8505,series.ar.bcra.wholesale_fx,5
2012-12-06,4.8542,series.ar.bcra.wholesale_fx,5
2012-12-07,4.8617,series.ar.bcra.wholesale_fx,5
2012-12-10,4.8632,series.ar.bcra.wholesale_fx,5
2012-12-11,4.8655,series.ar.bcra.wholesale_fx,5
2012-12-12,4.8718,series.ar.bcra.wholesale_fx,5
2012-12-13,4.8735,series.ar.bcra.wholesale_fx,5
2012-12-14,4.877,series.ar.bcra.wholesale_fx,5
2012-12-17,4.8832,series.ar.bcra.wholesale_fx,5
2012-12-18,4.886,series.ar.bcra.wholesale_fx,5
2012-12-19,4.8948,series.ar.bcra.wholesale_fx,5
2012-12-20,4.8987,series.ar.bcra.wholesale_fx,5
2012-12-21,4.9032,series.ar.bcra.wholesale_fx,5
2012-12-26,4.91,series.ar.bcra.wholesale_fx,5
2012-12-27,4.9125,series.ar.bcra.wholesale_fx,5
2012-12-28,4.913,series.ar.bcra.wholesale_fx,5
2012-12-31,4.9173,series.ar.bcra.wholesale_fx,5
2013-01-02,4.9228,series.ar.bcra.wholesale_fx,5
2013-01-03,4.9263,series.ar.bcra.wholesale_fx,5
2013-01-04,4.9262,series.ar.bcra.wholesale_fx,5
2013-01-07,4.9288,series.ar.bcra.wholesale_fx,5
2013-01-08,4.9312,series.ar.bcra.wholesale_fx,5
2013-01-09,4.9353,series.ar.bcra.wholesale_fx,5
2013-01-10,4.9385,series.ar.bcra.wholesale_fx,5
2013-01-11,4.9408,series.ar.bcra.wholesale_fx,5
2013-01-14,4.948,series.ar.bcra.wholesale_fx,5
2013-01-15,4.9507,series.ar.bcra.wholesale_fx,5
2013-01-16,4.9493,series.ar.bcra.wholesale_fx,5
2013-01-17,4.9495,series.ar.bcra.wholesale_fx,5
2013-01-18,4.95,series.ar.bcra.wholesale_fx,5
2013-01-21,4.9563,series.ar.bcra.wholesale_fx,5
2013-01-22,4.9588,series.ar.bcra.wholesale_fx,5
2013-01-23,4.9608,series.ar.bcra.wholesale_fx,5
2013-01-24,4.9625,series.ar.bcra.wholesale_fx,5
2013-01-25,4.964,series.ar.bcra.wholesale_fx,5
2013-01-28,4.9702,series.ar.bcra.wholesale_fx,5
2013-01-29,4.974,series.ar.bcra.wholesale_fx,5
2013-01-30,4.9768,series.ar.bcra.wholesale_fx,5
2013-02-01,4.9828,series.ar.bcra.wholesale_fx,5
2013-02-04,4.9825,series.ar.bcra.wholesale_fx,5
2013-02-05,4.9833,series.ar.bcra.wholesale_fx,5
2013-02-06,4.9855,series.ar.bcra.wholesale_fx,5
2013-02-07,4.9913,series.ar.bcra.wholesale_fx,5
2013-02-08,4.9963,series.ar.bcra.wholesale_fx,5
2013-02-13,5.002,series.ar.bcra.wholesale_fx,5
2013-02-14,5.0047,series.ar.bcra.wholesale_fx,5
2013-02-15,5.0088,series.ar.bcra.wholesale_fx,5
2013-02-18,5.0187,series.ar.bcra.wholesale_fx,5
2013-02-19,5.0215,series.ar.bcra.wholesale_fx,5
2013-02-21,5.0275,series.ar.bcra.wholesale_fx,5
2013-02-22,5.03,series.ar.bcra.wholesale_fx,5
2013-02-25,5.0337,series.ar.bcra.wholesale_fx,5
2013-02-26,5.0358,series.ar.bcra.wholesale_fx,5
2013-02-27,5.0392,series.ar.bcra.wholesale_fx,5
2013-02-28,5.0448,series.ar.bcra.wholesale_fx,5
2013-03-01,5.0475,series.ar.bcra.wholesale_fx,5
2013-03-04,5.0523,series.ar.bcra.wholesale_fx,5
2013-03-05,5.0555,series.ar.bcra.wholesale_fx,5
2013-03-06,5.0592,series.ar.bcra.wholesale_fx,5
2013-03-07,5.0628,series.ar.bcra.wholesale_fx,5
2013-03-08,5.0648,series.ar.bcra.wholesale_fx,5
2013-03-11,5.0692,series.ar.bcra.wholesale_fx,5
2013-03-12,5.0765,series.ar.bcra.wholesale_fx,5
2013-03-13,5.0788,series.ar.bcra.wholesale_fx,5
2013-03-14,5.0843,series.ar.bcra.wholesale_fx,5
2013-03-15,5.0902,series.ar.bcra.wholesale_fx,5
2013-03-18,5.0967,series.ar.bcra.wholesale_fx,5
2013-03-19,5.0967,series.ar.bcra.wholesale_fx,5
2013-03-20,5.0958,series.ar.bcra.wholesale_fx,5
2013-03-21,5.0997,series.ar.bcra.wholesale_fx,5
2013-03-22,5.1077,series.ar.bcra.wholesale_fx,5
2013-03-25,5.116,series.ar.bcra.wholesale_fx,5
2013-03-26,5.1193,series.ar.bcra.wholesale_fx,5
2013-03-27,5.1223,series.ar.bcra.wholesale_fx,5
2013-04-03,5.1303,series.ar.bcra.wholesale_fx,5
2013-04-04,5.1328,series.ar.bcra.wholesale_fx,5
2013-04-05,5.137,series.ar.bcra.wholesale_fx,5
2013-04-08,5.1345,series.ar.bcra.wholesale_fx,5
2013-04-09,5.1373,series.ar.bcra.wholesale_fx,5
2013-04-10,5.14,series.ar.bcra.wholesale_fx,5
2013-04-11,5.1432,series.ar.bcra.wholesale_fx,5
2013-04-12,5.1468,series.ar.bcra.wholesale_fx,5
2013-04-15,5.1522,series.ar.bcra.wholesale_fx,5
2013-04-16,5.1552,series.ar.bcra.wholesale_fx,5
2013-04-17,5.1558,series.ar.bcra.wholesale_fx,5
2013-04-18,5.158,series.ar.bcra.wholesale_fx,5
2013-04-19,5.1613,series.ar.bcra.wholesale_fx,5
2013-04-22,5.1667,series.ar.bcra.wholesale_fx,5
2013-04-23,5.1693,series.ar.bcra.wholesale_fx,5
2013-04-24,5.1747,series.ar.bcra.wholesale_fx,5
2013-04-25,5.1753,series.ar.bcra.wholesale_fx,5
2013-04-26,5.1752,series.ar.bcra.wholesale_fx,5
2013-04-29,5.1805,series.ar.bcra.wholesale_fx,5
2013-04-30,5.184,series.ar.bcra.wholesale_fx,5
2013-05-02,5.1898,series.ar.bcra.wholesale_fx,5
2013-05-03,5.1968,series.ar.bcra.wholesale_fx,5
2013-05-06,5.2065,series.ar.bcra.wholesale_fx,5
2013-05-07,5.2095,series.ar.bcra.wholesale_fx,5
2013-05-08,5.213,series.ar.bcra.wholesale_fx,5
2013-05-09,5.2197,series.ar.bcra.wholesale_fx,5
2013-05-10,5.2268,series.ar.bcra.wholesale_fx,5
2013-05-13,5.2313,series.ar.bcra.wholesale_fx,5
2013-05-14,5.236,series.ar.bcra.wholesale_fx,5
2013-05-15,5.2355,series.ar.bcra.wholesale_fx,5
2013-05-16,5.234,series.ar.bcra.wholesale_fx,5
2013-05-17,5.2343,series.ar.bcra.wholesale_fx,5
2013-05-20,5.2423,series.ar.bcra.wholesale_fx,5
2013-05-21,5.2472,series.ar.bcra.wholesale_fx,5
2013-05-22,5.2512,series.ar.bcra.wholesale_fx,5
2013-05-23,5.2602,series.ar.bcra.wholesale_fx,5
2013-05-24,5.2662,series.ar.bcra.wholesale_fx,5
2013-05-27,5.2685,series.ar.bcra.wholesale_fx,5
2013-05-28,5.2702,series.ar.bcra.wholesale_fx,5
2013-05-29,5.2743,series.ar.bcra.wholesale_fx,5
2013-05-30,5.2798,series.ar.bcra.wholesale_fx,5
2013-05-31,5.2837,series.ar.bcra.wholesale_fx,5
2013-06-03,5.2875,series.ar.bcra.wholesale_fx,5
2013-06-04,5.2895,series.ar.bcra.wholesale_fx,5
2013-06-05,5.2917,series.ar.bcra.wholesale_fx,5
2013-06-06,5.2955,series.ar.bcra.wholesale_fx,5
2013-06-07,5.2995,series.ar.bcra.wholesale_fx,5
2013-06-10,5.3052,series.ar.bcra.wholesale_fx,5
2013-06-11,5.3093,series.ar.bcra.wholesale_fx,5
2013-06-12,5.3167,series.ar.bcra.wholesale_fx,5
2013-06-13,5.325,series.ar.bcra.wholesale_fx,5
2013-06-14,5.3302,series.ar.bcra.wholesale_fx,5
2013-06-17,5.3368,series.ar.bcra.wholesale_fx,5
2013-06-18,5.3395,series.ar.bcra.wholesale_fx,5
2013-06-19,5.3467,series.ar.bcra.wholesale_fx,5
2013-06-24,5.3592,series.ar.bcra.wholesale_fx,5
2013-06-25,5.3635,series.ar.bcra.wholesale_fx,5
2013-06-26,5.3688,series.ar.bcra.wholesale_fx,5
2013-06-27,5.3758,series.ar.bcra.wholesale_fx,5
2013-06-28,5.3852,series.ar.bcra.wholesale_fx,5
2013-07-01,5.39,series.ar.bcra.wholesale_fx,5
2013-07-02,5.3932,series.ar.bcra.wholesale_fx,5
2013-07-03,5.399,series.ar.bcra.wholesale_fx,5
2013-07-04,5.405,series.ar.bcra.wholesale_fx,5
2013-07-05,5.4048,series.ar.bcra.wholesale_fx,5
2013-07-08,5.4073,series.ar.bcra.wholesale_fx,5
2013-07-10,5.4125,series.ar.bcra.wholesale_fx,5
2013-07-11,5.4183,series.ar.bcra.wholesale_fx,5
2013-07-12,5.4242,series.ar.bcra.wholesale_fx,5
2013-07-15,5.4303,series.ar.bcra.wholesale_fx,5
2013-07-16,5.4345,series.ar.bcra.wholesale_fx,5
2013-07-17,5.4383,series.ar.bcra.wholesale_fx,5
2013-07-18,5.4465,series.ar.bcra.wholesale_fx,5
2013-07-19,5.4593,series.ar.bcra.wholesale_fx,5
2013-07-22,5.4623,series.ar.bcra.wholesale_fx,5
2013-07-23,5.4617,series.ar.bcra.wholesale_fx,5
2013-07-24,5.4638,series.ar.bcra.wholesale_fx,5
2013-07-25,5.471,series.ar.bcra.wholesale_fx,5
2013-07-26,5.4807,series.ar.bcra.wholesale_fx,5
2013-07-29,5.4908,series.ar.bcra.wholesale_fx,5
2013-07-30,5.4993,series.ar.bcra.wholesale_fx,5
2013-07-31,5.5065,series.ar.bcra.wholesale_fx,5
2013-08-01,5.5082,series.ar.bcra.wholesale_fx,5
2013-08-02,5.5173,series.ar.bcra.wholesale_fx,5
2013-08-05,5.5202,series.ar.bcra.wholesale_fx,5
2013-08-06,5.5275,series.ar.bcra.wholesale_fx,5
2013-08-07,5.5285,series.ar.bcra.wholesale_fx,5
2013-08-08,5.5377,series.ar.bcra.wholesale_fx,5
2013-08-09,5.5428,series.ar.bcra.wholesale_fx,5
2013-08-12,5.5493,series.ar.bcra.wholesale_fx,5
2013-08-13,5.5603,series.ar.bcra.wholesale_fx,5
2013-08-14,5.5682,series.ar.bcra.wholesale_fx,5
2013-08-15,5.5748,series.ar.bcra.wholesale_fx,5
2013-08-16,5.5892,series.ar.bcra.wholesale_fx,5
2013-08-20,5.5962,series.ar.bcra.wholesale_fx,5
2013-08-21,5.6008,series.ar.bcra.wholesale_fx,5
2013-08-22,5.6115,series.ar.bcra.wholesale_fx,5
2013-08-23,5.6217,series.ar.bcra.wholesale_fx,5
2013-08-26,5.6302,series.ar.bcra.wholesale_fx,5
2013-08-27,5.6428,series.ar.bcra.wholesale_fx,5
2013-08-28,5.6492,series.ar.bcra.wholesale_fx,5
2013-08-29,5.661,series.ar.bcra.wholesale_fx,5
2013-08-30,5.6713,series.ar.bcra.wholesale_fx,5
2013-09-02,5.6845,series.ar.bcra.wholesale_fx,5
2013-09-03,5.691,series.ar.bcra.wholesale_fx,5
2013-09-04,5.7,series.ar.bcra.wholesale_fx,5
2013-09-05,5.7097,series.ar.bcra.wholesale_fx,5
2013-09-06,5.7027,series.ar.bcra.wholesale_fx,5
2013-09-09,5.7038,series.ar.bcra.wholesale_fx,5
2013-09-10,5.7102,series.ar.bcra.wholesale_fx,5
2013-09-11,5.7207,series.ar.bcra.wholesale_fx,5
2013-09-12,5.7195,series.ar.bcra.wholesale_fx,5
2013-09-13,5.7238,series.ar.bcra.wholesale_fx,5
2013-09-16,5.7313,series.ar.bcra.wholesale_fx,5
2013-09-17,5.7408,series.ar.bcra.wholesale_fx,5
2013-09-18,5.7498,series.ar.bcra.wholesale_fx,5
2013-09-19,5.7578,series.ar.bcra.wholesale_fx,5
2013-09-20,5.7597,series.ar.bcra.wholesale_fx,5
2013-09-23,5.7703,series.ar.bcra.wholesale_fx,5
2013-09-24,5.7713,series.ar.bcra.wholesale_fx,5
2013-09-25,5.771,series.ar.bcra.wholesale_fx,5
2013-09-26,5.7797,series.ar.bcra.wholesale_fx,5
2013-09-27,5.7905,series.ar.bcra.wholesale_fx,5
2013-09-30,5.7915,series.ar.bcra.wholesale_fx,5
2013-10-01,5.7995,series.ar.bcra.wholesale_fx,5
2013-10-02,5.8028,series.ar.bcra.wholesale_fx,5
2013-10-03,5.8118,series.ar.bcra.wholesale_fx,5
2013-10-04,5.8128,series.ar.bcra.wholesale_fx,5
2013-10-07,5.8188,series.ar.bcra.wholesale_fx,5
2013-10-08,5.822,series.ar.bcra.wholesale_fx,5
2013-10-09,5.8228,series.ar.bcra.wholesale_fx,5
2013-10-10,5.8278,series.ar.bcra.wholesale_fx,5
2013-10-11,5.8325,series.ar.bcra.wholesale_fx,5
2013-10-15,5.8388,series.ar.bcra.wholesale_fx,5
2013-10-16,5.841,series.ar.bcra.wholesale_fx,5
2013-10-17,5.8488,series.ar.bcra.wholesale_fx,5
2013-10-18,5.8528,series.ar.bcra.wholesale_fx,5
2013-10-21,5.861,series.ar.bcra.wholesale_fx,5
2013-10-22,5.8617,series.ar.bcra.wholesale_fx,5
2013-10-23,5.8628,series.ar.bcra.wholesale_fx,5
2013-10-24,5.8682,series.ar.bcra.wholesale_fx,5
2013-10-25,5.878,series.ar.bcra.wholesale_fx,5
2013-10-28,5.8897,series.ar.bcra.wholesale_fx,5
2013-10-29,5.8927,series.ar.bcra.wholesale_fx,5
2013-10-30,5.9032,series.ar.bcra.wholesale_fx,5
2013-10-31,5.9108,series.ar.bcra.wholesale_fx,5
2013-11-01,5.9215,series.ar.bcra.wholesale_fx,5
2013-11-04,5.9403,series.ar.bcra.wholesale_fx,5
2013-11-05,5.953,series.ar.bcra.wholesale_fx,5
2013-11-07,5.9432,series.ar.bcra.wholesale_fx,5
2013-11-08,5.9595,series.ar.bcra.wholesale_fx,5
2013-11-11,5.9713,series.ar.bcra.wholesale_fx,5
2013-11-12,5.9742,series.ar.bcra.wholesale_fx,5
2013-11-13,5.9765,series.ar.bcra.wholesale_fx,5
2013-11-14,5.9858,series.ar.bcra.wholesale_fx,5
2013-11-15,5.9932,series.ar.bcra.wholesale_fx,5
2013-11-18,6.002,series.ar.bcra.wholesale_fx,5
2013-11-19,6.0248,series.ar.bcra.wholesale_fx,5
2013-11-20,6.0442,series.ar.bcra.wholesale_fx,5
2013-11-21,6.0577,series.ar.bcra.wholesale_fx,5
2013-11-22,6.0765,series.ar.bcra.wholesale_fx,5
2013-11-26,6.0933,series.ar.bcra.wholesale_fx,5
2013-11-27,6.1065,series.ar.bcra.wholesale_fx,5
2013-11-28,6.1243,series.ar.bcra.wholesale_fx,5
2013-11-29,6.136,series.ar.bcra.wholesale_fx,5
2013-12-02,6.1547,series.ar.bcra.wholesale_fx,5
2013-12-03,6.1713,series.ar.bcra.wholesale_fx,5
2013-12-04,6.1973,series.ar.bcra.wholesale_fx,5
2013-12-05,6.2203,series.ar.bcra.wholesale_fx,5
2013-12-06,6.2407,series.ar.bcra.wholesale_fx,5
2013-12-09,6.2458,series.ar.bcra.wholesale_fx,5
2013-12-10,6.2623,series.ar.bcra.wholesale_fx,5
2013-12-11,6.2738,series.ar.bcra.wholesale_fx,5
2013-12-12,6.2808,series.ar.bcra.wholesale_fx,5
2013-12-13,6.2908,series.ar.bcra.wholesale_fx,5
2013-12-16,6.305,series.ar.bcra.wholesale_fx,5
2013-12-17,6.3282,series.ar.bcra.wholesale_fx,5
2013-12-18,6.356,series.ar.bcra.wholesale_fx,5
2013-12-19,6.3977,series.ar.bcra.wholesale_fx,5
2013-12-20,6.4205,series.ar.bcra.wholesale_fx,5
2013-12-23,6.4408,series.ar.bcra.wholesale_fx,5
2013-12-26,6.4712,series.ar.bcra.wholesale_fx,5
2013-12-27,6.4892,series.ar.bcra.wholesale_fx,5
2013-12-30,6.518,series.ar.bcra.wholesale_fx,5
2014-01-02,6.543,series.ar.bcra.wholesale_fx,5
2014-01-03,6.558,series.ar.bcra.wholesale_fx,5
2014-01-06,6.5857,series.ar.bcra.wholesale_fx,5
2014-01-07,6.5988,series.ar.bcra.wholesale_fx,5
2014-01-08,6.6042,series.ar.bcra.wholesale_fx,5
2014-01-09,6.6283,series.ar.bcra.wholesale_fx,5
2014-01-10,6.6498,series.ar.bcra.wholesale_fx,5
2014-01-13,6.6905,series.ar.bcra.wholesale_fx,5
2014-01-14,6.708,series.ar.bcra.wholesale_fx,5
2014-01-15,6.7408,series.ar.bcra.wholesale_fx,5
2014-01-16,6.7733,series.ar.bcra.wholesale_fx,5
2014-01-17,6.8055,series.ar.bcra.wholesale_fx,5
2014-01-20,6.8295,series.ar.bcra.wholesale_fx,5
2014-01-21,6.8763,series.ar.bcra.wholesale_fx,5
2014-01-22,6.912,series.ar.bcra.wholesale_fx,5
2014-01-23,7.5272,series.ar.bcra.wholesale_fx,5
2014-01-24,8.0183,series.ar.bcra.wholesale_fx,5
2014-01-27,8.0058,series.ar.bcra.wholesale_fx,5
2014-01-28,8.0173,series.ar.bcra.wholesale_fx,5
2014-01-29,8.015,series.ar.bcra.wholesale_fx,5
2014-01-30,8.0225,series.ar.bcra.wholesale_fx,5
2014-01-31,8.0182,series.ar.bcra.wholesale_fx,5
2014-02-03,8.0178,series.ar.bcra.wholesale_fx,5
2014-02-04,8.0118,series.ar.bcra.wholesale_fx,5
2014-02-05,7.9667,series.ar.bcra.wholesale_fx,5
2014-02-06,7.905,series.ar.bcra.wholesale_fx,5
2014-02-07,7.8648,series.ar.bcra.wholesale_fx,5
2014-02-10,7.8383,series.ar.bcra.wholesale_fx,5
2014-02-11,7.8173,series.ar.bcra.wholesale_fx,5
2014-02-12,7.8165,series.ar.bcra.wholesale_fx,5
2014-02-13,7.803,series.ar.bcra.wholesale_fx,5
2014-02-14,7.7803,series.ar.bcra.wholesale_fx,5
2014-02-17,7.7645,series.ar.bcra.wholesale_fx,5
2014-02-18,7.7635,series.ar.bcra.wholesale_fx,5
2014-02-19,7.7745,series.ar.bcra.wholesale_fx,5
2014-02-20,7.8023,series.ar.bcra.wholesale_fx,5
2014-02-21,7.8408,series.ar.bcra.wholesale_fx,5
2014-02-24,7.861,series.ar.bcra.wholesale_fx,5
2014-02-25,7.864,series.ar.bcra.wholesale_fx,5
2014-02-26,7.873,series.ar.bcra.wholesale_fx,5
2014-02-27,7.8873,series.ar.bcra.wholesale_fx,5
2014-02-28,7.8782,series.ar.bcra.wholesale_fx,5
2014-03-05,7.8822,series.ar.bcra.wholesale_fx,5
2014-03-06,7.8782,series.ar.bcra.wholesale_fx,5
2014-03-07,7.8657,series.ar.bcra.wholesale_fx,5
2014-03-10,7.8665,series.ar.bcra.wholesale_fx,5
2014-03-11,7.8675,series.ar.bcra.wholesale_fx,5
2014-03-12,7.8747,series.ar.bcra.wholesale_fx,5
2014-03-13,7.8832,series.ar.bcra.wholesale_fx,5
2014-03-14,7.8953,series.ar.bcra.wholesale_fx,5
2014-03-17,7.909,series.ar.bcra.wholesale_fx,5
2014-03-18,7.9348,series.ar.bcra.wholesale_fx,5
2014-03-19,7.9545,series.ar.bcra.wholesale_fx,5
2014-03-20,7.9592,series.ar.bcra.wholesale_fx,5
2014-03-21,7.9707,series.ar.bcra.wholesale_fx,5
2014-03-25,7.9955,series.ar.bcra.wholesale_fx,5
2014-03-26,8.0053,series.ar.bcra.wholesale_fx,5
2014-03-27,8.0065,series.ar.bcra.wholesale_fx,5
2014-03-28,8.0048,series.ar.bcra.wholesale_fx,5
2014-03-31,8.0098,series.ar.bcra.wholesale_fx,5
2014-04-01,8.0012,series.ar.bcra.wholesale_fx,5
2014-04-03,8.0028,series.ar.bcra.wholesale_fx,5
2014-04-04,8.0008,series.ar.bcra.wholesale_fx,5
2014-04-07,8.0018,series.ar.bcra.wholesale_fx,5
2014-04-08,8.0013,series.ar.bcra.wholesale_fx,5
2014-04-09,8.0008,series.ar.bcra.wholesale_fx,5
2014-04-10,8.0012,series.ar.bcra.wholesale_fx,5
2014-04-11,8.0013,series.ar.bcra.wholesale_fx,5
2014-04-14,8.0018,series.ar.bcra.wholesale_fx,5
2014-04-15,8.002,series.ar.bcra.wholesale_fx,5
2014-04-16,8.0007,series.ar.bcra.wholesale_fx,5
2014-04-21,8.002,series.ar.bcra.wholesale_fx,5
2014-04-22,8.0015,series.ar.bcra.wholesale_fx,5
2014-04-23,8.0008,series.ar.bcra.wholesale_fx,5
2014-04-24,8.0008,series.ar.bcra.wholesale_fx,5
2014-04-25,8.0005,series.ar.bcra.wholesale_fx,5
2014-04-28,8.0005,series.ar.bcra.wholesale_fx,5
2014-04-29,8.0005,series.ar.bcra.wholesale_fx,5
2014-04-30,8.0015,series.ar.bcra.wholesale_fx,5
2014-05-05,8.0012,series.ar.bcra.wholesale_fx,5
2014-05-06,8.0005,series.ar.bcra.wholesale_fx,5
2014-05-07,8.0005,series.ar.bcra.wholesale_fx,5
2014-05-08,8.0008,series.ar.bcra.wholesale_fx,5
2014-05-09,8.0035,series.ar.bcra.wholesale_fx,5
2014-05-12,8.0063,series.ar.bcra.wholesale_fx,5
2014-05-13,8.0197,series.ar.bcra.wholesale_fx,5
2014-05-14,8.0287,series.ar.bcra.wholesale_fx,5
2014-05-15,8.0535,series.ar.bcra.wholesale_fx,5
2014-05-16,8.0605,series.ar.bcra.wholesale_fx,5
2014-05-19,8.0632,series.ar.bcra.wholesale_fx,5
2014-05-20,8.0602,series.ar.bcra.wholesale_fx,5
2014-05-21,8.0613,series.ar.bcra.wholesale_fx,5
2014-05-22,8.0632,series.ar.bcra.wholesale_fx,5
2014-05-23,8.0653,series.ar.bcra.wholesale_fx,5
2014-05-26,8.0692,series.ar.bcra.wholesale_fx,5
2014-05-27,8.0677,series.ar.bcra.wholesale_fx,5
2014-05-28,8.0745,series.ar.bcra.wholesale_fx,5
2014-05-29,8.0758,series.ar.bcra.wholesale_fx,5
2014-05-30,8.0777,series.ar.bcra.wholesale_fx,5
2014-06-02,8.0825,series.ar.bcra.wholesale_fx,5
2014-06-03,8.0893,series.ar.bcra.wholesale_fx,5
2014-06-04,8.1032,series.ar.bcra.wholesale_fx,5
2014-06-05,8.115,series.ar.bcra.wholesale_fx,5
2014-06-06,8.1412,series.ar.bcra.wholesale_fx,5
2014-06-09,8.1308,series.ar.bcra.wholesale_fx,5
2014-06-10,8.1322,series.ar.bcra.wholesale_fx,5
2014-06-11,8.132,series.ar.bcra.wholesale_fx,5
2014-06-12,8.1322,series.ar.bcra.wholesale_fx,5
2014-06-13,8.1325,series.ar.bcra.wholesale_fx,5
2014-06-16,8.1362,series.ar.bcra.wholesale_fx,5
2014-06-17,8.1313,series.ar.bcra.wholesale_fx,5
2014-06-18,8.1297,series.ar.bcra.wholesale_fx,5
2014-06-19,8.1317,series.ar.bcra.wholesale_fx,5
2014-06-23,8.1323,series.ar.bcra.wholesale_fx,5
2014-06-24,8.1312,series.ar.bcra.wholesale_fx,5
2014-06-25,8.1305,series.ar.bcra.wholesale_fx,5
2014-06-26,8.1318,series.ar.bcra.wholesale_fx,5
2014-06-27,8.132,series.ar.bcra.wholesale_fx,5
2014-06-30,8.1327,series.ar.bcra.wholesale_fx,5
2014-07-01,8.1345,series.ar.bcra.wholesale_fx,5
2014-07-02,8.138,series.ar.bcra.wholesale_fx,5
2014-07-03,8.1393,series.ar.bcra.wholesale_fx,5
2014-07-04,8.1437,series.ar.bcra.wholesale_fx,5
2014-07-07,8.1415,series.ar.bcra.wholesale_fx,5
2014-07-08,8.1418,series.ar.bcra.wholesale_fx,5
2014-07-10,8.1463,series.ar.bcra.wholesale_fx,5
2014-07-11,8.1502,series.ar.bcra.wholesale_fx,5
2014-07-14,8.1538,series.ar.bcra.wholesale_fx,5
2014-07-15,8.153,series.ar.bcra.wholesale_fx,5
2014-07-16,8.1525,series.ar.bcra.wholesale_fx,5
2014-07-17,8.1555,series.ar.bcra.wholesale_fx,5
2014-07-18,8.1577,series.ar.bcra.wholesale_fx,5
2014-07-21,8.1628,series.ar.bcra.wholesale_fx,5
2014-07-22,8.164,series.ar.bcra.wholesale_fx,5
2014-07-23,8.1685,series.ar.bcra.wholesale_fx,5
2014-07-24,8.173,series.ar.bcra.wholesale_fx,5
2014-07-25,8.1768,series.ar.bcra.wholesale_fx,5
2014-07-28,8.1835,series.ar.bcra.wholesale_fx,5
2014-07-29,8.1883,series.ar.bcra.wholesale_fx,5
2014-07-30,8.198,series.ar.bcra.wholesale_fx,5
2014-07-31,8.2102,series.ar.bcra.wholesale_fx,5
2014-08-01,8.2243,series.ar.bcra.wholesale_fx,5
2014-08-04,8.2492,series.ar.bcra.wholesale_fx,5
2014-08-05,8.2663,series.ar.bcra.wholesale_fx,5
2014-08-06,8.2705,series.ar.bcra.wholesale_fx,5
2014-08-07,8.2727,series.ar.bcra.wholesale_fx,5
2014-08-08,8.2713,series.ar.bcra.wholesale_fx,5
2014-08-11,8.2738,series.ar.bcra.wholesale_fx,5
2014-08-12,8.2718,series.ar.bcra.wholesale_fx,5
2014-08-13,8.2732,series.ar.bcra.wholesale_fx,5
2014-08-14,8.2762,series.ar.bcra.wholesale_fx,5
2014-08-15,8.2803,series.ar.bcra.wholesale_fx,5
2014-08-19,8.2845,series.ar.bcra.wholesale_fx,5
2014-08-20,8.2952,series.ar.bcra.wholesale_fx,5
2014-08-21,8.353,series.ar.bcra.wholesale_fx,5
2014-08-22,8.4245,series.ar.bcra.wholesale_fx,5
2014-08-25,8.4125,series.ar.bcra.wholesale_fx,5
2014-08-26,8.411,series.ar.bcra.wholesale_fx,5
2014-08-27,8.4077,series.ar.bcra.wholesale_fx,5
2014-08-28,8.4052,series.ar.bcra.wholesale_fx,5
2014-08-29,8.404,series.ar.bcra.wholesale_fx,5
2014-09-01,8.4087,series.ar.bcra.wholesale_fx,5
2014-09-02,8.4103,series.ar.bcra.wholesale_fx,5
2014-09-03,8.4135,series.ar.bcra.wholesale_fx,5
2014-09-04,8.4018,series.ar.bcra.wholesale_fx,5
2014-09-05,8.412,series.ar.bcra.wholesale_fx,5
2014-09-08,8.42,series.ar.bcra.wholesale_fx,5
2014-09-09,8.4087,series.ar.bcra.wholesale_fx,5
2014-09-10,8.4045,series.ar.bcra.wholesale_fx,5
2014-09-11,8.4023,series.ar.bcra.wholesale_fx,5
2014-09-12,8.4022,series.ar.bcra.wholesale_fx,5
2014-09-15,8.4035,series.ar.bcra.wholesale_fx,5
2014-09-16,8.4032,series.ar.bcra.wholesale_fx,5
2014-09-17,8.4082,series.ar.bcra.wholesale_fx,5
2014-09-18,8.4237,series.ar.bcra.wholesale_fx,5
2014-09-19,8.4235,series.ar.bcra.wholesale_fx,5
2014-09-22,8.4288,series.ar.bcra.wholesale_fx,5
2014-09-23,8.432,series.ar.bcra.wholesale_fx,5
2014-09-24,8.4272,series.ar.bcra.wholesale_fx,5
2014-09-25,8.4255,series.ar.bcra.wholesale_fx,5
2014-09-26,8.4402,series.ar.bcra.wholesale_fx,5
2014-09-29,8.46,series.ar.bcra.wholesale_fx,5
2014-09-30,8.4643,series.ar.bcra.wholesale_fx,5
2014-10-01,8.4475,series.ar.bcra.wholesale_fx,5
2014-10-02,8.4478,series.ar.bcra.wholesale_fx,5
2014-10-03,8.459,series.ar.bcra.wholesale_fx,5
2014-10-06,8.4645,series.ar.bcra.wholesale_fx,5
2014-10-07,8.467,series.ar.bcra.wholesale_fx,5
2014-10-08,8.4643,series.ar.bcra.wholesale_fx,5
2014-10-09,8.474,series.ar.bcra.wholesale_fx,5
2014-10-10,8.4782,series.ar.bcra.wholesale_fx,5
2014-10-14,8.4752,series.ar.bcra.wholesale_fx,5
2014-10-15,8.478,series.ar.bcra.wholesale_fx,5
2014-10-16,8.4785,series.ar.bcra.wholesale_fx,5
2014-10-17,8.4765,series.ar.bcra.wholesale_fx,5
2014-10-20,8.4837,series.ar.bcra.wholesale_fx,5
2014-10-21,8.4953,series.ar.bcra.wholesale_fx,5
2014-10-22,8.4915,series.ar.bcra.wholesale_fx,5
2014-10-23,8.4895,series.ar.bcra.wholesale_fx,5
2014-10-24,8.4917,series.ar.bcra.wholesale_fx,5
2014-10-27,8.496,series.ar.bcra.wholesale_fx,5
2014-10-28,8.501,series.ar.bcra.wholesale_fx,5
2014-10-29,8.5027,series.ar.bcra.wholesale_fx,5
2014-10-30,8.5027,series.ar.bcra.wholesale_fx,5
2014-10-31,8.5023,series.ar.bcra.wholesale_fx,5
2014-11-03,8.507,series.ar.bcra.wholesale_fx,5
2014-11-04,8.5065,series.ar.bcra.wholesale_fx,5
2014-11-05,8.5087,series.ar.bcra.wholesale_fx,5
2014-11-07,8.509,series.ar.bcra.wholesale_fx,5
2014-11-10,8.5127,series.ar.bcra.wholesale_fx,5
2014-11-11,8.5122,series.ar.bcra.wholesale_fx,5
2014-11-12,8.5115,series.ar.bcra.wholesale_fx,5
2014-11-13,8.5102,series.ar.bcra.wholesale_fx,5
2014-11-14,8.5115,series.ar.bcra.wholesale_fx,5
2014-11-17,8.5115,series.ar.bcra.wholesale_fx,5
2014-11-18,8.513,series.ar.bcra.wholesale_fx,5
2014-11-19,8.5137,series.ar.bcra.wholesale_fx,5
2014-11-20,8.5147,series.ar.bcra.wholesale_fx,5
2014-11-21,8.5158,series.ar.bcra.wholesale_fx,5
2014-11-25,8.5197,series.ar.bcra.wholesale_fx,5
2014-11-26,8.5232,series.ar.bcra.wholesale_fx,5
2014-11-27,8.526,series.ar.bcra.wholesale_fx,5
2014-11-28,8.5255,series.ar.bcra.wholesale_fx,5
2014-12-01,8.5263,series.ar.bcra.wholesale_fx,5
2014-12-02,8.5362,series.ar.bcra.wholesale_fx,5
2014-12-03,8.5415,series.ar.bcra.wholesale_fx,5
2014-12-04,8.5445,series.ar.bcra.wholesale_fx,5
2014-12-05,8.5522,series.ar.bcra.wholesale_fx,5
2014-12-09,8.5555,series.ar.bcra.wholesale_fx,5
2014-12-10,8.5538,series.ar.bcra.wholesale_fx,5
2014-12-11,8.5535,series.ar.bcra.wholesale_fx,5
2014-12-12,8.5527,series.ar.bcra.wholesale_fx,5
2014-12-15,8.5533,series.ar.bcra.wholesale_fx,5
2014-12-16,8.5517,series.ar.bcra.wholesale_fx,5
2014-12-17,8.5517,series.ar.bcra.wholesale_fx,5
2014-12-18,8.5518,series.ar.bcra.wholesale_fx,5
2014-12-19,8.5518,series.ar.bcra.wholesale_fx,5
2014-12-22,8.5523,series.ar.bcra.wholesale_fx,5
2014-12-23,8.5518,series.ar.bcra.wholesale_fx,5
2014-12-24,8.554,series.ar.bcra.wholesale_fx,5
2014-12-29,8.554,series.ar.bcra.wholesale_fx,5
2014-12-30,8.552,series.ar.bcra.wholesale_fx,5
2015-01-02,8.5537,series.ar.bcra.wholesale_fx,5
2015-01-05,8.5573,series.ar.bcra.wholesale_fx,5
2015-01-06,8.5668,series.ar.bcra.wholesale_fx,5
2015-01-07,8.5788,series.ar.bcra.wholesale_fx,5
2015-01-08,8.59,series.ar.bcra.wholesale_fx,5
2015-01-09,8.5927,series.ar.bcra.wholesale_fx,5
2015-01-12,8.5933,series.ar.bcra.wholesale_fx,5
2015-01-13,8.5937,series.ar.bcra.wholesale_fx,5
2015-01-14,8.5955,series.ar.bcra.wholesale_fx,5
2015-01-15,8.5972,series.ar.bcra.wholesale_fx,5
2015-01-16,8.599,series.ar.bcra.wholesale_fx,5
2015-01-19,8.604,series.ar.bcra.wholesale_fx,5
2015-01-20,8.6082,series.ar.bcra.wholesale_fx,5
2015-01-21,8.612,series.ar.bcra.wholesale_fx,5
2015-01-22,8.6205,series.ar.bcra.wholesale_fx,5
2015-01-23,8.626,series.ar.bcra.wholesale_fx,5
2015-01-26,8.6287,series.ar.bcra.wholesale_fx,5
2015-01-27,8.6288,series.ar.bcra.wholesale_fx,5
2015-01-28,8.6313,series.ar.bcra.wholesale_fx,5
2015-01-29,8.633,series.ar.bcra.wholesale_fx,5
2015-01-30,8.6395,series.ar.bcra.wholesale_fx,5
2015-02-02,8.6488,series.ar.bcra.wholesale_fx,5
2015-02-03,8.6603,series.ar.bcra.wholesale_fx,5
2015-02-04,8.6623,series.ar.bcra.wholesale_fx,5
2015-02-05,8.6625,series.ar.bcra.wholesale_fx,5
2015-02-06,8.6615,series.ar.bcra.wholesale_fx,5
2015-02-09,8.6647,series.ar.bcra.wholesale_fx,5
2015-02-10,8.6702,series.ar.bcra.wholesale_fx,5
2015-02-11,8.6753,series.ar.bcra.wholesale_fx,5
2015-02-12,8.6788,series.ar.bcra.wholesale_fx,5
2015-02-13,8.6825,series.ar.bcra.wholesale_fx,5
2015-02-18,8.6898,series.ar.bcra.wholesale_fx,5
2015-02-19,8.6933,series.ar.bcra.wholesale_fx,5
2015-02-20,8.7008,series.ar.bcra.wholesale_fx,5
2015-02-23,8.7072,series.ar.bcra.wholesale_fx,5
2015-02-24,8.7153,series.ar.bcra.wholesale_fx,5
2015-02-25,8.7218,series.ar.bcra.wholesale_fx,5
2015-02-26,8.726,series.ar.bcra.wholesale_fx,5
2015-02-27,8.7243,series.ar.bcra.wholesale_fx,5
2015-03-02,8.731,series.ar.bcra.wholesale_fx,5
2015-03-03,8.736,series.ar.bcra.wholesale_fx,5
2015-03-04,8.743,series.ar.bcra.wholesale_fx,5
2015-03-05,8.7473,series.ar.bcra.wholesale_fx,5
2015-03-06,8.7557,series.ar.bcra.wholesale_fx,5
2015-03-09,8.7612,series.ar.bcra.wholesale_fx,5
2015-03-10,8.7682,series.ar.bcra.wholesale_fx,5
2015-03-11,8.7748,series.ar.bcra.wholesale_fx,5
2015-03-12,8.7787,series.ar.bcra.wholesale_fx,5
2015-03-13,8.783,series.ar.bcra.wholesale_fx,5
2015-03-16,8.7833,series.ar.bcra.wholesale_fx,5
2015-03-17,8.7855,series.ar.bcra.wholesale_fx,5
2015-03-18,8.7913,series.ar.bcra.wholesale_fx,5
2015-03-19,8.7933,series.ar.bcra.wholesale_fx,5
2015-03-20,8.7963,series.ar.bcra.wholesale_fx,5
2015-03-25,8.8023,series.ar.bcra.wholesale_fx,5
2015-03-26,8.804,series.ar.bcra.wholesale_fx,5
2015-03-27,8.809,series.ar.bcra.wholesale_fx,5
2015-03-30,8.8158,series.ar.bcra.wholesale_fx,5
2015-03-31,8.8197,series.ar.bcra.wholesale_fx,5
2015-04-01,8.826,series.ar.bcra.wholesale_fx,5
2015-04-06,8.8295,series.ar.bcra.wholesale_fx,5
2015-04-07,8.8343,series.ar.bcra.wholesale_fx,5
2015-04-08,8.8388,series.ar.bcra.wholesale_fx,5
2015-04-09,8.8435,series.ar.bcra.wholesale_fx,5
2015-04-10,8.8482,series.ar.bcra.wholesale_fx,5
2015-04-13,8.8543,series.ar.bcra.wholesale_fx,5
2015-04-14,8.8578,series.ar.bcra.wholesale_fx,5
2015-04-15,8.8638,series.ar.bcra.wholesale_fx,5
2015-04-16,8.8673,series.ar.bcra.wholesale_fx,5
2015-04-17,8.8668,series.ar.bcra.wholesale_fx,5
2015-04-20,8.8692,series.ar.bcra.wholesale_fx,5
2015-04-21,8.8728,series.ar.bcra.wholesale_fx,5
2015-04-22,8.8772,series.ar.bcra.wholesale_fx,5
2015-04-23,8.8823,series.ar.bcra.wholesale_fx,5
2015-04-24,8.8878,series.ar.bcra.wholesale_fx,5
2015-04-27,8.8935,series.ar.bcra.wholesale_fx,5
2015-04-28,8.8975,series.ar.bcra.wholesale_fx,5
2015-04-29,8.8995,series.ar.bcra.wholesale_fx,5
2015-04-30,8.9047,series.ar.bcra.wholesale_fx,5
2015-05-04,8.9103,series.ar.bcra.wholesale_fx,5
2015-05-05,8.9142,series.ar.bcra.wholesale_fx,5
2015-05-06,8.919,series.ar.bcra.wholesale_fx,5
2015-05-07,8.9232,series.ar.bcra.wholesale_fx,5
2015-05-08,8.927,series.ar.bcra.wholesale_fx,5
2015-05-11,8.9318,series.ar.bcra.wholesale_fx,5
2015-05-12,8.9357,series.ar.bcra.wholesale_fx,5
2015-05-13,8.9388,series.ar.bcra.wholesale_fx,5
2015-05-14,8.944,series.ar.bcra.wholesale_fx,5
2015-05-15,8.9475,series.ar.bcra.wholesale_fx,5
2015-05-18,8.951,series.ar.bcra.wholesale_fx,5
2015-05-19,8.9568,series.ar.bcra.wholesale_fx,5
2015-05-20,8.9607,series.ar.bcra.wholesale_fx,5
2015-05-21,8.9657,series.ar.bcra.wholesale_fx,5
2015-05-22,8.9698,series.ar.bcra.wholesale_fx,5
2015-05-26,8.9745,series.ar.bcra.wholesale_fx,5
2015-05-27,8.981,series.ar.bcra.wholesale_fx,5
2015-05-28,8.9848,series.ar.bcra.wholesale_fx,5
2015-05-29,8.9893,series.ar.bcra.wholesale_fx,5
2015-06-01,8.9965,series.ar.bcra.wholesale_fx,5
2015-06-02,9.0008,series.ar.bcra.wholesale_fx,5
2015-06-03,9.005,series.ar.bcra.wholesale_fx,5
2015-06-04,9.0095,series.ar.bcra.wholesale_fx,5
2015-06-05,9.0143,series.ar.bcra.wholesale_fx,5
2015-06-08,9.018,series.ar.bcra.wholesale_fx,5
2015-06-09,9.0223,series.ar.bcra.wholesale_fx,5
2015-06-10,9.0282,series.ar.bcra.wholesale_fx,5
2015-06-11,9.0325,series.ar.bcra.wholesale_fx,5
2015-06-12,9.036,series.ar.bcra.wholesale_fx,5
2015-06-15,9.0403,series.ar.bcra.wholesale_fx,5
2015-06-16,9.045,series.ar.bcra.wholesale_fx,5
2015-06-17,9.0477,series.ar.bcra.wholesale_fx,5
2015-06-18,9.0522,series.ar.bcra.wholesale_fx,5
2015-06-19,9.0565,series.ar.bcra.wholesale_fx,5
2015-06-22,9.0605,series.ar.bcra.wholesale_fx,5
2015-06-23,9.0645,series.ar.bcra.wholesale_fx,5
2015-06-24,9.069,series.ar.bcra.wholesale_fx,5
2015-06-25,9.0723,series.ar.bcra.wholesale_fx,5
2015-06-26,9.0767,series.ar.bcra.wholesale_fx,5
2015-06-29,9.0818,series.ar.bcra.wholesale_fx,5
2015-06-30,9.0865,series.ar.bcra.wholesale_fx,5
2015-07-01,9.092,series.ar.bcra.wholesale_fx,5
2015-07-02,9.0973,series.ar.bcra.wholesale_fx,5
2015-07-03,9.1022,series.ar.bcra.wholesale_fx,5
2015-07-06,9.1072,series.ar.bcra.wholesale_fx,5
2015-07-07,9.1127,series.ar.bcra.wholesale_fx,5
2015-07-08,9.117,series.ar.bcra.wholesale_fx,5
2015-07-10,9.122,series.ar.bcra.wholesale_fx,5
2015-07-13,9.1273,series.ar.bcra.wholesale_fx,5
2015-07-14,9.132,series.ar.bcra.wholesale_fx,5
2015-07-15,9.1362,series.ar.bcra.wholesale_fx,5
2015-07-16,9.1415,series.ar.bcra.wholesale_fx,5
2015-07-17,9.1462,series.ar.bcra.wholesale_fx,5
2015-07-20,9.1503,series.ar.bcra.wholesale_fx,5
2015-07-21,9.1548,series.ar.bcra.wholesale_fx,5
2015-07-22,9.16,series.ar.bcra.wholesale_fx,5
2015-07-23,9.1643,series.ar.bcra.wholesale_fx,5
2015-07-24,9.1683,series.ar.bcra.wholesale_fx,5
2015-07-27,9.1727,series.ar.bcra.wholesale_fx,5
2015-07-28,9.1778,series.ar.bcra.wholesale_fx,5
2015-07-29,9.1815,series.ar.bcra.wholesale_fx,5
2015-07-30,9.1843,series.ar.bcra.wholesale_fx,5
2015-07-31,9.1873,series.ar.bcra.wholesale_fx,5
2015-08-03,9.1937,series.ar.bcra.wholesale_fx,5
2015-08-04,9.1987,series.ar.bcra.wholesale_fx,5
2015-08-05,9.2035,series.ar.bcra.wholesale_fx,5
2015-08-06,9.2088,series.ar.bcra.wholesale_fx,5
2015-08-07,9.2135,series.ar.bcra.wholesale_fx,5
2015-08-10,9.2183,series.ar.bcra.wholesale_fx,5
2015-08-11,9.2243,series.ar.bcra.wholesale_fx,5
2015-08-12,9.2312,series.ar.bcra.wholesale_fx,5
2015-08-13,9.2362,series.ar.bcra.wholesale_fx,5
2015-08-14,9.2408,series.ar.bcra.wholesale_fx,5
2015-08-18,9.2455,series.ar.bcra.wholesale_fx,5
2015-08-19,9.2505,series.ar.bcra.wholesale_fx,5
2015-08-20,9.255,series.ar.bcra.wholesale_fx,5
2015-08-21,9.2598,series.ar.bcra.wholesale_fx,5
2015-08-24,9.2662,series.ar.bcra.wholesale_fx,5
2015-08-25,9.272,series.ar.bcra.wholesale_fx,5
2015-08-26,9.278,series.ar.bcra.wholesale_fx,5
2015-08-27,9.284,series.ar.bcra.wholesale_fx,5
2015-08-28,9.2898,series.ar.bcra.wholesale_fx,5
2015-08-31,9.2955,series.ar.bcra.wholesale_fx,5
2015-09-01,9.302,series.ar.bcra.wholesale_fx,5
2015-09-02,9.3088,series.ar.bcra.wholesale_fx,5
2015-09-03,9.315,series.ar.bcra.wholesale_fx,5
2015-09-04,9.3237,series.ar.bcra.wholesale_fx,5
2015-09-07,9.3338,series.ar.bcra.wholesale_fx,5
2015-09-08,9.3347,series.ar.bcra.wholesale_fx,5
2015-09-09,9.343,series.ar.bcra.wholesale_fx,5
2015-09-10,9.349,series.ar.bcra.wholesale_fx,5
2015-09-11,9.3533,series.ar.bcra.wholesale_fx,5
2015-09-14,9.3572,series.ar.bcra.wholesale_fx,5
2015-09-15,9.3638,series.ar.bcra.wholesale_fx,5
2015-09-16,9.3693,series.ar.bcra.wholesale_fx,5
2015-09-17,9.375,series.ar.bcra.wholesale_fx,5
2015-09-18,9.3803,series.ar.bcra.wholesale_fx,5
2015-09-21,9.3858,series.ar.bcra.wholesale_fx,5
2015-09-22,9.3917,series.ar.bcra.wholesale_fx,5
2015-09-23,9.3978,series.ar.bcra.wholesale_fx,5
2015-09-24,9.4023,series.ar.bcra.wholesale_fx,5
2015-09-25,9.4053,series.ar.bcra.wholesale_fx,5
2015-09-28,9.4095,series.ar.bcra.wholesale_fx,5
2015-09-29,9.4147,series.ar.bcra.wholesale_fx,5
2015-09-30,9.4192,series.ar.bcra.wholesale_fx,5
2015-10-01,9.4273,series.ar.bcra.wholesale_fx,5
2015-10-02,9.4355,series.ar.bcra.wholesale_fx,5
2015-10-05,9.4408,series.ar.bcra.wholesale_fx,5
2015-10-06,9.4492,series.ar.bcra.wholesale_fx,5
2015-10-07,9.4537,series.ar.bcra.wholesale_fx,5
2015-10-08,9.4608,series.ar.bcra.wholesale_fx,5
2015-10-09,9.4655,series.ar.bcra.wholesale_fx,5
2015-10-13,9.4712,series.ar.bcra.wholesale_fx,5
2015-10-14,9.4802,series.ar.bcra.wholesale_fx,5
2015-10-15,9.483,series.ar.bcra.wholesale_fx,5
2015-10-16,9.4888,series.ar.bcra.wholesale_fx,5
2015-10-19,9.4962,series.ar.bcra.wholesale_fx,5
2015-10-20,9.502,series.ar.bcra.wholesale_fx,5
2015-10-21,9.5087,series.ar.bcra.wholesale_fx,5
2015-10-22,9.5132,series.ar.bcra.wholesale_fx,5
2015-10-23,9.5198,series.ar.bcra.wholesale_fx,5
2015-10-26,9.5268,series.ar.bcra.wholesale_fx,5
2015-10-27,9.5322,series.ar.bcra.wholesale_fx,5
2015-10-28,9.538,series.ar.bcra.wholesale_fx,5
2015-10-29,9.542,series.ar.bcra.wholesale_fx,5
2015-10-30,9.546,series.ar.bcra.wholesale_fx,5
2015-11-02,9.554,series.ar.bcra.wholesale_fx,5
2015-11-03,9.562,series.ar.bcra.wholesale_fx,5
2015-11-04,9.5697,series.ar.bcra.wholesale_fx,5
2015-11-05,9.5785,series.ar.bcra.wholesale_fx,5
2015-11-09,9.586,series.ar.bcra.wholesale_fx,5
2015-11-10,9.594,series.ar.bcra.wholesale_fx,5
2015-11-11,9.6023,series.ar.bcra.wholesale_fx,5
2015-11-12,9.6138,series.ar.bcra.wholesale_fx,5
2015-11-13,9.6223,series.ar.bcra.wholesale_fx,5
2015-11-16,9.6298,series.ar.bcra.wholesale_fx,5
2015-11-17,9.64,series.ar.bcra.wholesale_fx,5
2015-11-18,9.6478,series.ar.bcra.wholesale_fx,5
2015-11-19,9.656,series.ar.bcra.wholesale_fx,5
2015-11-20,9.6662,series.ar.bcra.wholesale_fx,5
2015-11-23,9.671,series.ar.bcra.wholesale_fx,5
2015-11-24,9.6732,series.ar.bcra.wholesale_fx,5
2015-11-25,9.678,series.ar.bcra.wholesale_fx,5
2015-11-26,9.6847,series.ar.bcra.wholesale_fx,5
2015-11-30,9.688,series.ar.bcra.wholesale_fx,5
2015-12-01,9.6975,series.ar.bcra.wholesale_fx,5
2015-12-02,9.707,series.ar.bcra.wholesale_fx,5
2015-12-03,9.7178,series.ar.bcra.wholesale_fx,5
2015-12-04,9.7273,series.ar.bcra.wholesale_fx,5
2015-12-09,9.7367,series.ar.bcra.wholesale_fx,5
2015-12-10,9.7488,series.ar.bcra.wholesale_fx,5
2015-12-11,9.7728,series.ar.bcra.wholesale_fx,5
2015-12-14,9.7875,series.ar.bcra.wholesale_fx,5
2015-12-15,9.806,series.ar.bcra.wholesale_fx,5
2015-12-16,9.8268,series.ar.bcra.wholesale_fx,5
2015-12-17,13.7633,series.ar.bcra.wholesale_fx,5
2015-12-18,13.4217,series.ar.bcra.wholesale_fx,5
2015-12-21,12.8083,series.ar.bcra.wholesale_fx,5
2015-12-22,12.9375,series.ar.bcra.wholesale_fx,5
2015-12-23,13.0442,series.ar.bcra.wholesale_fx,5
2015-12-24,13.05,series.ar.bcra.wholesale_fx,5
2015-12-28,13.0558,series.ar.bcra.wholesale_fx,5
2015-12-29,12.9658,series.ar.bcra.wholesale_fx,5
2015-12-30,12.9757,series.ar.bcra.wholesale_fx,5
2015-12-31,13.005,series.ar.bcra.wholesale_fx,5
2016-01-04,13.0692,series.ar.bcra.wholesale_fx,5
2016-01-05,13.455,series.ar.bcra.wholesale_fx,5
2016-01-06,13.835,series.ar.bcra.wholesale_fx,5
2016-01-07,13.9413,series.ar.bcra.wholesale_fx,5
2016-01-08,13.865,series.ar.bcra.wholesale_fx,5
2016-01-11,13.8725,series.ar.bcra.wholesale_fx,5
2016-01-12,13.5833,series.ar.bcra.wholesale_fx,5
2016-01-13,13.56,series.ar.bcra.wholesale_fx,5
2016-01-14,13.46,series.ar.bcra.wholesale_fx,5
2016-01-15,13.4367,series.ar.bcra.wholesale_fx,5
2016-01-18,13.5117,series.ar.bcra.wholesale_fx,5
2016-01-19,13.4867,series.ar.bcra.wholesale_fx,5
2016-01-20,13.4467,series.ar.bcra.wholesale_fx,5
2016-01-21,13.5533,series.ar.bcra.wholesale_fx,5
2016-01-22,13.715,series.ar.bcra.wholesale_fx,5
2016-01-25,13.7832,series.ar.bcra.wholesale_fx,5
2016-01-26,13.8378,series.ar.bcra.wholesale_fx,5
2016-01-27,13.8912,series.ar.bcra.wholesale_fx,5
2016-01-28,13.8892,series.ar.bcra.wholesale_fx,5
2016-01-29,13.904,series.ar.bcra.wholesale_fx,5
2016-02-01,14.0883,series.ar.bcra.wholesale_fx,5
2016-02-02,14.1367,series.ar.bcra.wholesale_fx,5
2016-02-03,14.1433,series.ar.bcra.wholesale_fx,5
2016-02-04,14.1862,series.ar.bcra.wholesale_fx,5
2016-02-05,14.3142,series.ar.bcra.wholesale_fx,5
2016-02-10,14.4717,series.ar.bcra.wholesale_fx,5
2016-02-11,14.5592,series.ar.bcra.wholesale_fx,5
2016-02-12,14.7298,series.ar.bcra.wholesale_fx,5
2016-02-15,14.7733,series.ar.bcra.wholesale_fx,5
2016-02-16,14.8498,series.ar.bcra.wholesale_fx,5
2016-02-17,14.9142,series.ar.bcra.wholesale_fx,5
2016-02-18,15.0333,series.ar.bcra.wholesale_fx,5
2016-02-19,15.0283,series.ar.bcra.wholesale_fx,5
2016-02-22,15.09,series.ar.bcra.wholesale_fx,5
2016-02-23,15.42,series.ar.bcra.wholesale_fx,5
2016-02-24,15.3483,series.ar.bcra.wholesale_fx,5
2016-02-25,15.3708,series.ar.bcra.wholesale_fx,5
2016-02-26,15.435,series.ar.bcra.wholesale_fx,5
2016-02-29,15.5842,series.ar.bcra.wholesale_fx,5
2016-03-01,15.9192,series.ar.bcra.wholesale_fx,5
2016-03-02,15.6852,series.ar.bcra.wholesale_fx,5
2016-03-03,15.445,series.ar.bcra.wholesale_fx,5
2016-03-04,15.195,series.ar.bcra.wholesale_fx,5
2016-03-07,15.3442,series.ar.bcra.wholesale_fx,5
2016-03-08,15.4392,series.ar.bcra.wholesale_fx,5
2016-03-09,15.3633,series.ar.bcra.wholesale_fx,5
2016-03-10,15.3403,series.ar.bcra.wholesale_fx,5
2016-03-11,15.1183,series.ar.bcra.wholesale_fx,5
2016-03-14,14.8017,series.ar.bcra.wholesale_fx,5
2016-03-15,14.6083,series.ar.bcra.wholesale_fx,5
2016-03-16,14.5093,series.ar.bcra.wholesale_fx,5
2016-03-17,14.6273,series.ar.bcra.wholesale_fx,5
2016-03-18,14.8217,series.ar.bcra.wholesale_fx,5
2016-03-21,14.5808,series.ar.bcra.wholesale_fx,5
2016-03-22,14.2458,series.ar.bcra.wholesale_fx,5
2016-03-23,14.426,series.ar.bcra.wholesale_fx,5
2016-03-28,14.6383,series.ar.bcra.wholesale_fx,5
2016-03-29,14.884,series.ar.bcra.wholesale_fx,5
2016-03-30,14.6167,series.ar.bcra.wholesale_fx,5
2016-03-31,14.5817,series.ar.bcra.wholesale_fx,5
2016-04-01,14.7033,series.ar.bcra.wholesale_fx,5
2016-04-04,14.7792,series.ar.bcra.wholesale_fx,5
2016-04-05,14.6817,series.ar.bcra.wholesale_fx,5
2016-04-06,14.6913,series.ar.bcra.wholesale_fx,5
2016-04-07,14.525,series.ar.bcra.wholesale_fx,5
2016-04-08,14.43,series.ar.bcra.wholesale_fx,5
2016-04-11,14.51,series.ar.bcra.wholesale_fx,5
2016-04-12,14.54,series.ar.bcra.wholesale_fx,5
2016-04-13,14.4242,series.ar.bcra.wholesale_fx,5
2016-04-14,14.3683,series.ar.bcra.wholesale_fx,5
2016-04-15,14.295,series.ar.bcra.wholesale_fx,5
2016-04-18,14.14,series.ar.bcra.wholesale_fx,5
2016-04-19,14.1418,series.ar.bcra.wholesale_fx,5
2016-04-20,14.2425,series.ar.bcra.wholesale_fx,5
2016-04-21,14.36,series.ar.bcra.wholesale_fx,5
2016-04-22,14.4558,series.ar.bcra.wholesale_fx,5
2016-04-25,14.3308,series.ar.bcra.wholesale_fx,5
2016-04-26,14.3122,series.ar.bcra.wholesale_fx,5
2016-04-27,14.2408,series.ar.bcra.wholesale_fx,5
2016-04-28,14.1702,series.ar.bcra.wholesale_fx,5
2016-04-29,14.2582,series.ar.bcra.wholesale_fx,5
2016-05-02,14.2617,series.ar.bcra.wholesale_fx,5
2016-05-03,14.2098,series.ar.bcra.wholesale_fx,5
2016-05-04,14.2133,series.ar.bcra.wholesale_fx,5
2016-05-05,14.2535,series.ar.bcra.wholesale_fx,5
2016-05-06,14.2355,series.ar.bcra.wholesale_fx,5
2016-05-09,14.2242,series.ar.bcra.wholesale_fx,5
2016-05-10,14.2312,series.ar.bcra.wholesale_fx,5
2016-05-11,14.222,series.ar.bcra.wholesale_fx,5
2016-05-12,14.1987,series.ar.bcra.wholesale_fx,5
2016-05-13,14.1622,series.ar.bcra.wholesale_fx,5
2016-05-16,14.1498,series.ar.bcra.wholesale_fx,5
2016-05-17,14.1318,series.ar.bcra.wholesale_fx,5
2016-05-18,14.1108,series.ar.bcra.wholesale_fx,5
2016-05-19,14.1222,series.ar.bcra.wholesale_fx,5
2016-05-20,14.0803,series.ar.bcra.wholesale_fx,5
2016-05-23,14.0117,series.ar.bcra.wholesale_fx,5
2016-05-24,14.0233,series.ar.bcra.wholesale_fx,5
2016-05-26,14.0875,series.ar.bcra.wholesale_fx,5
2016-05-27,13.9867,series.ar.bcra.wholesale_fx,5
2016-05-30,13.9633,series.ar.bcra.wholesale_fx,5
2016-05-31,14.0127,series.ar.bcra.wholesale_fx,5
2016-06-01,13.9537,series.ar.bcra.wholesale_fx,5
2016-06-02,13.9343,series.ar.bcra.wholesale_fx,5
2016-06-03,13.8783,series.ar.bcra.wholesale_fx,5
2016-06-06,13.7773,series.ar.bcra.wholesale_fx,5
2016-06-07,13.8042,series.ar.bcra.wholesale_fx,5
2016-06-08,13.835,series.ar.bcra.wholesale_fx,5
2016-06-09,13.8498,series.ar.bcra.wholesale_fx,5
2016-06-10,13.8197,series.ar.bcra.wholesale_fx,5
2016-06-13,13.7983,series.ar.bcra.wholesale_fx,5
2016-06-14,13.7725,series.ar.bcra.wholesale_fx,5
2016-06-15,13.7568,series.ar.bcra.wholesale_fx,5
2016-06-16,13.7935,series.ar.bcra.wholesale_fx,5
2016-06-21,13.8783,series.ar.bcra.wholesale_fx,5
2016-06-22,14.0253,series.ar.bcra.wholesale_fx,5
2016-06-23,14.1908,series.ar.bcra.wholesale_fx,5
2016-06-24,14.8365,series.ar.bcra.wholesale_fx,5
2016-06-27,15.0302,series.ar.bcra.wholesale_fx,5
2016-06-28,15.0563,series.ar.bcra.wholesale_fx,5
2016-06-29,14.9042,series.ar.bcra.wholesale_fx,5
2016-06-30,14.92,series.ar.bcra.wholesale_fx,5
2016-07-01,15.119,series.ar.bcra.wholesale_fx,5
2016-07-04,15.0675,series.ar.bcra.wholesale_fx,5
2016-07-05,15.0187,series.ar.bcra.wholesale_fx,5
2016-07-06,14.755,series.ar.bcra.wholesale_fx,5
2016-07-07,14.6925,series.ar.bcra.wholesale_fx,5
2016-07-11,14.71,series.ar.bcra.wholesale_fx,5
2016-07-12,14.5992,series.ar.bcra.wholesale_fx,5
2016-07-13,14.5718,series.ar.bcra.wholesale_fx,5
2016-07-14,14.6203,series.ar.bcra.wholesale_fx,5
2016-07-15,14.8583,series.ar.bcra.wholesale_fx,5
2016-07-18,15.0557,series.ar.bcra.wholesale_fx,5
2016-07-19,15.1933,series.ar.bcra.wholesale_fx,5
2016-07-20,14.9967,series.ar.bcra.wholesale_fx,5
2016-07-21,15.0425,series.ar.bcra.wholesale_fx,5
2016-07-22,14.9517,series.ar.bcra.wholesale_fx,5
2016-07-25,14.9267,series.ar.bcra.wholesale_fx,5
2016-07-26,14.9583,series.ar.bcra.wholesale_fx,5
2016-07-27,14.9783,series.ar.bcra.wholesale_fx,5
2016-07-28,15.0275,series.ar.bcra.wholesale_fx,5
2016-07-29,15.0447,series.ar.bcra.wholesale_fx,5
2016-08-01,14.9858,series.ar.bcra.wholesale_fx,5
2016-08-02,14.8542,series.ar.bcra.wholesale_fx,5
2016-08-03,14.8675,series.ar.bcra.wholesale_fx,5
2016-08-04,14.8812,series.ar.bcra.wholesale_fx,5
2016-08-05,14.8483,series.ar.bcra.wholesale_fx,5
2016-08-08,14.7908,series.ar.bcra.wholesale_fx,5
2016-08-09,14.7675,series.ar.bcra.wholesale_fx,5
2016-08-10,14.7472,series.ar.bcra.wholesale_fx,5
2016-08-11,14.6583,series.ar.bcra.wholesale_fx,5
2016-08-12,14.6525,series.ar.bcra.wholesale_fx,5
2016-08-16,14.6702,series.ar.bcra.wholesale_fx,5
2016-08-17,14.6975,series.ar.bcra.wholesale_fx,5
2016-08-18,14.8525,series.ar.bcra.wholesale_fx,5
2016-08-19,14.9425,series.ar.bcra.wholesale_fx,5
2016-08-22,14.8995,series.ar.bcra.wholesale_fx,5
2016-08-23,14.8325,series.ar.bcra.wholesale_fx,5
2016-08-24,14.8747,series.ar.bcra.wholesale_fx,5
2016-08-25,14.8837,series.ar.bcra.wholesale_fx,5
2016-08-26,14.929,series.ar.bcra.wholesale_fx,5
2016-08-29,15.0608,series.ar.bcra.wholesale_fx,5
2016-08-30,15.0988,series.ar.bcra.wholesale_fx,5
2016-08-31,14.9008,series.ar.bcra.wholesale_fx,5
2016-09-01,14.8843,series.ar.bcra.wholesale_fx,5
2016-09-02,14.9,series.ar.bcra.wholesale_fx,5
2016-09-05,14.995,series.ar.bcra.wholesale_fx,5
2016-09-06,15.0067,series.ar.bcra.wholesale_fx,5
2016-09-07,15.025,series.ar.bcra.wholesale_fx,5
2016-09-08,15.0665,series.ar.bcra.wholesale_fx,5
2016-09-09,15.0577,series.ar.bcra.wholesale_fx,5
2016-09-12,14.9887,series.ar.bcra.wholesale_fx,5
2016-09-13,14.9125,series.ar.bcra.wholesale_fx,5
2016-09-14,15.0275,series.ar.bcra.wholesale_fx,5
2016-09-15,15.0402,series.ar.bcra.wholesale_fx,5
2016-09-16,15.0892,series.ar.bcra.wholesale_fx,5
2016-09-19,15.1508,series.ar.bcra.wholesale_fx,5
2016-09-20,15.1617,series.ar.bcra.wholesale_fx,5
2016-09-21,15.1365,series.ar.bcra.wholesale_fx,5
2016-09-22,15.1682,series.ar.bcra.wholesale_fx,5
2016-09-23,15.1607,series.ar.bcra.wholesale_fx,5
2016-09-26,15.2067,series.ar.bcra.wholesale_fx,5
2016-09-27,15.2677,series.ar.bcra.wholesale_fx,5
2016-09-28,15.305,series.ar.bcra.wholesale_fx,5
2016-09-29,15.4023,series.ar.bcra.wholesale_fx,5
2016-09-30,15.2633,series.ar.bcra.wholesale_fx,5
2016-10-03,15.225,series.ar.bcra.wholesale_fx,5
2016-10-04,15.18,series.ar.bcra.wholesale_fx,5
2016-10-05,15.1825,series.ar.bcra.wholesale_fx,5
2016-10-06,15.2232,series.ar.bcra.wholesale_fx,5
2016-10-07,15.2092,series.ar.bcra.wholesale_fx,5
2016-10-11,15.1862,series.ar.bcra.wholesale_fx,5
2016-10-12,15.1522,series.ar.bcra.wholesale_fx,5
2016-10-13,15.1152,series.ar.bcra.wholesale_fx,5
2016-10-14,15.1217,series.ar.bcra.wholesale_fx,5
2016-10-17,15.21,series.ar.bcra.wholesale_fx,5
2016-10-18,15.2015,series.ar.bcra.wholesale_fx,5
2016-10-19,15.2065,series.ar.bcra.wholesale_fx,5
2016-10-20,15.1817,series.ar.bcra.wholesale_fx,5
2016-10-21,15.1503,series.ar.bcra.wholesale_fx,5
2016-10-24,15.1183,series.ar.bcra.wholesale_fx,5
2016-10-25,15.1922,series.ar.bcra.wholesale_fx,5
2016-10-26,15.2242,series.ar.bcra.wholesale_fx,5
2016-10-27,15.1797,series.ar.bcra.wholesale_fx,5
2016-10-28,15.1858,series.ar.bcra.wholesale_fx,5
2016-10-31,15.1745,series.ar.bcra.wholesale_fx,5
2016-11-01,15.1252,series.ar.bcra.wholesale_fx,5
2016-11-02,15.0842,series.ar.bcra.wholesale_fx,5
2016-11-03,15.125,series.ar.bcra.wholesale_fx,5
2016-11-04,15.0745,series.ar.bcra.wholesale_fx,5
2016-11-07,15.0367,series.ar.bcra.wholesale_fx,5
2016-11-08,15.0393,series.ar.bcra.wholesale_fx,5
2016-11-09,15.02,series.ar.bcra.wholesale_fx,5
2016-11-10,15.0183,series.ar.bcra.wholesale_fx,5
2016-11-11,15.2217,series.ar.bcra.wholesale_fx,5
2016-11-14,15.5308,series.ar.bcra.wholesale_fx,5
2016-11-15,15.5417,series.ar.bcra.wholesale_fx,5
2016-11-16,15.55,series.ar.bcra.wholesale_fx,5
2016-11-17,15.4735,series.ar.bcra.wholesale_fx,5
2016-11-18,15.4817,series.ar.bcra.wholesale_fx,5
2016-11-21,15.399,series.ar.bcra.wholesale_fx,5
2016-11-22,15.406,series.ar.bcra.wholesale_fx,5
2016-11-23,15.531,series.ar.bcra.wholesale_fx,5
2016-11-24,15.53,series.ar.bcra.wholesale_fx,5
2016-11-25,15.535,series.ar.bcra.wholesale_fx,5
2016-11-29,15.5702,series.ar.bcra.wholesale_fx,5
2016-11-30,15.8442,series.ar.bcra.wholesale_fx,5
2016-12-01,15.874,series.ar.bcra.wholesale_fx,5
2016-12-02,15.877,series.ar.bcra.wholesale_fx,5
2016-12-05,15.9397,series.ar.bcra.wholesale_fx,5
2016-12-06,15.8683,series.ar.bcra.wholesale_fx,5
2016-12-07,15.958,series.ar.bcra.wholesale_fx,5
2016-12-12,16.0392,series.ar.bcra.wholesale_fx,5
2016-12-13,16.0183,series.ar.bcra.wholesale_fx,5
2016-12-14,15.9133,series.ar.bcra.wholesale_fx,5
2016-12-15,15.9992,series.ar.bcra.wholesale_fx,5
2016-12-16,15.9523,series.ar.bcra.wholesale_fx,5
2016-12-19,15.8567,series.ar.bcra.wholesale_fx,5
2016-12-20,15.8273,series.ar.bcra.wholesale_fx,5
2016-12-21,15.8648,series.ar.bcra.wholesale_fx,5
2016-12-22,15.7733,series.ar.bcra.wholesale_fx,5
2016-12-23,15.5993,series.ar.bcra.wholesale_fx,5
2016-12-26,15.5525,series.ar.bcra.wholesale_fx,5
2016-12-27,15.5225,series.ar.bcra.wholesale_fx,5
2016-12-28,15.5725,series.ar.bcra.wholesale_fx,5
2016-12-29,15.7333,series.ar.bcra.wholesale_fx,5
2016-12-30,15.8502,series.ar.bcra.wholesale_fx,5
2017-01-02,15.9192,series.ar.bcra.wholesale_fx,5
2017-01-03,15.8955,series.ar.bcra.wholesale_fx,5
2017-01-04,16.0533,series.ar.bcra.wholesale_fx,5
2017-01-05,15.9942,series.ar.bcra.wholesale_fx,5
2017-01-06,15.8535,series.ar.bcra.wholesale_fx,5
2017-01-09,15.8083,series.ar.bcra.wholesale_fx,5
2017-01-10,15.8677,series.ar.bcra.wholesale_fx,5
2017-01-11,15.8575,series.ar.bcra.wholesale_fx,5
2017-01-12,15.8208,series.ar.bcra.wholesale_fx,5
2017-01-13,15.843,series.ar.bcra.wholesale_fx,5
2017-01-16,15.8695,series.ar.bcra.wholesale_fx,5
2017-01-17,15.8827,series.ar.bcra.wholesale_fx,5
2017-01-18,15.9517,series.ar.bcra.wholesale_fx,5
2017-01-19,15.9783,series.ar.bcra.wholesale_fx,5
2017-01-20,15.8567,series.ar.bcra.wholesale_fx,5
2017-01-23,15.9218,series.ar.bcra.wholesale_fx,5
2017-01-24,15.9558,series.ar.bcra.wholesale_fx,5
2017-01-25,15.9312,series.ar.bcra.wholesale_fx,5
2017-01-26,15.9448,series.ar.bcra.wholesale_fx,5
2017-01-27,15.8908,series.ar.bcra.wholesale_fx,5
2017-01-30,15.935,series.ar.bcra.wholesale_fx,5
2017-01-31,15.9117,series.ar.bcra.wholesale_fx,5
2017-02-01,15.835,series.ar.bcra.wholesale_fx,5
2017-02-02,15.7235,series.ar.bcra.wholesale_fx,5
2017-02-03,15.6542,series.ar.bcra.wholesale_fx,5
2017-02-06,15.6175,series.ar.bcra.wholesale_fx,5
2017-02-07,15.7212,series.ar.bcra.wholesale_fx,5
2017-02-08,15.685,series.ar.bcra.wholesale_fx,5
2017-02-09,15.6325,series.ar.bcra.wholesale_fx,5
2017-02-10,15.5483,series.ar.bcra.wholesale_fx,5
2017-02-13,15.5262,series.ar.bcra.wholesale_fx,5
2017-02-14,15.4845,series.ar.bcra.wholesale_fx,5
2017-02-15,15.4587,series.ar.bcra.wholesale_fx,5
2017-02-16,15.3675,series.ar.bcra.wholesale_fx,5
2017-02-17,15.575,series.ar.bcra.wholesale_fx,5
2017-02-20,15.715,series.ar.bcra.wholesale_fx,5
2017-02-21,15.6642,series.ar.bcra.wholesale_fx,5
2017-02-22,15.5358,series.ar.bcra.wholesale_fx,5
2017-02-23,15.5698,series.ar.bcra.wholesale_fx,5
2017-02-24,15.455,series.ar.bcra.wholesale_fx,5
2017-03-01,15.477,series.ar.bcra.wholesale_fx,5
2017-03-02,15.3875,series.ar.bcra.wholesale_fx,5
2017-03-03,15.45,series.ar.bcra.wholesale_fx,5
2017-03-06,15.4375,series.ar.bcra.wholesale_fx,5
2017-03-07,15.5008,series.ar.bcra.wholesale_fx,5
2017-03-08,15.5933,series.ar.bcra.wholesale_fx,5
2017-03-09,15.625,series.ar.bcra.wholesale_fx,5
2017-03-10,15.4767,series.ar.bcra.wholesale_fx,5
2017-03-13,15.5163,series.ar.bcra.wholesale_fx,5
2017-03-14,15.5358,series.ar.bcra.wholesale_fx,5
2017-03-15,15.5467,series.ar.bcra.wholesale_fx,5
2017-03-16,15.5283,series.ar.bcra.wholesale_fx,5
2017-03-17,15.5342,series.ar.bcra.wholesale_fx,5
2017-03-20,15.6687,series.ar.bcra.wholesale_fx,5
2017-03-21,15.6353,series.ar.bcra.wholesale_fx,5
2017-03-22,15.5815,series.ar.bcra.wholesale_fx,5
2017-03-23,15.626,series.ar.bcra.wholesale_fx,5
2017-03-27,15.6075,series.ar.bcra.wholesale_fx,5
2017-03-28,15.5433,series.ar.bcra.wholesale_fx,5
2017-03-29,15.4678,series.ar.bcra.wholesale_fx,5
2017-03-30,15.3998,series.ar.bcra.wholesale_fx,5
2017-03-31,15.3818,series.ar.bcra.wholesale_fx,5
2017-04-03,15.4175,series.ar.bcra.wholesale_fx,5
2017-04-04,15.379,series.ar.bcra.wholesale_fx,5
2017-04-05,15.352,series.ar.bcra.wholesale_fx,5
2017-04-06,15.4075,series.ar.bcra.wholesale_fx,5
2017-04-07,15.3745,series.ar.bcra.wholesale_fx,5
2017-04-10,15.3293,series.ar.bcra.wholesale_fx,5
2017-04-11,15.2393,series.ar.bcra.wholesale_fx,5
2017-04-12,15.1742,series.ar.bcra.wholesale_fx,5
2017-04-17,15.2098,series.ar.bcra.wholesale_fx,5
2017-04-18,15.2255,series.ar.bcra.wholesale_fx,5
2017-04-19,15.4167,series.ar.bcra.wholesale_fx,5
2017-04-20,15.4042,series.ar.bcra.wholesale_fx,5
2017-04-21,15.393,series.ar.bcra.wholesale_fx,5
2017-04-24,15.4192,series.ar.bcra.wholesale_fx,5
2017-04-25,15.4142,series.ar.bcra.wholesale_fx,5
2017-04-26,15.4432,series.ar.bcra.wholesale_fx,5
2017-04-27,15.4532,series.ar.bcra.wholesale_fx,5
2017-04-28,15.4268,series.ar.bcra.wholesale_fx,5
2017-05-02,15.3258,series.ar.bcra.wholesale_fx,5
2017-05-03,15.2687,series.ar.bcra.wholesale_fx,5
2017-05-04,15.3722,series.ar.bcra.wholesale_fx,5
2017-05-05,15.335,series.ar.bcra.wholesale_fx,5
2017-05-08,15.3908,series.ar.bcra.wholesale_fx,5
2017-05-09,15.5467,series.ar.bcra.wholesale_fx,5
2017-05-10,15.5347,series.ar.bcra.wholesale_fx,5
2017-05-11,15.4575,series.ar.bcra.wholesale_fx,5
2017-05-12,15.4127,series.ar.bcra.wholesale_fx,5
2017-05-15,15.4848,series.ar.bcra.wholesale_fx,5
2017-05-16,15.5928,series.ar.bcra.wholesale_fx,5
2017-05-17,15.6248,series.ar.bcra.wholesale_fx,5
2017-05-18,15.9108,series.ar.bcra.wholesale_fx,5
2017-05-19,15.8858,series.ar.bcra.wholesale_fx,5
2017-05-22,16.07,series.ar.bcra.wholesale_fx,5
2017-05-23,16.0967,series.ar.bcra.wholesale_fx,5
2017-05-24,16.0975,series.ar.bcra.wholesale_fx,5
2017-05-26,16.0383,series.ar.bcra.wholesale_fx,5
2017-05-29,16.0075,series.ar.bcra.wholesale_fx,5
2017-05-30,16.0658,series.ar.bcra.wholesale_fx,5
2017-05-31,16.142,series.ar.bcra.wholesale_fx,5
2017-06-01,16.0577,series.ar.bcra.wholesale_fx,5
2017-06-02,16.0313,series.ar.bcra.wholesale_fx,5
2017-06-05,16.031,series.ar.bcra.wholesale_fx,5
2017-06-06,16.0075,series.ar.bcra.wholesale_fx,5
2017-06-07,16.0055,series.ar.bcra.wholesale_fx,5
2017-06-08,15.9892,series.ar.bcra.wholesale_fx,5
2017-06-09,15.9,series.ar.bcra.wholesale_fx,5
2017-06-12,15.9317,series.ar.bcra.wholesale_fx,5
2017-06-13,15.892,series.ar.bcra.wholesale_fx,5
2017-06-14,15.851,series.ar.bcra.wholesale_fx,5
2017-06-15,15.9243,series.ar.bcra.wholesale_fx,5
2017-06-16,16.0097,series.ar.bcra.wholesale_fx,5
2017-06-19,16.0662,series.ar.bcra.wholesale_fx,5
2017-06-21,16.3575,series.ar.bcra.wholesale_fx,5
2017-06-22,16.1875,series.ar.bcra.wholesale_fx,5
2017-06-23,16.13,series.ar.bcra.wholesale_fx,5
2017-06-26,16.2388,series.ar.bcra.wholesale_fx,5
2017-06-27,16.39,series.ar.bcra.wholesale_fx,5
2017-06-28,16.369,series.ar.bcra.wholesale_fx,5
2017-06-29,16.481,series.ar.bcra.wholesale_fx,5
2017-06-30,16.5985,series.ar.bcra.wholesale_fx,5
2017-07-03,16.6817,series.ar.bcra.wholesale_fx,5
2017-07-04,16.8733,series.ar.bcra.wholesale_fx,5
2017-07-05,17.0018,series.ar.bcra.wholesale_fx,5
2017-07-06,17.1483,series.ar.bcra.wholesale_fx,5
2017-07-07,16.9743,series.ar.bcra.wholesale_fx,5
2017-07-10,16.99,series.ar.bcra.wholesale_fx,5
2017-07-11,16.993,series.ar.bcra.wholesale_fx,5
2017-07-12,16.9717,series.ar.bcra.wholesale_fx,5
2017-07-13,16.9517,series.ar.bcra.wholesale_fx,5
2017-07-14,16.8697,series.ar.bcra.wholesale_fx,5
2017-07-17,16.8758,series.ar.bcra.wholesale_fx,5
2017-07-18,17.0267,series.ar.bcra.wholesale_fx,5
2017-07-19,17.3117,series.ar.bcra.wholesale_fx,5
2017-07-20,17.1258,series.ar.bcra.wholesale_fx,5
2017-07-21,17.3383,series.ar.bcra.wholesale_fx,5
2017-07-24,17.5367,series.ar.bcra.wholesale_fx,5
2017-07-25,17.4092,series.ar.bcra.wholesale_fx,5
2017-07-26,17.4743,series.ar.bcra.wholesale_fx,5
2017-07-27,17.5617,series.ar.bcra.wholesale_fx,5
2017-07-28,17.7642,series.ar.bcra.wholesale_fx,5
2017-07-31,17.67,series.ar.bcra.wholesale_fx,5
2017-08-01,17.6135,series.ar.bcra.wholesale_fx,5
2017-08-02,17.5648,series.ar.bcra.wholesale_fx,5
2017-08-03,17.6408,series.ar.bcra.wholesale_fx,5
2017-08-04,17.6517,series.ar.bcra.wholesale_fx,5
2017-08-07,17.7017,series.ar.bcra.wholesale_fx,5
2017-08-08,17.7128,series.ar.bcra.wholesale_fx,5
2017-08-09,17.7833,series.ar.bcra.wholesale_fx,5
2017-08-10,17.7298,series.ar.bcra.wholesale_fx,5
2017-08-11,17.712,series.ar.bcra.wholesale_fx,5
2017-08-14,17.1533,series.ar.bcra.wholesale_fx,5
2017-08-15,17.0583,series.ar.bcra.wholesale_fx,5
2017-08-16,17.1117,series.ar.bcra.wholesale_fx,5
2017-08-17,17.2665,series.ar.bcra.wholesale_fx,5
2017-08-18,17.2822,series.ar.bcra.wholesale_fx,5
2017-08-22,17.2287,series.ar.bcra.wholesale_fx,5
2017-08-23,17.2248,series.ar.bcra.wholesale_fx,5
2017-08-24,17.1767,series.ar.bcra.wholesale_fx,5
2017-08-25,17.2223,series.ar.bcra.wholesale_fx,5
2017-08-28,17.2155,series.ar.bcra.wholesale_fx,5
2017-08-29,17.308,series.ar.bcra.wholesale_fx,5
2017-08-30,17.4403,series.ar.bcra.wholesale_fx,5
2017-08-31,17.365,series.ar.bcra.wholesale_fx,5
2017-09-01,17.2367,series.ar.bcra.wholesale_fx,5
2017-09-04,17.2425,series.ar.bcra.wholesale_fx,5
2017-09-05,17.2583,series.ar.bcra.wholesale_fx,5
2017-09-06,17.2183,series.ar.bcra.wholesale_fx,5
2017-09-07,17.2165,series.ar.bcra.wholesale_fx,5
2017-09-08,17.2083,series.ar.bcra.wholesale_fx,5
2017-09-11,17.2012,series.ar.bcra.wholesale_fx,5
2017-09-12,17.1125,series.ar.bcra.wholesale_fx,5
2017-09-13,17.0583,series.ar.bcra.wholesale_fx,5
2017-09-14,17.0123,series.ar.bcra.wholesale_fx,5
2017-09-15,16.972,series.ar.bcra.wholesale_fx,5
2017-09-18,17.0558,series.ar.bcra.wholesale_fx,5
2017-09-19,17.1983,series.ar.bcra.wholesale_fx,5
2017-09-20,17.1483,series.ar.bcra.wholesale_fx,5
2017-09-21,17.2755,series.ar.bcra.wholesale_fx,5
2017-09-22,17.3,series.ar.bcra.wholesale_fx,5
2017-09-25,17.4087,series.ar.bcra.wholesale_fx,5
2017-09-26,17.6108,series.ar.bcra.wholesale_fx,5
2017-09-27,17.567,series.ar.bcra.wholesale_fx,5
2017-09-28,17.5562,series.ar.bcra.wholesale_fx,5
2017-09-29,17.3183,series.ar.bcra.wholesale_fx,5
2017-10-02,17.3475,series.ar.bcra.wholesale_fx,5
2017-10-03,17.4283,series.ar.bcra.wholesale_fx,5
2017-10-04,17.3623,series.ar.bcra.wholesale_fx,5
2017-10-05,17.342,series.ar.bcra.wholesale_fx,5
2017-10-06,17.5117,series.ar.bcra.wholesale_fx,5
2017-10-09,17.47,series.ar.bcra.wholesale_fx,5
2017-10-10,17.4425,series.ar.bcra.wholesale_fx,5
2017-10-11,17.4312,series.ar.bcra.wholesale_fx,5
2017-10-12,17.4342,series.ar.bcra.wholesale_fx,5
2017-10-13,17.361,series.ar.bcra.wholesale_fx,5
2017-10-17,17.3793,series.ar.bcra.wholesale_fx,5
2017-10-18,17.325,series.ar.bcra.wholesale_fx,5
2017-10-19,17.4025,series.ar.bcra.wholesale_fx,5
2017-10-20,17.471,series.ar.bcra.wholesale_fx,5
2017-10-23,17.3217,series.ar.bcra.wholesale_fx,5
2017-10-24,17.495,series.ar.bcra.wholesale_fx,5
2017-10-25,17.4458,series.ar.bcra.wholesale_fx,5
2017-10-26,17.5308,series.ar.bcra.wholesale_fx,5
2017-10-27,17.6775,series.ar.bcra.wholesale_fx,5
2017-10-30,17.6578,series.ar.bcra.wholesale_fx,5
2017-10-31,17.6713,series.ar.bcra.wholesale_fx,5
2017-11-01,17.6492,series.ar.bcra.wholesale_fx,5
2017-11-02,17.5733,series.ar.bcra.wholesale_fx,5
2017-11-03,17.5642,series.ar.bcra.wholesale_fx,5
2017-11-07,17.6703,series.ar.bcra.wholesale_fx,5
2017-11-08,17.5575,series.ar.bcra.wholesale_fx,5
2017-11-09,17.537,series.ar.bcra.wholesale_fx,5
2017-11-10,17.5158,series.ar.bcra.wholesale_fx,5
2017-11-13,17.5367,series.ar.bcra.wholesale_fx,5
2017-11-14,17.4898,series.ar.bcra.wholesale_fx,5
2017-11-15,17.5325,series.ar.bcra.wholesale_fx,5
2017-11-16,17.4942,series.ar.bcra.wholesale_fx,5
2017-11-17,17.4867,series.ar.bcra.wholesale_fx,5
2017-11-21,17.5102,series.ar.bcra.wholesale_fx,5
2017-11-22,17.4672,series.ar.bcra.wholesale_fx,5
2017-11-23,17.4232,series.ar.bcra.wholesale_fx,5
2017-11-24,17.3715,series.ar.bcra.wholesale_fx,5
2017-11-27,17.3338,series.ar.bcra.wholesale_fx,5
2017-11-28,17.3307,series.ar.bcra.wholesale_fx,5
2017-11-29,17.4217,series.ar.bcra.wholesale_fx,5
2017-11-30,17.3845,series.ar.bcra.wholesale_fx,5
2017-12-01,17.26,series.ar.bcra.wholesale_fx,5
2017-12-04,17.2608,series.ar.bcra.wholesale_fx,5
2017-12-05,17.3513,series.ar.bcra.wholesale_fx,5
2017-12-06,17.2862,series.ar.bcra.wholesale_fx,5
2017-12-07,17.3058,series.ar.bcra.wholesale_fx,5
2017-12-11,17.2697,series.ar.bcra.wholesale_fx,5
2017-12-12,17.2635,series.ar.bcra.wholesale_fx,5
2017-12-13,17.315,series.ar.bcra.wholesale_fx,5
2017-12-14,17.3567,series.ar.bcra.wholesale_fx,5
2017-12-15,17.5517,series.ar.bcra.wholesale_fx,5
2017-12-18,17.5642,series.ar.bcra.wholesale_fx,5
2017-12-19,17.5658,series.ar.bcra.wholesale_fx,5
2017-12-20,17.7808,series.ar.bcra.wholesale_fx,5
2017-12-21,17.87,series.ar.bcra.wholesale_fx,5
2017-12-22,18.0108,series.ar.bcra.wholesale_fx,5
2017-12-26,18.2495,series.ar.bcra.wholesale_fx,5
2017-12-27,18.435,series.ar.bcra.wholesale_fx,5
2017-12-28,18.83,series.ar.bcra.wholesale_fx,5
2017-12-29,18.7742,series.ar.bcra.wholesale_fx,5
2018-01-02,18.55,series.ar.bcra.wholesale_fx,5
2018-01-03,18.4158,series.ar.bcra.wholesale_fx,5
2018-01-04,18.605,series.ar.bcra.wholesale_fx,5
2018-01-05,18.8608,series.ar.bcra.wholesale_fx,5
2018-01-08,19.0725,series.ar.bcra.wholesale_fx,5
2018-01-09,19.0458,series.ar.bcra.wholesale_fx,5
2018-01-10,18.7217,series.ar.bcra.wholesale_fx,5
2018-01-11,18.6517,series.ar.bcra.wholesale_fx,5
2018-01-12,18.715,series.ar.bcra.wholesale_fx,5
2018-01-15,18.7208,series.ar.bcra.wholesale_fx,5
2018-01-16,18.8258,series.ar.bcra.wholesale_fx,5
2018-01-17,18.8917,series.ar.bcra.wholesale_fx,5
2018-01-18,18.8525,series.ar.bcra.wholesale_fx,5
2018-01-19,18.9625,series.ar.bcra.wholesale_fx,5
2018-01-22,19.07,series.ar.bcra.wholesale_fx,5
2018-01-23,19.3167,series.ar.bcra.wholesale_fx,5
2018-01-24,19.5258,series.ar.bcra.wholesale_fx,5
2018-01-25,19.4933,series.ar.bcra.wholesale_fx,5
2018-01-26,19.5217,series.ar.bcra.wholesale_fx,5
2018-01-29,19.5717,series.ar.bcra.wholesale_fx,5
2018-01-30,19.5955,series.ar.bcra.wholesale_fx,5
2018-01-31,19.6525,series.ar.bcra.wholesale_fx,5
2018-02-01,19.47,series.ar.bcra.wholesale_fx,5
2018-02-02,19.5,series.ar.bcra.wholesale_fx,5
2018-02-05,19.5335,series.ar.bcra.wholesale_fx,5
2018-02-06,19.69,series.ar.bcra.wholesale_fx,5
2018-02-07,19.6242,series.ar.bcra.wholesale_fx,5
2018-02-08,19.8408,series.ar.bcra.wholesale_fx,5
2018-02-09,20.1258,series.ar.bcra.wholesale_fx,5
2018-02-14,20.025,series.ar.bcra.wholesale_fx,5
2018-02-15,19.7367,series.ar.bcra.wholesale_fx,5
2018-02-16,19.6667,series.ar.bcra.wholesale_fx,5
2018-02-19,19.8375,series.ar.bcra.wholesale_fx,5
2018-02-20,19.9375,series.ar.bcra.wholesale_fx,5
2018-02-21,19.9208,series.ar.bcra.wholesale_fx,5
2018-02-22,19.9407,series.ar.bcra.wholesale_fx,5
2018-02-23,19.9683,series.ar.bcra.wholesale_fx,5
2018-02-26,20.0442,series.ar.bcra.wholesale_fx,5
2018-02-27,20.16,series.ar.bcra.wholesale_fx,5
2018-02-28,20.115,series.ar.bcra.wholesale_fx,5
2018-03-01,20.162,series.ar.bcra.wholesale_fx,5
2018-03-02,20.2308,series.ar.bcra.wholesale_fx,5
2018-03-05,20.2942,series.ar.bcra.wholesale_fx,5
2018-03-06,20.1982,series.ar.bcra.wholesale_fx,5
2018-03-07,20.3492,series.ar.bcra.wholesale_fx,5
2018-03-08,20.3875,series.ar.bcra.wholesale_fx,5
2018-03-09,20.2725,series.ar.bcra.wholesale_fx,5
2018-03-12,20.2192,series.ar.bcra.wholesale_fx,5
2018-03-13,20.1887,series.ar.bcra.wholesale_fx,5
2018-03-14,20.1927,series.ar.bcra.wholesale_fx,5
2018-03-15,20.2665,series.ar.bcra.wholesale_fx,5
2018-03-16,20.2918,series.ar.bcra.wholesale_fx,5
2018-03-19,20.2525,series.ar.bcra.wholesale_fx,5
2018-03-20,20.239,series.ar.bcra.wholesale_fx,5
2018-03-21,20.2805,series.ar.bcra.wholesale_fx,5
2018-03-22,20.2465,series.ar.bcra.wholesale_fx,5
2018-03-23,20.2142,series.ar.bcra.wholesale_fx,5
2018-03-26,20.1642,series.ar.bcra.wholesale_fx,5
2018-03-27,20.1625,series.ar.bcra.wholesale_fx,5
2018-03-28,20.1433,series.ar.bcra.wholesale_fx,5
2018-04-03,20.1648,series.ar.bcra.wholesale_fx,5
2018-04-04,20.198,series.ar.bcra.wholesale_fx,5
2018-04-05,20.1842,series.ar.bcra.wholesale_fx,5
2018-04-06,20.2125,series.ar.bcra.wholesale_fx,5
2018-04-09,20.1937,series.ar.bcra.wholesale_fx,5
2018-04-10,20.1908,series.ar.bcra.wholesale_fx,5
2018-04-11,20.1598,series.ar.bcra.wholesale_fx,5
2018-04-12,20.1693,series.ar.bcra.wholesale_fx,5
2018-04-13,20.2077,series.ar.bcra.wholesale_fx,5
2018-04-16,20.2163,series.ar.bcra.wholesale_fx,5
2018-04-17,20.181,series.ar.bcra.wholesale_fx,5
2018-04-18,20.145,series.ar.bcra.wholesale_fx,5
2018-04-19,20.1557,series.ar.bcra.wholesale_fx,5
2018-04-20,20.1862,series.ar.bcra.wholesale_fx,5
2018-04-23,20.2455,series.ar.bcra.wholesale_fx,5
2018-04-24,20.2533,series.ar.bcra.wholesale_fx,5
2018-04-25,20.2595,series.ar.bcra.wholesale_fx,5
2018-04-26,20.4475,series.ar.bcra.wholesale_fx,5
2018-04-27,20.6917,series.ar.bcra.wholesale_fx,5
2018-05-02,20.9658,series.ar.bcra.wholesale_fx,5
2018-05-03,21.7492,series.ar.bcra.wholesale_fx,5
2018-05-04,21.6958,series.ar.bcra.wholesale_fx,5
2018-05-07,21.825,series.ar.bcra.wholesale_fx,5
2018-05-08,22.7633,series.ar.bcra.wholesale_fx,5
2018-05-09,22.5683,series.ar.bcra.wholesale_fx,5
2018-05-10,22.6305,series.ar.bcra.wholesale_fx,5
2018-05-11,23.2333,series.ar.bcra.wholesale_fx,5
2018-05-14,24.7683,series.ar.bcra.wholesale_fx,5
2018-05-15,24.7997,series.ar.bcra.wholesale_fx,5
2018-05-16,24.0367,series.ar.bcra.wholesale_fx,5
2018-05-17,24.3292,series.ar.bcra.wholesale_fx,5
2018-05-18,24.6033,series.ar.bcra.wholesale_fx,5
2018-05-21,24.2692,series.ar.bcra.wholesale_fx,5
2018-05-22,24.3617,series.ar.bcra.wholesale_fx,5
2018-05-23,24.4352,series.ar.bcra.wholesale_fx,5
2018-05-24,24.5567,series.ar.bcra.wholesale_fx,5
2018-05-28,24.7,series.ar.bcra.wholesale_fx,5
2018-05-29,24.9,series.ar.bcra.wholesale_fx,5
2018-05-30,24.905,series.ar.bcra.wholesale_fx,5
2018-05-31,24.9475,series.ar.bcra.wholesale_fx,5
2018-06-01,24.9625,series.ar.bcra.wholesale_fx,5
2018-06-04,24.9592,series.ar.bcra.wholesale_fx,5
2018-06-05,24.9653,series.ar.bcra.wholesale_fx,5
2018-06-06,24.9195,series.ar.bcra.wholesale_fx,5
2018-06-07,24.9703,series.ar.bcra.wholesale_fx,5
2018-06-08,25.4733,series.ar.bcra.wholesale_fx,5
2018-06-11,25.4292,series.ar.bcra.wholesale_fx,5
2018-06-12,25.8617,series.ar.bcra.wholesale_fx,5
2018-06-13,25.7283,series.ar.bcra.wholesale_fx,5
2018-06-14,27.0617,series.ar.bcra.wholesale_fx,5
2018-06-15,27.8767,series.ar.bcra.wholesale_fx,5
2018-06-18,27.8967,series.ar.bcra.wholesale_fx,5
2018-06-19,27.7133,series.ar.bcra.wholesale_fx,5
2018-06-21,27.5533,series.ar.bcra.wholesale_fx,5
2018-06-22,27.2042,series.ar.bcra.wholesale_fx,5
2018-06-25,27.0167,series.ar.bcra.wholesale_fx,5
2018-06-26,27.1217,series.ar.bcra.wholesale_fx,5
2018-06-27,27.2967,series.ar.bcra.wholesale_fx,5
2018-06-28,27.8117,series.ar.bcra.wholesale_fx,5
2018-06-29,28.8617,series.ar.bcra.wholesale_fx,5
2018-07-02,28.7217,series.ar.bcra.wholesale_fx,5
2018-07-03,27.9417,series.ar.bcra.wholesale_fx,5
2018-07-04,28.0317,series.ar.bcra.wholesale_fx,5
2018-07-05,28.1675,series.ar.bcra.wholesale_fx,5
2018-07-06,28.08,series.ar.bcra.wholesale_fx,5
2018-07-10,27.5633,series.ar.bcra.wholesale_fx,5
2018-07-11,27.4592,series.ar.bcra.wholesale_fx,5
2018-07-12,27.1467,series.ar.bcra.wholesale_fx,5
2018-07-13,27.2467,series.ar.bcra.wholesale_fx,5
2018-07-16,27.2958,series.ar.bcra.wholesale_fx,5
2018-07-17,27.4883,series.ar.bcra.wholesale_fx,5
2018-07-18,27.6417,series.ar.bcra.wholesale_fx,5
2018-07-19,27.735,series.ar.bcra.wholesale_fx,5
2018-07-20,27.65,series.ar.bcra.wholesale_fx,5
2018-07-23,27.6283,series.ar.bcra.wholesale_fx,5
2018-07-24,27.4892,series.ar.bcra.wholesale_fx,5
2018-07-25,27.3592,series.ar.bcra.wholesale_fx,5
2018-07-26,27.44,series.ar.bcra.wholesale_fx,5
2018-07-27,27.3517,series.ar.bcra.wholesale_fx,5
2018-07-30,27.3392,series.ar.bcra.wholesale_fx,5
2018-07-31,27.3425,series.ar.bcra.wholesale_fx,5
2018-08-01,27.5117,series.ar.bcra.wholesale_fx,5
2018-08-02,27.6008,series.ar.bcra.wholesale_fx,5
2018-08-03,27.3817,series.ar.bcra.wholesale_fx,5
2018-08-06,27.3733,series.ar.bcra.wholesale_fx,5
2018-08-07,27.2717,series.ar.bcra.wholesale_fx,5
2018-08-08,27.5233,series.ar.bcra.wholesale_fx,5
2018-08-09,27.97,series.ar.bcra.wholesale_fx,5
2018-08-10,29.2,series.ar.bcra.wholesale_fx,5
2018-08-13,30.0083,series.ar.bcra.wholesale_fx,5
2018-08-14,29.415,series.ar.bcra.wholesale_fx,5
2018-08-15,30.005,series.ar.bcra.wholesale_fx,5
2018-08-16,29.81,series.ar.bcra.wholesale_fx,5
2018-08-17,29.7942,series.ar.bcra.wholesale_fx,5
2018-08-21,29.9667,series.ar.bcra.wholesale_fx,5
2018-08-22,30.195,series.ar.bcra.wholesale_fx,5
2018-08-23,30.2017,series.ar.bcra.wholesale_fx,5
2018-08-24,30.5683,series.ar.bcra.wholesale_fx,5
2018-08-27,30.9158,series.ar.bcra.wholesale_fx,5
2018-08-28,31.3517,series.ar.bcra.wholesale_fx,5
2018-08-29,31.9417,series.ar.bcra.wholesale_fx,5
2018-08-30,39.6083,series.ar.bcra.wholesale_fx,5
2018-08-31,37.125,series.ar.bcra.wholesale_fx,5
2018-09-03,38.0333,series.ar.bcra.wholesale_fx,5
2018-09-04,39.225,series.ar.bcra.wholesale_fx,5
2018-09-05,38.8117,series.ar.bcra.wholesale_fx,5
2018-09-06,37.6917,series.ar.bcra.wholesale_fx,5
2018-09-07,36.985,series.ar.bcra.wholesale_fx,5
2018-09-10,37.39,series.ar.bcra.wholesale_fx,5
2018-09-11,37.9158,series.ar.bcra.wholesale_fx,5
2018-09-12,37.8733,series.ar.bcra.wholesale_fx,5
2018-09-13,38.7117,series.ar.bcra.wholesale_fx,5
2018-09-14,39.7083,series.ar.bcra.wholesale_fx,5
2018-09-17,39.5792,series.ar.bcra.wholesale_fx,5
2018-09-18,39.7317,series.ar.bcra.wholesale_fx,5
2018-09-19,39.46,series.ar.bcra.wholesale_fx,5
2018-09-20,38.3117,series.ar.bcra.wholesale_fx,5
2018-09-21,37.575,series.ar.bcra.wholesale_fx,5
2018-09-24,37.3,series.ar.bcra.wholesale_fx,5
2018-09-25,38.4,series.ar.bcra.wholesale_fx,5
2018-09-26,38.69,series.ar.bcra.wholesale_fx,5
2018-09-27,39.51,series.ar.bcra.wholesale_fx,5
2018-09-28,40.8967,series.ar.bcra.wholesale_fx,5
2018-10-01,40.3417,series.ar.bcra.wholesale_fx,5
2018-10-02,38.1633,series.ar.bcra.wholesale_fx,5
2018-10-03,37.6083,series.ar.bcra.wholesale_fx,5
2018-10-04,38.5183,series.ar.bcra.wholesale_fx,5
2018-10-05,38.0167,series.ar.bcra.wholesale_fx,5
2018-10-08,37.545,series.ar.bcra.wholesale_fx,5
2018-10-09,37.2467,series.ar.bcra.wholesale_fx,5
2018-10-10,37.2933,series.ar.bcra.wholesale_fx,5
2018-10-11,36.9183,series.ar.bcra.wholesale_fx,5
2018-10-12,36.2383,series.ar.bcra.wholesale_fx,5
2018-10-16,36.3583,series.ar.bcra.wholesale_fx,5
2018-10-17,36.3033,series.ar.bcra.wholesale_fx,5
2018-10-18,36.4133,series.ar.bcra.wholesale_fx,5
2018-10-19,36.5533,series.ar.bcra.wholesale_fx,5
2018-10-22,36.4167,series.ar.bcra.wholesale_fx,5
2018-10-23,36.7733,series.ar.bcra.wholesale_fx,5
2018-10-24,36.5417,series.ar.bcra.wholesale_fx,5
2018-10-25,36.7883,series.ar.bcra.wholesale_fx,5
2018-10-26,36.785,series.ar.bcra.wholesale_fx,5
2018-10-29,36.7933,series.ar.bcra.wholesale_fx,5
2018-10-30,36.8317,series.ar.bcra.wholesale_fx,5
2018-10-31,36.1967,series.ar.bcra.wholesale_fx,5
2018-11-01,35.7433,series.ar.bcra.wholesale_fx,5
2018-11-02,35.59,series.ar.bcra.wholesale_fx,5
2018-11-05,35.5475,series.ar.bcra.wholesale_fx,5
2018-11-07,35.7617,series.ar.bcra.wholesale_fx,5
2018-11-08,35.6092,series.ar.bcra.wholesale_fx,5
2018-11-09,35.4883,series.ar.bcra.wholesale_fx,5
2018-11-12,35.505,series.ar.bcra.wholesale_fx,5
2018-11-13,35.885,series.ar.bcra.wholesale_fx,5
2018-11-14,36.1233,series.ar.bcra.wholesale_fx,5
2018-11-15,36.065,series.ar.bcra.wholesale_fx,5
2018-11-16,35.9767,series.ar.bcra.wholesale_fx,5
2018-11-20,36.2583,series.ar.bcra.wholesale_fx,5
2018-11-21,36.2733,series.ar.bcra.wholesale_fx,5
2018-11-22,36.425,series.ar.bcra.wholesale_fx,5
2018-11-23,36.8867,series.ar.bcra.wholesale_fx,5
2018-11-26,38.155,series.ar.bcra.wholesale_fx,5
2018-11-27,38.875,series.ar.bcra.wholesale_fx,5
2018-11-28,38.5317,series.ar.bcra.wholesale_fx,5
2018-11-29,38.0217,series.ar.bcra.wholesale_fx,5
2018-12-03,36.89,series.ar.bcra.wholesale_fx,5
2018-12-04,37.0617,series.ar.bcra.wholesale_fx,5
2018-12-05,37.9383,series.ar.bcra.wholesale_fx,5
2018-12-06,37.8567,series.ar.bcra.wholesale_fx,5
2018-12-07,37.3583,series.ar.bcra.wholesale_fx,5
2018-12-10,37.7017,series.ar.bcra.wholesale_fx,5
2018-12-11,37.6483,series.ar.bcra.wholesale_fx,5
2018-12-12,37.6367,series.ar.bcra.wholesale_fx,5
2018-12-13,37.8033,series.ar.bcra.wholesale_fx,5
2018-12-14,38.165,series.ar.bcra.wholesale_fx,5
2018-12-17,38.3217,series.ar.bcra.wholesale_fx,5
2018-12-18,38.2133,series.ar.bcra.wholesale_fx,5
2018-12-19,38.3017,series.ar.bcra.wholesale_fx,5
2018-12-20,38.07,series.ar.bcra.wholesale_fx,5
2018-12-21,38.0783,series.ar.bcra.wholesale_fx,5
2018-12-26,38.51,series.ar.bcra.wholesale_fx,5
2018-12-27,38.57,series.ar.bcra.wholesale_fx,5
2018-12-28,37.8083,series.ar.bcra.wholesale_fx,5
2019-01-02,37.9333,series.ar.bcra.wholesale_fx,5
2019-01-03,37.5517,series.ar.bcra.wholesale_fx,5
2019-01-04,37.39,series.ar.bcra.wholesale_fx,5
2019-01-07,37.3583,series.ar.bcra.wholesale_fx,5
2019-01-08,37.3742,series.ar.bcra.wholesale_fx,5
2019-01-09,37.4708,series.ar.bcra.wholesale_fx,5
2019-01-10,37.3092,series.ar.bcra.wholesale_fx,5
2019-01-11,37.1033,series.ar.bcra.wholesale_fx,5
2019-01-14,37.095,series.ar.bcra.wholesale_fx,5
2019-01-15,37.135,series.ar.bcra.wholesale_fx,5
2019-01-16,37.3567,series.ar.bcra.wholesale_fx,5
2019-01-17,37.7383,series.ar.bcra.wholesale_fx,5
2019-01-18,37.62,series.ar.bcra.wholesale_fx,5
2019-01-21,37.705,series.ar.bcra.wholesale_fx,5
2019-01-22,37.59,series.ar.bcra.wholesale_fx,5
2019-01-23,37.56,series.ar.bcra.wholesale_fx,5
2019-01-24,37.5592,series.ar.bcra.wholesale_fx,5
2019-01-25,37.1433,series.ar.bcra.wholesale_fx,5
2019-01-28,37.0933,series.ar.bcra.wholesale_fx,5
2019-01-29,37.225,series.ar.bcra.wholesale_fx,5
2019-01-30,37.605,series.ar.bcra.wholesale_fx,5
2019-01-31,37.035,series.ar.bcra.wholesale_fx,5
2019-02-01,37.2367,series.ar.bcra.wholesale_fx,5
2019-02-04,37.24,series.ar.bcra.wholesale_fx,5
2019-02-05,37.1967,series.ar.bcra.wholesale_fx,5
2019-02-06,37.4283,series.ar.bcra.wholesale_fx,5
2019-02-07,37.895,series.ar.bcra.wholesale_fx,5
2019-02-08,37.8617,series.ar.bcra.wholesale_fx,5
2019-02-11,38.32,series.ar.bcra.wholesale_fx,5
2019-02-12,37.8167,series.ar.bcra.wholesale_fx,5
2019-02-13,38.1467,series.ar.bcra.wholesale_fx,5
2019-02-14,38.3717,series.ar.bcra.wholesale_fx,5
2019-02-15,38.325,series.ar.bcra.wholesale_fx,5
2019-02-18,38.765,series.ar.bcra.wholesale_fx,5
2019-02-19,38.9158,series.ar.bcra.wholesale_fx,5
2019-02-20,40.04,series.ar.bcra.wholesale_fx,5
2019-02-21,39.6633,series.ar.bcra.wholesale_fx,5
2019-02-22,39.2517,series.ar.bcra.wholesale_fx,5
2019-02-25,38.96,series.ar.bcra.wholesale_fx,5
2019-02-26,38.9917,series.ar.bcra.wholesale_fx,5
2019-02-27,38.7467,series.ar.bcra.wholesale_fx,5
2019-02-28,38.9983,series.ar.bcra.wholesale_fx,5
2019-03-01,39.445,series.ar.bcra.wholesale_fx,5
2019-03-06,40.4817,series.ar.bcra.wholesale_fx,5
2019-03-07,41.225,series.ar.bcra.wholesale_fx,5
2019-03-08,41.3,series.ar.bcra.wholesale_fx,5
2019-03-11,40.8717,series.ar.bcra.wholesale_fx,5
2019-03-12,41.3483,series.ar.bcra.wholesale_fx,5
2019-03-13,41.6467,series.ar.bcra.wholesale_fx,5
2019-03-14,40.98,series.ar.bcra.wholesale_fx,5
2019-03-15,39.9417,series.ar.bcra.wholesale_fx,5
2019-03-18,39.7133,series.ar.bcra.wholesale_fx,5
2019-03-19,40.325,series.ar.bcra.wholesale_fx,5
2019-03-20,41.0817,series.ar.bcra.wholesale_fx,5
2019-03-21,40.7417,series.ar.bcra.wholesale_fx,5
2019-03-22,42.01,series.ar.bcra.wholesale_fx,5
2019-03-25,41.785,series.ar.bcra.wholesale_fx,5
2019-03-26,42.3467,series.ar.bcra.wholesale_fx,5
2019-03-27,43.6983,series.ar.bcra.wholesale_fx,5
2019-03-28,43.59,series.ar.bcra.wholesale_fx,5
2019-03-29,43.3533,series.ar.bcra.wholesale_fx,5
2019-04-01,42.8233,series.ar.bcra.wholesale_fx,5
2019-04-03,42.6533,series.ar.bcra.wholesale_fx,5
2019-04-04,43.2467,series.ar.bcra.wholesale_fx,5
2019-04-05,43.6933,series.ar.bcra.wholesale_fx,5
2019-04-08,43.8,series.ar.bcra.wholesale_fx,5
2019-04-09,43.74,series.ar.bcra.wholesale_fx,5
2019-04-10,43.0417,series.ar.bcra.wholesale_fx,5
2019-04-11,42.9117,series.ar.bcra.wholesale_fx,5
2019-04-12,42.33,series.ar.bcra.wholesale_fx,5
2019-04-15,41.5617,series.ar.bcra.wholesale_fx,5
2019-04-16,42.1133,series.ar.bcra.wholesale_fx,5
2019-04-17,41.7833,series.ar.bcra.wholesale_fx,5
2019-04-22,42.6917,series.ar.bcra.wholesale_fx,5
2019-04-23,42.38,series.ar.bcra.wholesale_fx,5
2019-04-24,43.4783,series.ar.bcra.wholesale_fx,5
2019-04-25,45.6333,series.ar.bcra.wholesale_fx,5
2019-04-26,44.8767,series.ar.bcra.wholesale_fx,5
2019-04-29,44.6733,series.ar.bcra.wholesale_fx,5
2019-04-30,44.01,series.ar.bcra.wholesale_fx,5
2019-05-02,44.7483,series.ar.bcra.wholesale_fx,5
2019-05-03,44.4233,series.ar.bcra.wholesale_fx,5
2019-05-06,44.8967,series.ar.bcra.wholesale_fx,5
2019-05-07,44.895,series.ar.bcra.wholesale_fx,5
2019-05-08,45.0383,series.ar.bcra.wholesale_fx,5
2019-05-09,45.5667,series.ar.bcra.wholesale_fx,5
2019-05-10,44.9817,series.ar.bcra.wholesale_fx,5
2019-05-13,45.4133,series.ar.bcra.wholesale_fx,5
2019-05-14,44.985,series.ar.bcra.wholesale_fx,5
2019-05-15,45.1533,series.ar.bcra.wholesale_fx,5
2019-05-16,44.8583,series.ar.bcra.wholesale_fx,5
2019-05-17,45.0183,series.ar.bcra.wholesale_fx,5
2019-05-20,45.3242,series.ar.bcra.wholesale_fx,5
2019-05-21,44.82,series.ar.bcra.wholesale_fx,5
2019-05-22,44.715,series.ar.bcra.wholesale_fx,5
2019-05-23,45.15,series.ar.bcra.wholesale_fx,5
2019-05-24,44.96,series.ar.bcra.wholesale_fx,5
2019-05-27,44.9783,series.ar.bcra.wholesale_fx,5
2019-05-28,44.7867,series.ar.bcra.wholesale_fx,5
2019-05-29,44.5033,series.ar.bcra.wholesale_fx,5
2019-05-30,44.445,series.ar.bcra.wholesale_fx,5
2019-05-31,44.87,series.ar.bcra.wholesale_fx,5
2019-06-03,44.8733,series.ar.bcra.wholesale_fx,5
2019-06-04,44.7567,series.ar.bcra.wholesale_fx,5
2019-06-05,44.8033,series.ar.bcra.wholesale_fx,5
2019-06-06,44.98,series.ar.bcra.wholesale_fx,5
2019-06-07,44.8833,series.ar.bcra.wholesale_fx,5
2019-06-10,44.97,series.ar.bcra.wholesale_fx,5
2019-06-11,44.7417,series.ar.bcra.wholesale_fx,5
2019-06-12,43.7483,series.ar.bcra.wholesale_fx,5
2019-06-13,43.585,series.ar.bcra.wholesale_fx,5
2019-06-14,43.87,series.ar.bcra.wholesale_fx,5
2019-06-18,43.6567,series.ar.bcra.wholesale_fx,5
2019-06-19,43.4517,series.ar.bcra.wholesale_fx,5
2019-06-21,42.915,series.ar.bcra.wholesale_fx,5
2019-06-24,42.665,series.ar.bcra.wholesale_fx,5
2019-06-25,42.305,series.ar.bcra.wholesale_fx,5
2019-06-26,42.7117,series.ar.bcra.wholesale_fx,5
2019-06-27,42.8433,series.ar.bcra.wholesale_fx,5
2019-06-28,42.4483,series.ar.bcra.wholesale_fx,5
2019-07-01,42.135,series.ar.bcra.wholesale_fx,5
2019-07-02,42.465,series.ar.bcra.wholesale_fx,5
2019-07-03,42.09,series.ar.bcra.wholesale_fx,5
2019-07-04,41.7583,series.ar.bcra.wholesale_fx,5
2019-07-05,41.98,series.ar.bcra.wholesale_fx,5
2019-07-10,41.8808,series.ar.bcra.wholesale_fx,5
2019-07-11,41.755,series.ar.bcra.wholesale_fx,5
2019-07-12,41.6583,series.ar.bcra.wholesale_fx,5
2019-07-15,41.8617,series.ar.bcra.wholesale_fx,5
2019-07-16,42.6333,series.ar.bcra.wholesale_fx,5
2019-07-17,42.52,series.ar.bcra.wholesale_fx,5
2019-07-18,42.345,series.ar.bcra.wholesale_fx,5
2019-07-19,42.4467,series.ar.bcra.wholesale_fx,5
2019-07-22,42.4783,series.ar.bcra.wholesale_fx,5
2019-07-23,42.6283,series.ar.bcra.wholesale_fx,5
2019-07-24,42.8083,series.ar.bcra.wholesale_fx,5
2019-07-25,43.245,series.ar.bcra.wholesale_fx,5
2019-07-26,43.2167,series.ar.bcra.wholesale_fx,5
2019-07-29,43.755,series.ar.bcra.wholesale_fx,5
2019-07-30,43.8817,series.ar.bcra.wholesale_fx,5
2019-07-31,43.8692,series.ar.bcra.wholesale_fx,5
2019-08-01,44.3233,series.ar.bcra.wholesale_fx,5
2019-08-02,44.7042,series.ar.bcra.wholesale_fx,5
2019-08-05,45.4383,series.ar.bcra.wholesale_fx,5
2019-08-06,45.3517,series.ar.bcra.wholesale_fx,5
2019-08-07,45.69,series.ar.bcra.wholesale_fx,5
2019-08-08,45.4117,series.ar.bcra.wholesale_fx,5
2019-08-09,45.4033,series.ar.bcra.wholesale_fx,5
2019-08-12,55.75,series.ar.bcra.wholesale_fx,5
2019-08-13,56.3167,series.ar.bcra.wholesale_fx,5
2019-08-14,58.835,series.ar.bcra.wholesale_fx,5
2019-08-15,56.6333,series.ar.bcra.wholesale_fx,5
2019-08-16,56.435,series.ar.bcra.wholesale_fx,5
2019-08-20,55.3633,series.ar.bcra.wholesale_fx,5
2019-08-21,54.915,series.ar.bcra.wholesale_fx,5
2019-08-22,55.0308,series.ar.bcra.wholesale_fx,5
2019-08-23,55.2683,series.ar.bcra.wholesale_fx,5
2019-08-26,55.335,series.ar.bcra.wholesale_fx,5
2019-08-27,55.7133,series.ar.bcra.wholesale_fx,5
2019-08-28,58.075,series.ar.bcra.wholesale_fx,5
2019-08-29,58.2,series.ar.bcra.wholesale_fx,5
2019-08-30,59.075,series.ar.bcra.wholesale_fx,5
2019-09-02,57.0917,series.ar.bcra.wholesale_fx,5
2019-09-03,55.7833,series.ar.bcra.wholesale_fx,5
2019-09-04,55.935,series.ar.bcra.wholesale_fx,5
2019-09-05,56.0042,series.ar.bcra.wholesale_fx,5
2019-09-06,55.9083,series.ar.bcra.wholesale_fx,5
2019-09-09,55.9433,series.ar.bcra.wholesale_fx,5
2019-09-10,56.0683,series.ar.bcra.wholesale_fx,5
2019-09-11,56.105,series.ar.bcra.wholesale_fx,5
2019-09-12,56.18,series.ar.bcra.wholesale_fx,5
2019-09-13,56.1525,series.ar.bcra.wholesale_fx,5
2019-09-16,56.2517,series.ar.bcra.wholesale_fx,5
2019-09-17,56.4508,series.ar.bcra.wholesale_fx,5
2019-09-18,56.5025,series.ar.bcra.wholesale_fx,5
2019-09-19,56.6067,series.ar.bcra.wholesale_fx,5
2019-09-20,56.6183,series.ar.bcra.wholesale_fx,5
2019-09-23,56.9282,series.ar.bcra.wholesale_fx,5
2019-09-24,56.9367,series.ar.bcra.wholesale_fx,5
2019-09-25,57.0075,series.ar.bcra.wholesale_fx,5
2019-09-26,57.18,series.ar.bcra.wholesale_fx,5
2019-09-27,57.3175,series.ar.bcra.wholesale_fx,5
2019-09-30,57.5583,series.ar.bcra.wholesale_fx,5
2019-10-01,57.6967,series.ar.bcra.wholesale_fx,5
2019-10-02,57.8883,series.ar.bcra.wholesale_fx,5
2019-10-03,57.7625,series.ar.bcra.wholesale_fx,5
2019-10-04,57.7133,series.ar.bcra.wholesale_fx,5
2019-10-07,57.8725,series.ar.bcra.wholesale_fx,5
2019-10-08,57.8375,series.ar.bcra.wholesale_fx,5
2019-10-09,57.9575,series.ar.bcra.wholesale_fx,5
2019-10-10,57.9828,series.ar.bcra.wholesale_fx,5
2019-10-11,58.05,series.ar.bcra.wholesale_fx,5
2019-10-15,58.235,series.ar.bcra.wholesale_fx,5
2019-10-16,58.3333,series.ar.bcra.wholesale_fx,5
2019-10-17,58.3142,series.ar.bcra.wholesale_fx,5
2019-10-18,58.3447,series.ar.bcra.wholesale_fx,5
2019-10-21,58.5217,series.ar.bcra.wholesale_fx,5
2019-10-22,58.6533,series.ar.bcra.wholesale_fx,5
2019-10-23,58.9367,series.ar.bcra.wholesale_fx,5
2019-10-24,59.3417,series.ar.bcra.wholesale_fx,5
2019-10-25,60.0033,series.ar.bcra.wholesale_fx,5
2019-10-28,59.4667,series.ar.bcra.wholesale_fx,5
2019-10-29,59.4567,series.ar.bcra.wholesale_fx,5
2019-10-30,59.5833,series.ar.bcra.wholesale_fx,5
2019-10-31,59.7267,series.ar.bcra.wholesale_fx,5
2019-11-01,59.7583,series.ar.bcra.wholesale_fx,5
2019-11-04,59.7617,series.ar.bcra.wholesale_fx,5
2019-11-05,59.6817,series.ar.bcra.wholesale_fx,5
2019-11-07,59.5977,series.ar.bcra.wholesale_fx,5
2019-11-08,59.5442,series.ar.bcra.wholesale_fx,5
2019-11-11,59.7467,series.ar.bcra.wholesale_fx,5
2019-11-12,59.7452,series.ar.bcra.wholesale_fx,5
2019-11-13,59.7442,series.ar.bcra.wholesale_fx,5
2019-11-14,59.7258,series.ar.bcra.wholesale_fx,5
2019-11-15,59.685,series.ar.bcra.wholesale_fx,5
2019-11-19,59.7125,series.ar.bcra.wholesale_fx,5
2019-11-20,59.723,series.ar.bcra.wholesale_fx,5
2019-11-21,59.75,series.ar.bcra.wholesale_fx,5
2019-11-22,59.7942,series.ar.bcra.wholesale_fx,5
2019-11-25,59.745,series.ar.bcra.wholesale_fx,5
2019-11-26,59.7167,series.ar.bcra.wholesale_fx,5
2019-11-27,59.8783,series.ar.bcra.wholesale_fx,5
2019-11-28,59.85,series.ar.bcra.wholesale_fx,5
2019-11-29,59.8633,series.ar.bcra.wholesale_fx,5
2019-12-02,59.9517,series.ar.bcra.wholesale_fx,5
2019-12-03,59.9383,series.ar.bcra.wholesale_fx,5
2019-12-04,59.9058,series.ar.bcra.wholesale_fx,5
2019-12-05,59.9442,series.ar.bcra.wholesale_fx,5
2019-12-06,59.9575,series.ar.bcra.wholesale_fx,5
2019-12-09,59.9512,series.ar.bcra.wholesale_fx,5
2019-12-10,59.9608,series.ar.bcra.wholesale_fx,5
2019-12-11,59.8342,series.ar.bcra.wholesale_fx,5
2019-12-12,59.8322,series.ar.bcra.wholesale_fx,5
2019-12-13,59.817,series.ar.bcra.wholesale_fx,5
2019-12-16,59.8417,series.ar.bcra.wholesale_fx,5
2019-12-17,59.8227,series.ar.bcra.wholesale_fx,5
2019-12-18,59.8212,series.ar.bcra.wholesale_fx,5
2019-12-19,59.8172,series.ar.bcra.wholesale_fx,5
2019-12-20,59.8185,series.ar.bcra.wholesale_fx,5
2019-12-23,59.8633,series.ar.bcra.wholesale_fx,5
2019-12-26,59.9175,series.ar.bcra.wholesale_fx,5
2019-12-27,59.8908,series.ar.bcra.wholesale_fx,5
2019-12-30,59.895,series.ar.bcra.wholesale_fx,5
2020-01-02,59.8518,series.ar.bcra.wholesale_fx,5
2020-01-03,59.8335,series.ar.bcra.wholesale_fx,5
2020-01-06,59.819,series.ar.bcra.wholesale_fx,5
2020-01-07,59.8195,series.ar.bcra.wholesale_fx,5
2020-01-08,59.8177,series.ar.bcra.wholesale_fx,5
2020-01-09,59.8152,series.ar.bcra.wholesale_fx,5
2020-01-10,59.8163,series.ar.bcra.wholesale_fx,5
2020-01-13,59.88,series.ar.bcra.wholesale_fx,5
2020-01-14,60.0367,series.ar.bcra.wholesale_fx,5
2020-01-15,60.0075,series.ar.bcra.wholesale_fx,5
2020-01-16,59.995,series.ar.bcra.wholesale_fx,5
2020-01-17,60.0113,series.ar.bcra.wholesale_fx,5
2020-01-20,60.0333,series.ar.bcra.wholesale_fx,5
2020-01-21,60.0592,series.ar.bcra.wholesale_fx,5
2020-01-22,60.1148,series.ar.bcra.wholesale_fx,5
2020-01-23,60.0908,series.ar.bcra.wholesale_fx,5
2020-01-24,60.1025,series.ar.bcra.wholesale_fx,5
2020-01-27,60.1408,series.ar.bcra.wholesale_fx,5
2020-01-28,60.1808,series.ar.bcra.wholesale_fx,5
2020-01-29,60.2367,series.ar.bcra.wholesale_fx,5
2020-01-30,60.2475,series.ar.bcra.wholesale_fx,5
2020-01-31,60.3312,series.ar.bcra.wholesale_fx,5
2020-02-03,60.4325,series.ar.bcra.wholesale_fx,5
2020-02-04,60.579,series.ar.bcra.wholesale_fx,5
2020-02-05,60.5763,series.ar.bcra.wholesale_fx,5
2020-02-06,60.6732,series.ar.bcra.wholesale_fx,5
2020-02-07,60.7745,series.ar.bcra.wholesale_fx,5
2020-02-10,60.9688,series.ar.bcra.wholesale_fx,5
2020-02-11,61.112,series.ar.bcra.wholesale_fx,5
2020-02-12,61.2297,series.ar.bcra.wholesale_fx,5
2020-02-13,61.3808,series.ar.bcra.wholesale_fx,5
2020-02-14,61.4522,series.ar.bcra.wholesale_fx,5
2020-02-17,61.655,series.ar.bcra.wholesale_fx,5
2020-02-18,61.6645,series.ar.bcra.wholesale_fx,5
2020-02-19,61.7233,series.ar.bcra.wholesale_fx,5
2020-02-20,61.785,series.ar.bcra.wholesale_fx,5
2020-02-21,61.8348,series.ar.bcra.wholesale_fx,5
2020-02-26,62.0842,series.ar.bcra.wholesale_fx,5
2020-02-27,62.1375,series.ar.bcra.wholesale_fx,5
2020-02-28,62.208,series.ar.bcra.wholesale_fx,5
2020-03-02,62.2503,series.ar.bcra.wholesale_fx,5
2020-03-03,62.3002,series.ar.bcra.wholesale_fx,5
2020-03-04,62.3577,series.ar.bcra.wholesale_fx,5
2020-03-05,62.418,series.ar.bcra.wholesale_fx,5
2020-03-06,62.4793,series.ar.bcra.wholesale_fx,5
2020-03-09,62.5298,series.ar.bcra.wholesale_fx,5
2020-03-10,62.5898,series.ar.bcra.wholesale_fx,5
2020-03-11,62.6697,series.ar.bcra.wholesale_fx,5
2020-03-12,62.8182,series.ar.bcra.wholesale_fx,5
2020-03-13,62.8992,series.ar.bcra.wholesale_fx,5
2020-03-16,63.0398,series.ar.bcra.wholesale_fx,5
2020-03-17,63.175,series.ar.bcra.wholesale_fx,5
2020-03-18,63.33,series.ar.bcra.wholesale_fx,5
2020-03-19,63.5497,series.ar.bcra.wholesale_fx,5
2020-03-20,63.7688,series.ar.bcra.wholesale_fx,5
2020-03-25,64.0473,series.ar.bcra.wholesale_fx,5
2020-03-26,64.2295,series.ar.bcra.wholesale_fx,5
2020-03-27,64.4095,series.ar.bcra.wholesale_fx,5
2020-03-30,64.4697,series.ar.bcra.wholesale_fx,5
2020-04-01,64.5295,series.ar.bcra.wholesale_fx,5
2020-04-02,64.7165,series.ar.bcra.wholesale_fx,5
2020-04-03,64.9065,series.ar.bcra.wholesale_fx,5
2020-04-06,64.988,series.ar.bcra.wholesale_fx,5
2020-04-07,65.0695,series.ar.bcra.wholesale_fx,5
2020-04-08,65.1595,series.ar.bcra.wholesale_fx,5
2020-04-13,65.3795,series.ar.bcra.wholesale_fx,5
2020-04-14,65.498,series.ar.bcra.wholesale_fx,5
2020-04-15,65.6195,series.ar.bcra.wholesale_fx,5
2020-04-16,65.7395,series.ar.bcra.wholesale_fx,5
2020-04-17,65.8595,series.ar.bcra.wholesale_fx,5
2020-04-20,65.9778,series.ar.bcra.wholesale_fx,5
2020-04-21,66.0895,series.ar.bcra.wholesale_fx,5
2020-04-22,66.225,series.ar.bcra.wholesale_fx,5
2020-04-23,66.3167,series.ar.bcra.wholesale_fx,5
2020-04-24,66.425,series.ar.bcra.wholesale_fx,5
2020-04-27,66.525,series.ar.bcra.wholesale_fx,5
2020-04-28,66.635,series.ar.bcra.wholesale_fx,5
2020-04-29,66.745,series.ar.bcra.wholesale_fx,5
2020-04-30,66.835,series.ar.bcra.wholesale_fx,5
2020-05-04,66.925,series.ar.bcra.wholesale_fx,5
2020-05-05,67.005,series.ar.bcra.wholesale_fx,5
2020-05-06,67.095,series.ar.bcra.wholesale_fx,5
2020-05-07,67.185,series.ar.bcra.wholesale_fx,5
2020-05-08,67.275,series.ar.bcra.wholesale_fx,5
2020-05-11,67.365,series.ar.bcra.wholesale_fx,5
2020-05-12,67.455,series.ar.bcra.wholesale_fx,5
2020-05-13,67.545,series.ar.bcra.wholesale_fx,5
2020-05-14,67.635,series.ar.bcra.wholesale_fx,5
2020-05-15,67.725,series.ar.bcra.wholesale_fx,5
2020-05-18,67.815,series.ar.bcra.wholesale_fx,5
2020-05-19,67.905,series.ar.bcra.wholesale_fx,5
2020-05-20,67.995,series.ar.bcra.wholesale_fx,5
2020-05-21,68.085,series.ar.bcra.wholesale_fx,5
2020-05-22,68.175,series.ar.bcra.wholesale_fx,5
2020-05-26,68.265,series.ar.bcra.wholesale_fx,5
2020-05-27,68.355,series.ar.bcra.wholesale_fx,5
2020-05-28,68.445,series.ar.bcra.wholesale_fx,5
2020-05-29,68.535,series.ar.bcra.wholesale_fx,5
2020-06-01,68.625,series.ar.bcra.wholesale_fx,5
2020-06-02,68.715,series.ar.bcra.wholesale_fx,5
2020-06-03,68.805,series.ar.bcra.wholesale_fx,5
2020-06-04,68.895,series.ar.bcra.wholesale_fx,5
2020-06-05,68.985,series.ar.bcra.wholesale_fx,5
2020-06-08,69.075,series.ar.bcra.wholesale_fx,5
2020-06-09,69.165,series.ar.bcra.wholesale_fx,5
2020-06-10,69.255,series.ar.bcra.wholesale_fx,5
2020-06-11,69.315,series.ar.bcra.wholesale_fx,5
2020-06-12,69.375,series.ar.bcra.wholesale_fx,5
2020-06-16,69.615,series.ar.bcra.wholesale_fx,5
2020-06-17,69.675,series.ar.bcra.wholesale_fx,5
2020-06-18,69.735,series.ar.bcra.wholesale_fx,5
2020-06-19,69.795,series.ar.bcra.wholesale_fx,5
2020-06-22,69.975,series.ar.bcra.wholesale_fx,5
2020-06-23,70.035,series.ar.bcra.wholesale_fx,5
2020-06-24,70.095,series.ar.bcra.wholesale_fx,5
2020-06-25,70.155,series.ar.bcra.wholesale_fx,5
2020-06-26,70.215,series.ar.bcra.wholesale_fx,5
2020-06-29,70.395,series.ar.bcra.wholesale_fx,5
2020-06-30,70.455,series.ar.bcra.wholesale_fx,5
2020-07-01,70.515,series.ar.bcra.wholesale_fx,5
2020-07-02,70.575,series.ar.bcra.wholesale_fx,5
2020-07-03,70.635,series.ar.bcra.wholesale_fx,5
2020-07-06,70.815,series.ar.bcra.wholesale_fx,5
2020-07-07,70.875,series.ar.bcra.wholesale_fx,5
2020-07-08,70.935,series.ar.bcra.wholesale_fx,5
2020-07-13,71.2333,series.ar.bcra.wholesale_fx,5
2020-07-14,71.295,series.ar.bcra.wholesale_fx,5
2020-07-15,71.355,series.ar.bcra.wholesale_fx,5
2020-07-16,71.415,series.ar.bcra.wholesale_fx,5
2020-07-17,71.475,series.ar.bcra.wholesale_fx,5
2020-07-20,71.655,series.ar.bcra.wholesale_fx,5
2020-07-21,71.715,series.ar.bcra.wholesale_fx,5
2020-07-22,71.775,series.ar.bcra.wholesale_fx,5
2020-07-23,71.835,series.ar.bcra.wholesale_fx,5
2020-07-24,71.895,series.ar.bcra.wholesale_fx,5
2020-07-27,72.075,series.ar.bcra.wholesale_fx,5
2020-07-28,72.135,series.ar.bcra.wholesale_fx,5
2020-07-29,72.195,series.ar.bcra.wholesale_fx,5
2020-07-30,72.255,series.ar.bcra.wholesale_fx,5
2020-07-31,72.315,series.ar.bcra.wholesale_fx,5
2020-08-03,72.515,series.ar.bcra.wholesale_fx,5
2020-08-04,72.565,series.ar.bcra.wholesale_fx,5
2020-08-05,72.615,series.ar.bcra.wholesale_fx,5
2020-08-06,72.695,series.ar.bcra.wholesale_fx,5
2020-08-07,72.765,series.ar.bcra.wholesale_fx,5
2020-08-10,72.945,series.ar.bcra.wholesale_fx,5
2020-08-11,72.995,series.ar.bcra.wholesale_fx,5
2020-08-12,73.045,series.ar.bcra.wholesale_fx,5
2020-08-13,73.105,series.ar.bcra.wholesale_fx,5
2020-08-14,73.155,series.ar.bcra.wholesale_fx,5
2020-08-18,73.395,series.ar.bcra.wholesale_fx,5
2020-08-19,73.475,series.ar.bcra.wholesale_fx,5
2020-08-20,73.525,series.ar.bcra.wholesale_fx,5
2020-08-21,73.575,series.ar.bcra.wholesale_fx,5
2020-08-24,73.725,series.ar.bcra.wholesale_fx,5
2020-08-25,73.805,series.ar.bcra.wholesale_fx,5
2020-08-26,73.855,series.ar.bcra.wholesale_fx,5
2020-08-27,73.935,series.ar.bcra.wholesale_fx,5
2020-08-28,73.995,series.ar.bcra.wholesale_fx,5
2020-08-31,74.175,series.ar.bcra.wholesale_fx,5
2020-09-01,74.245,series.ar.bcra.wholesale_fx,5
2020-09-02,74.315,series.ar.bcra.wholesale_fx,5
2020-09-03,74.375,series.ar.bcra.wholesale_fx,5
2020-09-04,74.435,series.ar.bcra.wholesale_fx,5
2020-09-07,74.645,series.ar.bcra.wholesale_fx,5
2020-09-08,74.705,series.ar.bcra.wholesale_fx,5
2020-09-09,74.765,series.ar.bcra.wholesale_fx,5
2020-09-10,74.835,series.ar.bcra.wholesale_fx,5
2020-09-11,74.905,series.ar.bcra.wholesale_fx,5
2020-09-14,75.115,series.ar.bcra.wholesale_fx,5
2020-09-15,75.185,series.ar.bcra.wholesale_fx,5
2020-09-16,75.245,series.ar.bcra.wholesale_fx,5
2020-09-17,75.315,series.ar.bcra.wholesale_fx,5
2020-09-18,75.375,series.ar.bcra.wholesale_fx,5
2020-09-21,75.585,series.ar.bcra.wholesale_fx,5
2020-09-22,75.645,series.ar.bcra.wholesale_fx,5
2020-09-23,75.715,series.ar.bcra.wholesale_fx,5
2020-09-24,75.775,series.ar.bcra.wholesale_fx,5
2020-09-25,75.845,series.ar.bcra.wholesale_fx,5
2020-09-28,76.055,series.ar.bcra.wholesale_fx,5
2020-09-29,76.115,series.ar.bcra.wholesale_fx,5
2020-09-30,76.175,series.ar.bcra.wholesale_fx,5
2020-10-01,76.245,series.ar.bcra.wholesale_fx,5
2020-10-02,76.945,series.ar.bcra.wholesale_fx,5
2020-10-05,77.0517,series.ar.bcra.wholesale_fx,5
2020-10-06,77.08,series.ar.bcra.wholesale_fx,5
2020-10-07,77.0967,series.ar.bcra.wholesale_fx,5
2020-10-08,77.1033,series.ar.bcra.wholesale_fx,5
2020-10-09,77.1083,series.ar.bcra.wholesale_fx,5
2020-10-13,77.4033,series.ar.bcra.wholesale_fx,5
2020-10-14,77.4217,series.ar.bcra.wholesale_fx,5
2020-10-15,77.46,series.ar.bcra.wholesale_fx,5
2020-10-16,77.5317,series.ar.bcra.wholesale_fx,5
2020-10-19,77.5767,series.ar.bcra.wholesale_fx,5
2020-10-20,77.6567,series.ar.bcra.wholesale_fx,5
2020-10-21,77.7133,series.ar.bcra.wholesale_fx,5
2020-10-22,78.0467,series.ar.bcra.wholesale_fx,5
2020-10-23,78.0883,series.ar.bcra.wholesale_fx,5
2020-10-26,78.2067,series.ar.bcra.wholesale_fx,5
2020-10-27,78.2967,series.ar.bcra.wholesale_fx,5
2020-10-28,78.2983,series.ar.bcra.wholesale_fx,5
2020-10-29,78.2967,series.ar.bcra.wholesale_fx,5
2020-10-30,78.3283,series.ar.bcra.wholesale_fx,5
2020-11-02,78.69,series.ar.bcra.wholesale_fx,5
2020-11-03,78.9033,series.ar.bcra.wholesale_fx,5
2020-11-04,79.0233,series.ar.bcra.wholesale_fx,5
2020-11-05,79.0933,series.ar.bcra.wholesale_fx,5
2020-11-09,79.3433,series.ar.bcra.wholesale_fx,5
2020-11-10,79.425,series.ar.bcra.wholesale_fx,5
2020-11-11,79.4783,series.ar.bcra.wholesale_fx,5
2020-11-12,79.575,series.ar.bcra.wholesale_fx,5
2020-11-13,79.7283,series.ar.bcra.wholesale_fx,5
2020-11-16,79.955,series.ar.bcra.wholesale_fx,5
2020-11-17,80.0283,series.ar.bcra.wholesale_fx,5
2020-11-18,80.1517,series.ar.bcra.wholesale_fx,5
2020-11-19,80.2717,series.ar.bcra.wholesale_fx,5
2020-11-20,80.3583,series.ar.bcra.wholesale_fx,5
2020-11-24,80.6917,series.ar.bcra.wholesale_fx,5
2020-11-25,80.7917,series.ar.bcra.wholesale_fx,5
2020-11-26,80.8883,series.ar.bcra.wholesale_fx,5
2020-11-27,81.0383,series.ar.bcra.wholesale_fx,5
2020-11-30,81.2967,series.ar.bcra.wholesale_fx,5
2020-12-01,81.395,series.ar.bcra.wholesale_fx,5
2020-12-02,81.475,series.ar.bcra.wholesale_fx,5
2020-12-03,81.5617,series.ar.bcra.wholesale_fx,5
2020-12-04,81.6517,series.ar.bcra.wholesale_fx,5
2020-12-09,82.045,series.ar.bcra.wholesale_fx,5
2020-12-10,82.13,series.ar.bcra.wholesale_fx,5
2020-12-11,82.215,series.ar.bcra.wholesale_fx,5
2020-12-14,82.4567,series.ar.bcra.wholesale_fx,5
2020-12-15,82.535,series.ar.bcra.wholesale_fx,5
2020-12-16,82.6267,series.ar.bcra.wholesale_fx,5
2020-12-17,82.7217,series.ar.bcra.wholesale_fx,5
2020-12-18,82.8383,series.ar.bcra.wholesale_fx,5
2020-12-21,83.1483,series.ar.bcra.wholesale_fx,5
2020-12-22,83.2483,series.ar.bcra.wholesale_fx,5
2020-12-23,83.3583,series.ar.bcra.wholesale_fx,5
2020-12-28,83.905,series.ar.bcra.wholesale_fx,5
2020-12-29,84.025,series.ar.bcra.wholesale_fx,5
2020-12-30,84.145,series.ar.bcra.wholesale_fx,5
2021-01-04,84.7033,series.ar.bcra.wholesale_fx,5
2021-01-05,84.7967,series.ar.bcra.wholesale_fx,5
2021-01-06,84.9033,series.ar.bcra.wholesale_fx,5
2021-01-07,85.0,series.ar.bcra.wholesale_fx,5
2021-01-08,85.105,series.ar.bcra.wholesale_fx,5
2021-01-11,85.3783,series.ar.bcra.wholesale_fx,5
2021-01-12,85.465,series.ar.bcra.wholesale_fx,5
2021-01-13,85.555,series.ar.bcra.wholesale_fx,5
2021-01-14,85.645,series.ar.bcra.wholesale_fx,5
2021-01-15,85.735,series.ar.bcra.wholesale_fx,5
2021-01-18,86.0667,series.ar.bcra.wholesale_fx,5
2021-01-19,86.1967,series.ar.bcra.wholesale_fx,5
2021-01-20,86.32,series.ar.bcra.wholesale_fx,5
2021-01-21,86.4283,series.ar.bcra.wholesale_fx,5
2021-01-22,86.5467,series.ar.bcra.wholesale_fx,5
2021-01-25,86.9117,series.ar.bcra.wholesale_fx,5
2021-01-26,87.0217,series.ar.bcra.wholesale_fx,5
2021-01-27,87.1233,series.ar.bcra.wholesale_fx,5
2021-01-28,87.2167,series.ar.bcra.wholesale_fx,5
2021-01-29,87.2983,series.ar.bcra.wholesale_fx,5
2021-02-01,87.605,series.ar.bcra.wholesale_fx,5
2021-02-02,87.7033,series.ar.bcra.wholesale_fx,5
2021-02-03,87.805,series.ar.bcra.wholesale_fx,5
2021-02-04,87.905,series.ar.bcra.wholesale_fx,5
2021-02-05,88.005,series.ar.bcra.wholesale_fx,5
2021-02-08,88.165,series.ar.bcra.wholesale_fx,5
2021-02-09,88.275,series.ar.bcra.wholesale_fx,5
2021-02-10,88.355,series.ar.bcra.wholesale_fx,5
2021-02-11,88.45,series.ar.bcra.wholesale_fx,5
2021-02-12,88.5383,series.ar.bcra.wholesale_fx,5
2021-02-17,88.945,series.ar.bcra.wholesale_fx,5
2021-02-18,89.045,series.ar.bcra.wholesale_fx,5
2021-02-19,89.1567,series.ar.bcra.wholesale_fx,5
2021-02-22,89.4383,series.ar.bcra.wholesale_fx,5
2021-02-23,89.535,series.ar.bcra.wholesale_fx,5
2021-02-24,89.6383,series.ar.bcra.wholesale_fx,5
2021-02-25,89.7533,series.ar.bcra.wholesale_fx,5
2021-02-26,89.825,series.ar.bcra.wholesale_fx,5
2021-03-01,90.085,series.ar.bcra.wholesale_fx,5
2021-03-02,90.155,series.ar.bcra.wholesale_fx,5
2021-03-03,90.2233,series.ar.bcra.wholesale_fx,5
2021-03-04,90.295,series.ar.bcra.wholesale_fx,5
2021-03-05,90.365,series.ar.bcra.wholesale_fx,5
2021-03-08,90.5817,series.ar.bcra.wholesale_fx,5
2021-03-09,90.6517,series.ar.bcra.wholesale_fx,5
2021-03-10,90.7233,series.ar.bcra.wholesale_fx,5
2021-03-11,90.7867,series.ar.bcra.wholesale_fx,5
2021-03-12,90.855,series.ar.bcra.wholesale_fx,5
2021-03-15,91.0667,series.ar.bcra.wholesale_fx,5
2021-03-16,91.135,series.ar.bcra.wholesale_fx,5
2021-03-17,91.205,series.ar.bcra.wholesale_fx,5
2021-03-18,91.28,series.ar.bcra.wholesale_fx,5
2021-03-19,91.3567,series.ar.bcra.wholesale_fx,5
2021-03-22,91.5683,series.ar.bcra.wholesale_fx,5
2021-03-23,91.6367,series.ar.bcra.wholesale_fx,5
2021-03-25,91.7767,series.ar.bcra.wholesale_fx,5
2021-03-26,91.8483,series.ar.bcra.wholesale_fx,5
2021-03-29,91.9217,series.ar.bcra.wholesale_fx,5
2021-03-30,91.9583,series.ar.bcra.wholesale_fx,5
2021-03-31,91.985,series.ar.bcra.wholesale_fx,5
2021-04-05,92.2367,series.ar.bcra.wholesale_fx,5
2021-04-06,92.2867,series.ar.bcra.wholesale_fx,5
2021-04-07,92.335,series.ar.bcra.wholesale_fx,5
2021-04-08,92.3867,series.ar.bcra.wholesale_fx,5
2021-04-09,92.435,series.ar.bcra.wholesale_fx,5
2021-04-12,92.5817,series.ar.bcra.wholesale_fx,5
2021-04-13,92.6283,series.ar.bcra.wholesale_fx,5
2021-04-14,92.6767,series.ar.bcra.wholesale_fx,5
2021-04-15,92.725,series.ar.bcra.wholesale_fx,5
2021-04-16,92.7767,series.ar.bcra.wholesale_fx,5
2021-04-19,92.9267,series.ar.bcra.wholesale_fx,5
2021-04-20,92.975,series.ar.bcra.wholesale_fx,5
2021-04-21,93.025,series.ar.bcra.wholesale_fx,5
2021-04-22,93.075,series.ar.bcra.wholesale_fx,5
2021-04-23,93.125,series.ar.bcra.wholesale_fx,5
2021-04-26,93.275,series.ar.bcra.wholesale_fx,5
2021-04-27,93.335,series.ar.bcra.wholesale_fx,5
2021-04-28,93.4167,series.ar.bcra.wholesale_fx,5
2021-04-29,93.5,series.ar.bcra.wholesale_fx,5
2021-04-30,93.555,series.ar.bcra.wholesale_fx,5
2021-05-03,93.675,series.ar.bcra.wholesale_fx,5
2021-05-04,93.715,series.ar.bcra.wholesale_fx,5
2021-05-05,93.755,series.ar.bcra.wholesale_fx,5
2021-05-06,93.795,series.ar.bcra.wholesale_fx,5
2021-05-07,93.835,series.ar.bcra.wholesale_fx,5
2021-05-10,93.925,series.ar.bcra.wholesale_fx,5
2021-05-11,93.955,series.ar.bcra.wholesale_fx,5
2021-05-12,93.985,series.ar.bcra.wholesale_fx,5
2021-05-13,94.015,series.ar.bcra.wholesale_fx,5
2021-05-14,94.045,series.ar.bcra.wholesale_fx,5
2021-05-17,94.135,series.ar.bcra.wholesale_fx,5
2021-05-18,94.165,series.ar.bcra.wholesale_fx,5
2021-05-19,94.21,series.ar.bcra.wholesale_fx,5
2021-05-20,94.245,series.ar.bcra.wholesale_fx,5
2021-05-21,94.2767,series.ar.bcra.wholesale_fx,5
2021-05-26,94.485,series.ar.bcra.wholesale_fx,5
2021-05-27,94.525,series.ar.bcra.wholesale_fx,5
2021-05-28,94.565,series.ar.bcra.wholesale_fx,5
2021-05-31,94.685,series.ar.bcra.wholesale_fx,5
2021-06-01,94.735,series.ar.bcra.wholesale_fx,5
2021-06-02,94.775,series.ar.bcra.wholesale_fx,5
2021-06-03,94.815,series.ar.bcra.wholesale_fx,5
2021-06-04,94.86,series.ar.bcra.wholesale_fx,5
2021-06-07,94.975,series.ar.bcra.wholesale_fx,5
2021-06-08,95.015,series.ar.bcra.wholesale_fx,5
2021-06-09,95.055,series.ar.bcra.wholesale_fx,5
2021-06-10,95.0967,series.ar.bcra.wholesale_fx,5
2021-06-11,95.135,series.ar.bcra.wholesale_fx,5
2021-06-14,95.255,series.ar.bcra.wholesale_fx,5
2021-06-15,95.285,series.ar.bcra.wholesale_fx,5
2021-06-16,95.315,series.ar.bcra.wholesale_fx,5
2021-06-17,95.3517,series.ar.bcra.wholesale_fx,5
2021-06-18,95.3817,series.ar.bcra.wholesale_fx,5
2021-06-22,95.4967,series.ar.bcra.wholesale_fx,5
2021-06-23,95.53,series.ar.bcra.wholesale_fx,5
2021-06-24,95.5583,series.ar.bcra.wholesale_fx,5
2021-06-25,95.59,series.ar.bcra.wholesale_fx,5
2021-06-28,95.6833,series.ar.bcra.wholesale_fx,5
2021-06-29,95.705,series.ar.bcra.wholesale_fx,5
2021-06-30,95.7267,series.ar.bcra.wholesale_fx,5
2021-07-01,95.7667,series.ar.bcra.wholesale_fx,5
2021-07-02,95.795,series.ar.bcra.wholesale_fx,5
2021-07-05,95.89,series.ar.bcra.wholesale_fx,5
2021-07-06,95.9183,series.ar.bcra.wholesale_fx,5
2021-07-07,95.9483,series.ar.bcra.wholesale_fx,5
2021-07-08,95.9767,series.ar.bcra.wholesale_fx,5
2021-07-12,96.095,series.ar.bcra.wholesale_fx,5
2021-07-13,96.125,series.ar.bcra.wholesale_fx,5
2021-07-14,96.155,series.ar.bcra.wholesale_fx,5
2021-07-15,96.185,series.ar.bcra.wholesale_fx,5
2021-07-16,96.215,series.ar.bcra.wholesale_fx,5
2021-07-19,96.305,series.ar.bcra.wholesale_fx,5
2021-07-20,96.335,series.ar.bcra.wholesale_fx,5
2021-07-21,96.365,series.ar.bcra.wholesale_fx,5
2021-07-22,96.395,series.ar.bcra.wholesale_fx,5
2021-07-23,96.4317,series.ar.bcra.wholesale_fx,5
2021-07-26,96.5267,series.ar.bcra.wholesale_fx,5
2021-07-27,96.5783,series.ar.bcra.wholesale_fx,5
2021-07-28,96.635,series.ar.bcra.wholesale_fx,5
2021-07-29,96.6667,series.ar.bcra.wholesale_fx,5
2021-07-30,96.685,series.ar.bcra.wholesale_fx,5
2021-08-02,96.7817,series.ar.bcra.wholesale_fx,5
2021-08-03,96.8133,series.ar.bcra.wholesale_fx,5
2021-08-04,96.8433,series.ar.bcra.wholesale_fx,5
2021-08-05,96.875,series.ar.bcra.wholesale_fx,5
2021-08-06,96.9083,series.ar.bcra.wholesale_fx,5
2021-08-09,96.9967,series.ar.bcra.wholesale_fx,5
2021-08-10,97.0283,series.ar.bcra.wholesale_fx,5
2021-08-11,97.0517,series.ar.bcra.wholesale_fx,5
2021-08-12,97.0767,series.ar.bcra.wholesale_fx,5
2021-08-13,97.105,series.ar.bcra.wholesale_fx,5
2021-08-17,97.23,series.ar.bcra.wholesale_fx,5
2021-08-18,97.265,series.ar.bcra.wholesale_fx,5
2021-08-19,97.2883,series.ar.bcra.wholesale_fx,5
2021-08-20,97.315,series.ar.bcra.wholesale_fx,5
2021-08-23,97.4117,series.ar.bcra.wholesale_fx,5
2021-08-24,97.4367,series.ar.bcra.wholesale_fx,5
2021-08-25,97.4833,series.ar.bcra.wholesale_fx,5
2021-08-26,97.545,series.ar.bcra.wholesale_fx,5
2021-08-27,97.5667,series.ar.bcra.wholesale_fx,5
2021-08-30,97.7167,series.ar.bcra.wholesale_fx,5
2021-08-31,97.7517,series.ar.bcra.wholesale_fx,5
2021-09-01,97.78,series.ar.bcra.wholesale_fx,5
2021-09-02,97.8333,series.ar.bcra.wholesale_fx,5
2021-09-03,97.8683,series.ar.bcra.wholesale_fx,5
2021-09-06,97.95,series.ar.bcra.wholesale_fx,5
2021-09-07,97.9883,series.ar.bcra.wholesale_fx,5
2021-09-08,98.0233,series.ar.bcra.wholesale_fx,5
2021-09-09,98.05,series.ar.bcra.wholesale_fx,5
2021-09-10,98.0967,series.ar.bcra.wholesale_fx,5
2021-09-13,98.2083,series.ar.bcra.wholesale_fx,5
2021-09-14,98.22,series.ar.bcra.wholesale_fx,5
2021-09-15,98.245,series.ar.bcra.wholesale_fx,5
2021-09-16,98.3117,series.ar.bcra.wholesale_fx,5
2021-09-17,98.3483,series.ar.bcra.wholesale_fx,5
2021-09-20,98.4817,series.ar.bcra.wholesale_fx,5
2021-09-21,98.4917,series.ar.bcra.wholesale_fx,5
2021-09-22,98.505,series.ar.bcra.wholesale_fx,5
2021-09-23,98.5183,series.ar.bcra.wholesale_fx,5
2021-09-24,98.56,series.ar.bcra.wholesale_fx,5
2021-09-27,98.6683,series.ar.bcra.wholesale_fx,5
2021-09-28,98.6817,series.ar.bcra.wholesale_fx,5
2021-09-29,98.705,series.ar.bcra.wholesale_fx,5
2021-09-30,98.735,series.ar.bcra.wholesale_fx,5
2021-10-01,98.7817,series.ar.bcra.wholesale_fx,5
2021-10-04,98.885,series.ar.bcra.wholesale_fx,5
2021-10-05,98.9,series.ar.bcra.wholesale_fx,5
2021-10-06,98.9217,series.ar.bcra.wholesale_fx,5
2021-10-07,98.945,series.ar.bcra.wholesale_fx,5
2021-10-12,99.1,series.ar.bcra.wholesale_fx,5
2021-10-13,99.125,series.ar.bcra.wholesale_fx,5
2021-10-14,99.155,series.ar.bcra.wholesale_fx,5
2021-10-15,99.185,series.ar.bcra.wholesale_fx,5
2021-10-18,99.275,series.ar.bcra.wholesale_fx,5
2021-10-19,99.305,series.ar.bcra.wholesale_fx,5
2021-10-20,99.3383,series.ar.bcra.wholesale_fx,5
2021-10-21,99.3683,series.ar.bcra.wholesale_fx,5
2021-10-22,99.3983,series.ar.bcra.wholesale_fx,5
2021-10-25,99.4933,series.ar.bcra.wholesale_fx,5
2021-10-26,99.5267,series.ar.bcra.wholesale_fx,5
2021-10-27,99.6167,series.ar.bcra.wholesale_fx,5
2021-10-28,99.6917,series.ar.bcra.wholesale_fx,5
2021-10-29,99.7217,series.ar.bcra.wholesale_fx,5
2021-11-01,99.825,series.ar.bcra.wholesale_fx,5
2021-11-02,99.8533,series.ar.bcra.wholesale_fx,5
2021-11-03,99.9033,series.ar.bcra.wholesale_fx,5
2021-11-04,99.9517,series.ar.bcra.wholesale_fx,5
2021-11-05,99.9467,series.ar.bcra.wholesale_fx,5
2021-11-08,100.05,series.ar.bcra.wholesale_fx,5
2021-11-09,100.0983,series.ar.bcra.wholesale_fx,5
2021-11-10,100.1433,series.ar.bcra.wholesale_fx,5
2021-11-11,100.175,series.ar.bcra.wholesale_fx,5
2021-11-12,100.2267,series.ar.bcra.wholesale_fx,5
2021-11-15,100.2917,series.ar.bcra.wholesale_fx,5
2021-11-16,100.3083,series.ar.bcra.wholesale_fx,5
2021-11-17,100.3583,series.ar.bcra.wholesale_fx,5
2021-11-18,100.4067,series.ar.bcra.wholesale_fx,5
2021-11-19,100.465,series.ar.bcra.wholesale_fx,5
2021-11-23,100.595,series.ar.bcra.wholesale_fx,5
2021-11-24,100.6233,series.ar.bcra.wholesale_fx,5
2021-11-25,100.6833,series.ar.bcra.wholesale_fx,5
2021-11-26,100.7583,series.ar.bcra.wholesale_fx,5
2021-11-29,100.9233,series.ar.bcra.wholesale_fx,5
2021-11-30,100.925,series.ar.bcra.wholesale_fx,5
2021-12-01,101.005,series.ar.bcra.wholesale_fx,5
2021-12-02,101.07,series.ar.bcra.wholesale_fx,5
2021-12-03,101.155,series.ar.bcra.wholesale_fx,5
2021-12-06,101.3233,series.ar.bcra.wholesale_fx,5
2021-12-07,101.365,series.ar.bcra.wholesale_fx,5
2021-12-09,101.5083,series.ar.bcra.wholesale_fx,5
2021-12-10,101.58,series.ar.bcra.wholesale_fx,5
2021-12-13,101.725,series.ar.bcra.wholesale_fx,5
2021-12-14,101.7733,series.ar.bcra.wholesale_fx,5
2021-12-15,101.83,series.ar.bcra.wholesale_fx,5
2021-12-16,101.8883,series.ar.bcra.wholesale_fx,5
2021-12-17,101.9667,series.ar.bcra.wholesale_fx,5
2021-12-20,102.145,series.ar.bcra.wholesale_fx,5
2021-12-21,102.2017,series.ar.bcra.wholesale_fx,5
2021-12-22,102.2767,series.ar.bcra.wholesale_fx,5
2021-12-23,102.33,series.ar.bcra.wholesale_fx,5
2021-12-27,102.5667,series.ar.bcra.wholesale_fx,5
2021-12-28,102.62,series.ar.bcra.wholesale_fx,5
2021-12-29,102.69,series.ar.bcra.wholesale_fx,5
2021-12-30,102.75,series.ar.bcra.wholesale_fx,5
2022-01-03,103.04,series.ar.bcra.wholesale_fx,5
2022-01-04,103.08,series.ar.bcra.wholesale_fx,5
2022-01-05,103.15,series.ar.bcra.wholesale_fx,5
2022-01-06,103.23,series.ar.bcra.wholesale_fx,5
2022-01-07,103.29,series.ar.bcra.wholesale_fx,5
2022-01-10,103.5083,series.ar.bcra.wholesale_fx,5
2022-01-11,103.5767,series.ar.bcra.wholesale_fx,5
2022-01-12,103.6417,series.ar.bcra.wholesale_fx,5
2022-01-13,103.7433,series.ar.bcra.wholesale_fx,5
2022-01-14,103.8467,series.ar.bcra.wholesale_fx,5
2022-01-17,104.07,series.ar.bcra.wholesale_fx,5
2022-01-18,104.1867,series.ar.bcra.wholesale_fx,5
2022-01-19,104.2383,series.ar.bcra.wholesale_fx,5
2022-01-20,104.3033,series.ar.bcra.wholesale_fx,5
2022-01-21,104.3533,series.ar.bcra.wholesale_fx,5
2022-01-24,104.5317,series.ar.bcra.wholesale_fx,5
2022-01-25,104.6033,series.ar.bcra.wholesale_fx,5
2022-01-26,104.6833,series.ar.bcra.wholesale_fx,5
2022-01-27,104.7583,series.ar.bcra.wholesale_fx,5
2022-01-28,104.8267,series.ar.bcra.wholesale_fx,5
2022-01-31,105.015,series.ar.bcra.wholesale_fx,5
2022-02-01,105.135,series.ar.bcra.wholesale_fx,5
2022-02-02,105.2167,series.ar.bcra.wholesale_fx,5
2022-02-03,105.31,series.ar.bcra.wholesale_fx,5
2022-02-04,105.415,series.ar.bcra.wholesale_fx,5
2022-02-07,105.695,series.ar.bcra.wholesale_fx,5
2022-02-08,105.795,series.ar.bcra.wholesale_fx,5
2022-02-09,105.905,series.ar.bcra.wholesale_fx,5
2022-02-10,106.005,series.ar.bcra.wholesale_fx,5
2022-02-11,106.1133,series.ar.bcra.wholesale_fx,5
2022-02-14,106.3917,series.ar.bcra.wholesale_fx,5
2022-02-15,106.4767,series.ar.bcra.wholesale_fx,5
2022-02-16,106.575,series.ar.bcra.wholesale_fx,5
2022-02-17,106.6767,series.ar.bcra.wholesale_fx,5
2022-02-18,106.7783,series.ar.bcra.wholesale_fx,5
2022-02-21,107.055,series.ar.bcra.wholesale_fx,5
2022-02-22,107.1567,series.ar.bcra.wholesale_fx,5
2022-02-23,107.3,series.ar.bcra.wholesale_fx,5
2022-02-24,107.3933,series.ar.bcra.wholesale_fx,5
2022-02-25,107.4417,series.ar.bcra.wholesale_fx,5
2022-03-02,107.935,series.ar.bcra.wholesale_fx,5
2022-03-03,108.0383,series.ar.bcra.wholesale_fx,5
2022-03-04,108.1617,series.ar.bcra.wholesale_fx,5
2022-03-07,108.4517,series.ar.bcra.wholesale_fx,5
2022-03-08,108.5567,series.ar.bcra.wholesale_fx,5
2022-03-09,108.6767,series.ar.bcra.wholesale_fx,5
2022-03-10,108.7833,series.ar.bcra.wholesale_fx,5
2022-03-11,108.8867,series.ar.bcra.wholesale_fx,5
2022-03-14,109.21,series.ar.bcra.wholesale_fx,5
2022-03-15,109.305,series.ar.bcra.wholesale_fx,5
2022-03-16,109.4267,series.ar.bcra.wholesale_fx,5
2022-03-17,109.52,series.ar.bcra.wholesale_fx,5
2022-03-18,109.6367,series.ar.bcra.wholesale_fx,5
2022-03-21,109.9917,series.ar.bcra.wholesale_fx,5
2022-03-22,110.0717,series.ar.bcra.wholesale_fx,5
2022-03-23,110.185,series.ar.bcra.wholesale_fx,5
2022-03-25,110.39,series.ar.bcra.wholesale_fx,5
2022-03-28,110.7033,series.ar.bcra.wholesale_fx,5
2022-03-29,110.8033,series.ar.bcra.wholesale_fx,5
2022-03-30,110.9167,series.ar.bcra.wholesale_fx,5
2022-03-31,110.9783,series.ar.bcra.wholesale_fx,5
2022-04-01,111.125,series.ar.bcra.wholesale_fx,5
2022-04-04,111.5583,series.ar.bcra.wholesale_fx,5
2022-04-05,111.6983,series.ar.bcra.wholesale_fx,5
2022-04-06,111.8433,series.ar.bcra.wholesale_fx,5
2022-04-07,111.9783,series.ar.bcra.wholesale_fx,5
2022-04-08,112.13,series.ar.bcra.wholesale_fx,5
2022-04-11,112.5917,series.ar.bcra.wholesale_fx,5
2022-04-12,112.735,series.ar.bcra.wholesale_fx,5
2022-04-13,112.9133,series.ar.bcra.wholesale_fx,5
2022-04-18,113.6617,series.ar.bcra.wholesale_fx,5
2022-04-19,113.7867,series.ar.bcra.wholesale_fx,5
2022-04-20,113.9483,series.ar.bcra.wholesale_fx,5
2022-04-21,114.1067,series.ar.bcra.wholesale_fx,5
2022-04-22,114.2517,series.ar.bcra.wholesale_fx,5
2022-04-25,114.695,series.ar.bcra.wholesale_fx,5
2022-04-26,114.8417,series.ar.bcra.wholesale_fx,5
2022-04-27,115.005,series.ar.bcra.wholesale_fx,5
2022-04-28,115.1733,series.ar.bcra.wholesale_fx,5
2022-04-29,115.3117,series.ar.bcra.wholesale_fx,5
2022-05-02,115.7517,series.ar.bcra.wholesale_fx,5
2022-05-03,115.875,series.ar.bcra.wholesale_fx,5
2022-05-04,116.015,series.ar.bcra.wholesale_fx,5
2022-05-05,116.1583,series.ar.bcra.wholesale_fx,5
2022-05-06,116.305,series.ar.bcra.wholesale_fx,5
2022-05-09,116.755,series.ar.bcra.wholesale_fx,5
2022-05-10,116.915,series.ar.bcra.wholesale_fx,5
2022-05-11,117.0883,series.ar.bcra.wholesale_fx,5
2022-05-12,117.2517,series.ar.bcra.wholesale_fx,5
2022-05-13,117.4067,series.ar.bcra.wholesale_fx,5
2022-05-16,117.8717,series.ar.bcra.wholesale_fx,5
2022-05-17,118.0383,series.ar.bcra.wholesale_fx,5
2022-05-19,118.3583,series.ar.bcra.wholesale_fx,5
2022-05-20,118.4917,series.ar.bcra.wholesale_fx,5
2022-05-23,118.9483,series.ar.bcra.wholesale_fx,5
2022-05-24,119.1017,series.ar.bcra.wholesale_fx,5
2022-05-26,119.4167,series.ar.bcra.wholesale_fx,5
2022-05-27,119.5583,series.ar.bcra.wholesale_fx,5
2022-05-30,120.005,series.ar.bcra.wholesale_fx,5
2022-05-31,120.1617,series.ar.bcra.wholesale_fx,5
2022-06-01,120.325,series.ar.bcra.wholesale_fx,5
2022-06-02,120.4683,series.ar.bcra.wholesale_fx,5
2022-06-03,120.6283,series.ar.bcra.wholesale_fx,5
2022-06-06,121.1083,series.ar.bcra.wholesale_fx,5
2022-06-07,121.2783,series.ar.bcra.wholesale_fx,5
2022-06-08,121.455,series.ar.bcra.wholesale_fx,5
2022-06-09,121.625,series.ar.bcra.wholesale_fx,5
2022-06-10,121.7933,series.ar.bcra.wholesale_fx,5
2022-06-13,122.2983,series.ar.bcra.wholesale_fx,5
2022-06-14,122.475,series.ar.bcra.wholesale_fx,5
2022-06-15,122.69,series.ar.bcra.wholesale_fx,5
2022-06-16,122.895,series.ar.bcra.wholesale_fx,5
2022-06-21,123.685,series.ar.bcra.wholesale_fx,5
2022-06-22,123.8617,series.ar.bcra.wholesale_fx,5
2022-06-23,124.0333,series.ar.bcra.wholesale_fx,5
2022-06-24,124.255,series.ar.bcra.wholesale_fx,5
2022-06-27,124.705,series.ar.bcra.wholesale_fx,5
2022-06-28,124.875,series.ar.bcra.wholesale_fx,5
2022-06-29,125.045,series.ar.bcra.wholesale_fx,5
2022-06-30,125.215,series.ar.bcra.wholesale_fx,5
2022-07-01,125.4117,series.ar.bcra.wholesale_fx,5
2022-07-04,125.9883,series.ar.bcra.wholesale_fx,5
2022-07-05,126.1833,series.ar.bcra.wholesale_fx,5
2022-07-06,126.3783,series.ar.bcra.wholesale_fx,5
2022-07-07,126.57,series.ar.bcra.wholesale_fx,5
2022-07-08,126.7783,series.ar.bcra.wholesale_fx,5
2022-07-11,127.3717,series.ar.bcra.wholesale_fx,5
2022-07-12,127.5733,series.ar.bcra.wholesale_fx,5
2022-07-13,127.7933,series.ar.bcra.wholesale_fx,5
2022-07-14,128.0167,series.ar.bcra.wholesale_fx,5
2022-07-15,128.2317,series.ar.bcra.wholesale_fx,5
2022-07-18,128.8983,series.ar.bcra.wholesale_fx,5
2022-07-19,129.1267,series.ar.bcra.wholesale_fx,5
2022-07-20,129.39,series.ar.bcra.wholesale_fx,5
2022-07-21,129.61,series.ar.bcra.wholesale_fx,5
2022-07-22,129.76,series.ar.bcra.wholesale_fx,5
2022-07-25,130.4033,series.ar.bcra.wholesale_fx,5
2022-07-26,130.6233,series.ar.bcra.wholesale_fx,5
2022-07-27,130.8933,series.ar.bcra.wholesale_fx,5
2022-07-28,131.125,series.ar.bcra.wholesale_fx,5
2022-07-29,131.2267,series.ar.bcra.wholesale_fx,5
2022-08-01,131.935,series.ar.bcra.wholesale_fx,5
2022-08-02,132.1783,series.ar.bcra.wholesale_fx,5
2022-08-03,132.41,series.ar.bcra.wholesale_fx,5
2022-08-04,132.6417,series.ar.bcra.wholesale_fx,5
2022-08-05,132.8867,series.ar.bcra.wholesale_fx,5
2022-08-08,133.56,series.ar.bcra.wholesale_fx,5
2022-08-09,133.8033,series.ar.bcra.wholesale_fx,5
2022-08-10,134.0383,series.ar.bcra.wholesale_fx,5
2022-08-11,134.2283,series.ar.bcra.wholesale_fx,5
2022-08-12,134.5183,series.ar.bcra.wholesale_fx,5
2022-08-16,135.395,series.ar.bcra.wholesale_fx,5
2022-08-17,135.57,series.ar.bcra.wholesale_fx,5
2022-08-18,135.7733,series.ar.bcra.wholesale_fx,5
2022-08-19,136.06,series.ar.bcra.wholesale_fx,5
2022-08-22,136.685,series.ar.bcra.wholesale_fx,5
2022-08-23,136.9033,series.ar.bcra.wholesale_fx,5
2022-08-24,137.145,series.ar.bcra.wholesale_fx,5
2022-08-25,137.3933,series.ar.bcra.wholesale_fx,5
2022-08-26,137.6517,series.ar.bcra.wholesale_fx,5
2022-08-29,138.325,series.ar.bcra.wholesale_fx,5
2022-08-30,138.5717,series.ar.bcra.wholesale_fx,5
2022-08-31,138.7133,series.ar.bcra.wholesale_fx,5
2022-09-01,139.005,series.ar.bcra.wholesale_fx,5
2022-09-05,140.2,series.ar.bcra.wholesale_fx,5
2022-09-06,140.5783,series.ar.bcra.wholesale_fx,5
2022-09-07,140.82,series.ar.bcra.wholesale_fx,5
2022-09-08,141.1767,series.ar.bcra.wholesale_fx,5
2022-09-09,141.375,series.ar.bcra.wholesale_fx,5
2022-09-12,142.275,series.ar.bcra.wholesale_fx,5
2022-09-13,142.575,series.ar.bcra.wholesale_fx,5
2022-09-14,142.875,series.ar.bcra.wholesale_fx,5
2022-09-15,143.1817,series.ar.bcra.wholesale_fx,5
2022-09-16,143.4967,series.ar.bcra.wholesale_fx,5
2022-09-19,144.345,series.ar.bcra.wholesale_fx,5
2022-09-20,144.6317,series.ar.bcra.wholesale_fx,5
2022-09-21,144.9033,series.ar.bcra.wholesale_fx,5
2022-09-22,145.1683,series.ar.bcra.wholesale_fx,5
2022-09-23,145.4583,series.ar.bcra.wholesale_fx,5
2022-09-26,146.2633,series.ar.bcra.wholesale_fx,5
2022-09-27,146.5583,series.ar.bcra.wholesale_fx,5
2022-09-28,146.8383,series.ar.bcra.wholesale_fx,5
2022-09-29,147.09,series.ar.bcra.wholesale_fx,5
2022-09-30,147.315,series.ar.bcra.wholesale_fx,5
2022-10-03,148.2433,series.ar.bcra.wholesale_fx,5
2022-10-04,148.5767,series.ar.bcra.wholesale_fx,5
2022-10-05,148.9133,series.ar.bcra.wholesale_fx,5
2022-10-06,149.1983,series.ar.bcra.wholesale_fx,5
2022-10-11,150.7283,series.ar.bcra.wholesale_fx,5
2022-10-12,151.0267,series.ar.bcra.wholesale_fx,5
2022-10-13,151.3217,series.ar.bcra.wholesale_fx,5
2022-10-14,151.6283,series.ar.bcra.wholesale_fx,5
2022-10-17,152.53,series.ar.bcra.wholesale_fx,5
2022-10-18,152.825,series.ar.bcra.wholesale_fx,5
2022-10-19,153.165,series.ar.bcra.wholesale_fx,5
2022-10-20,153.5,series.ar.bcra.wholesale_fx,5
2022-10-21,153.8117,series.ar.bcra.wholesale_fx,5
2022-10-24,154.7367,series.ar.bcra.wholesale_fx,5
2022-10-25,155.0533,series.ar.bcra.wholesale_fx,5
2022-10-26,155.3967,series.ar.bcra.wholesale_fx,5
2022-10-27,155.6983,series.ar.bcra.wholesale_fx,5
2022-10-28,156.0167,series.ar.bcra.wholesale_fx,5
2022-10-31,156.895,series.ar.bcra.wholesale_fx,5
2022-11-01,157.235,series.ar.bcra.wholesale_fx,5
2022-11-02,157.5933,series.ar.bcra.wholesale_fx,5
2022-11-03,157.94,series.ar.bcra.wholesale_fx,5
2022-11-04,158.2667,series.ar.bcra.wholesale_fx,5
2022-11-07,159.33,series.ar.bcra.wholesale_fx,5
2022-11-08,159.7083,series.ar.bcra.wholesale_fx,5
2022-11-09,160.0467,series.ar.bcra.wholesale_fx,5
2022-11-10,160.3633,series.ar.bcra.wholesale_fx,5
2022-11-11,160.7067,series.ar.bcra.wholesale_fx,5
2022-11-14,161.7617,series.ar.bcra.wholesale_fx,5
2022-11-15,162.1283,series.ar.bcra.wholesale_fx,5
2022-11-16,162.4567,series.ar.bcra.wholesale_fx,5
2022-11-17,162.795,series.ar.bcra.wholesale_fx,5
2022-11-18,163.1467,series.ar.bcra.wholesale_fx,5
2022-11-22,164.5233,series.ar.bcra.wholesale_fx,5
2022-11-23,164.8467,series.ar.bcra.wholesale_fx,5
2022-11-24,165.2133,series.ar.bcra.wholesale_fx,5
2022-11-25,165.5883,series.ar.bcra.wholesale_fx,5
2022-11-28,166.625,series.ar.bcra.wholesale_fx,5
2022-11-29,166.955,series.ar.bcra.wholesale_fx,5
2022-11-30,167.255,series.ar.bcra.wholesale_fx,5
2022-12-01,167.685,series.ar.bcra.wholesale_fx,5
2022-12-02,168.0933,series.ar.bcra.wholesale_fx,5
2022-12-05,169.135,series.ar.bcra.wholesale_fx,5
2022-12-06,169.5083,series.ar.bcra.wholesale_fx,5
2022-12-07,169.8683,series.ar.bcra.wholesale_fx,5
2022-12-12,171.425,series.ar.bcra.wholesale_fx,5
2022-12-13,171.7617,series.ar.bcra.wholesale_fx,5
2022-12-14,172.1,series.ar.bcra.wholesale_fx,5
2022-12-15,172.425,series.ar.bcra.wholesale_fx,5
2022-12-16,172.73,series.ar.bcra.wholesale_fx,5
2022-12-19,173.645,series.ar.bcra.wholesale_fx,5
2022-12-20,173.9317,series.ar.bcra.wholesale_fx,5
2022-12-21,174.25,series.ar.bcra.wholesale_fx,5
2022-12-22,174.5883,series.ar.bcra.wholesale_fx,5
2022-12-23,174.8483,series.ar.bcra.wholesale_fx,5
2022-12-26,175.745,series.ar.bcra.wholesale_fx,5
2022-12-27,176.0717,series.ar.bcra.wholesale_fx,5
2022-12-28,176.38,series.ar.bcra.wholesale_fx,5
2022-12-29,176.7433,series.ar.bcra.wholesale_fx,5
2022-12-30,177.1283,series.ar.bcra.wholesale_fx,5
2023-01-02,178.1417,series.ar.bcra.wholesale_fx,5
2023-01-03,178.4317,series.ar.bcra.wholesale_fx,5
2023-01-04,178.6533,series.ar.bcra.wholesale_fx,5
2023-01-05,178.94,series.ar.bcra.wholesale_fx,5
2023-01-06,179.2433,series.ar.bcra.wholesale_fx,5
2023-01-09,180.1367,series.ar.bcra.wholesale_fx,5
2023-01-10,180.4017,series.ar.bcra.wholesale_fx,5
2023-01-11,180.6883,series.ar.bcra.wholesale_fx,5
2023-01-12,180.97,series.ar.bcra.wholesale_fx,5
2023-01-13,181.28,series.ar.bcra.wholesale_fx,5
2023-01-16,182.1633,series.ar.bcra.wholesale_fx,5
2023-01-17,182.4917,series.ar.bcra.wholesale_fx,5
2023-01-18,182.8033,series.ar.bcra.wholesale_fx,5
2023-01-19,183.125,series.ar.bcra.wholesale_fx,5
2023-01-20,183.4367,series.ar.bcra.wholesale_fx,5
2023-01-23,184.3733,series.ar.bcra.wholesale_fx,5
2023-01-24,184.6867,series.ar.bcra.wholesale_fx,5
2023-01-25,185.005,series.ar.bcra.wholesale_fx,5
2023-01-26,185.315,series.ar.bcra.wholesale_fx,5
2023-01-27,185.63,series.ar.bcra.wholesale_fx,5
2023-01-30,186.5783,series.ar.bcra.wholesale_fx,5
2023-01-31,186.875,series.ar.bcra.wholesale_fx,5
2023-02-01,187.3083,series.ar.bcra.wholesale_fx,5
2023-02-02,187.6133,series.ar.bcra.wholesale_fx,5
2023-02-03,187.95,series.ar.bcra.wholesale_fx,5
2023-02-06,189.095,series.ar.bcra.wholesale_fx,5
2023-02-07,189.4567,series.ar.bcra.wholesale_fx,5
2023-02-08,189.8633,series.ar.bcra.wholesale_fx,5
2023-02-09,190.2033,series.ar.bcra.wholesale_fx,5
2023-02-10,190.5283,series.ar.bcra.wholesale_fx,5
2023-02-13,191.64,series.ar.bcra.wholesale_fx,5
2023-02-14,192.02,series.ar.bcra.wholesale_fx,5
2023-02-15,192.375,series.ar.bcra.wholesale_fx,5
2023-02-16,192.7833,series.ar.bcra.wholesale_fx,5
2023-02-17,193.1933,series.ar.bcra.wholesale_fx,5
2023-02-22,194.98,series.ar.bcra.wholesale_fx,5
2023-02-23,195.35,series.ar.bcra.wholesale_fx,5
2023-02-24,195.7383,series.ar.bcra.wholesale_fx,5
2023-02-27,196.8117,series.ar.bcra.wholesale_fx,5
2023-02-28,197.1533,series.ar.bcra.wholesale_fx,5
2023-03-01,197.56,series.ar.bcra.wholesale_fx,5
2023-03-02,197.8867,series.ar.bcra.wholesale_fx,5
2023-03-03,198.26,series.ar.bcra.wholesale_fx,5
2023-03-06,199.345,series.ar.bcra.wholesale_fx,5
2023-03-07,199.6717,series.ar.bcra.wholesale_fx,5
2023-03-08,200.0267,series.ar.bcra.wholesale_fx,5
2023-03-09,200.3567,series.ar.bcra.wholesale_fx,5
2023-03-10,200.7217,series.ar.bcra.wholesale_fx,5
2023-03-13,201.8017,series.ar.bcra.wholesale_fx,5
2023-03-14,202.1483,series.ar.bcra.wholesale_fx,5
2023-03-15,202.5217,series.ar.bcra.wholesale_fx,5
2023-03-16,202.955,series.ar.bcra.wholesale_fx,5
2023-03-17,203.34,series.ar.bcra.wholesale_fx,5
2023-03-20,204.4967,series.ar.bcra.wholesale_fx,5
2023-03-21,204.9633,series.ar.bcra.wholesale_fx,5
2023-03-22,205.395,series.ar.bcra.wholesale_fx,5
2023-03-23,205.79,series.ar.bcra.wholesale_fx,5
2023-03-27,207.4017,series.ar.bcra.wholesale_fx,5
2023-03-28,207.84,series.ar.bcra.wholesale_fx,5
2023-03-29,208.2533,series.ar.bcra.wholesale_fx,5
2023-03-30,208.5983,series.ar.bcra.wholesale_fx,5
2023-03-31,208.9883,series.ar.bcra.wholesale_fx,5
2023-04-03,210.33,series.ar.bcra.wholesale_fx,5
2023-04-04,210.8,series.ar.bcra.wholesale_fx,5
2023-04-05,211.235,series.ar.bcra.wholesale_fx,5
2023-04-10,213.3283,series.ar.bcra.wholesale_fx,5
2023-04-11,213.7983,series.ar.bcra.wholesale_fx,5
2023-04-12,214.25,series.ar.bcra.wholesale_fx,5
2023-04-13,214.665,series.ar.bcra.wholesale_fx,5
2023-04-14,215.095,series.ar.bcra.wholesale_fx,5
2023-04-17,216.3583,series.ar.bcra.wholesale_fx,5
2023-04-18,216.8883,series.ar.bcra.wholesale_fx,5
2023-04-19,217.47,series.ar.bcra.wholesale_fx,5
2023-04-20,218.025,series.ar.bcra.wholesale_fx,5
2023-04-21,218.5083,series.ar.bcra.wholesale_fx,5
2023-04-24,220.235,series.ar.bcra.wholesale_fx,5
2023-04-25,220.8733,series.ar.bcra.wholesale_fx,5
2023-04-26,221.5517,series.ar.bcra.wholesale_fx,5
2023-04-27,222.02,series.ar.bcra.wholesale_fx,5
2023-04-28,222.575,series.ar.bcra.wholesale_fx,5
2023-05-02,224.625,series.ar.bcra.wholesale_fx,5
2023-05-03,225.0917,series.ar.bcra.wholesale_fx,5
2023-05-04,225.6583,series.ar.bcra.wholesale_fx,5
2023-05-05,226.1917,series.ar.bcra.wholesale_fx,5
2023-05-08,227.575,series.ar.bcra.wholesale_fx,5
2023-05-09,228.0583,series.ar.bcra.wholesale_fx,5
2023-05-10,228.5083,series.ar.bcra.wholesale_fx,5
2023-05-11,228.9917,series.ar.bcra.wholesale_fx,5
2023-05-12,229.3333,series.ar.bcra.wholesale_fx,5
2023-05-15,230.6417,series.ar.bcra.wholesale_fx,5
2023-05-16,231.175,series.ar.bcra.wholesale_fx,5
2023-05-17,231.65,series.ar.bcra.wholesale_fx,5
2023-05-18,232.2417,series.ar.bcra.wholesale_fx,5
2023-05-19,232.7417,series.ar.bcra.wholesale_fx,5
2023-05-22,234.4083,series.ar.bcra.wholesale_fx,5
2023-05-23,234.9167,series.ar.bcra.wholesale_fx,5
2023-05-24,235.6333,series.ar.bcra.wholesale_fx,5
2023-05-29,238.2583,series.ar.bcra.wholesale_fx,5
2023-05-30,238.7917,series.ar.bcra.wholesale_fx,5
2023-05-31,239.325,series.ar.bcra.wholesale_fx,5
2023-06-01,240.0667,series.ar.bcra.wholesale_fx,5
2023-06-02,240.7417,series.ar.bcra.wholesale_fx,5
2023-06-05,242.55,series.ar.bcra.wholesale_fx,5
2023-06-06,243.175,series.ar.bcra.wholesale_fx,5
2023-06-07,243.8083,series.ar.bcra.wholesale_fx,5
2023-06-08,244.3333,series.ar.bcra.wholesale_fx,5
2023-06-09,244.9667,series.ar.bcra.wholesale_fx,5
2023-06-12,246.7833,series.ar.bcra.wholesale_fx,5
2023-06-13,247.2917,series.ar.bcra.wholesale_fx,5
2023-06-14,247.8,series.ar.bcra.wholesale_fx,5
2023-06-15,248.5833,series.ar.bcra.wholesale_fx,5
2023-06-16,249.1583,series.ar.bcra.wholesale_fx,5
2023-06-21,252.0083,series.ar.bcra.wholesale_fx,5
2023-06-22,252.5083,series.ar.bcra.wholesale_fx,5
2023-06-23,252.9917,series.ar.bcra.wholesale_fx,5
2023-06-26,254.5417,series.ar.bcra.wholesale_fx,5
2023-06-27,255.1667,series.ar.bcra.wholesale_fx,5
2023-06-28,255.8417,series.ar.bcra.wholesale_fx,5
2023-06-29,256.2417,series.ar.bcra.wholesale_fx,5
2023-06-30,256.675,series.ar.bcra.wholesale_fx,5
2023-07-03,257.975,series.ar.bcra.wholesale_fx,5
2023-07-04,259.15,series.ar.bcra.wholesale_fx,5
2023-07-05,259.8,series.ar.bcra.wholesale_fx,5
2023-07-06,260.325,series.ar.bcra.wholesale_fx,5
2023-07-07,260.9833,series.ar.bcra.wholesale_fx,5
2023-07-10,262.65,series.ar.bcra.wholesale_fx,5
2023-07-11,263.3167,series.ar.bcra.wholesale_fx,5
2023-07-12,263.9333,series.ar.bcra.wholesale_fx,5
2023-07-13,264.5167,series.ar.bcra.wholesale_fx,5
2023-07-14,265.1417,series.ar.bcra.wholesale_fx,5
2023-07-17,266.7917,series.ar.bcra.wholesale_fx,5
2023-07-18,267.5833,series.ar.bcra.wholesale_fx,5
2023-07-19,268.225,series.ar.bcra.wholesale_fx,5
2023-07-20,268.775,series.ar.bcra.wholesale_fx,5
2023-07-21,269.4167,series.ar.bcra.wholesale_fx,5
2023-07-24,271.1917,series.ar.bcra.wholesale_fx,5
2023-07-25,271.6667,series.ar.bcra.wholesale_fx,5
2023-07-26,272.4,series.ar.bcra.wholesale_fx,5
2023-07-27,273.0,series.ar.bcra.wholesale_fx,5
2023-07-28,273.6333,series.ar.bcra.wholesale_fx,5
2023-07-31,275.2833,series.ar.bcra.wholesale_fx,5
2023-08-01,276.1417,series.ar.bcra.wholesale_fx,5
2023-08-02,277.3417,series.ar.bcra.wholesale_fx,5
2023-08-03,278.2833,series.ar.bcra.wholesale_fx,5
2023-08-04,279.3167,series.ar.bcra.wholesale_fx,5
2023-08-07,283.15,series.ar.bcra.wholesale_fx,5
2023-08-08,284.1917,series.ar.bcra.wholesale_fx,5
2023-08-09,285.175,series.ar.bcra.wholesale_fx,5
2023-08-10,286.1917,series.ar.bcra.wholesale_fx,5
2023-08-11,287.2917,series.ar.bcra.wholesale_fx,5
2023-08-14,349.975,series.ar.bcra.wholesale_fx,5
2023-08-15,350.0083,series.ar.bcra.wholesale_fx,5
2023-08-16,350.0,series.ar.bcra.wholesale_fx,5
2023-08-17,349.975,series.ar.bcra.wholesale_fx,5
2023-08-18,350.0167,series.ar.bcra.wholesale_fx,5
2023-08-22,350.0083,series.ar.bcra.wholesale_fx,5
2023-08-23,349.975,series.ar.bcra.wholesale_fx,5
2023-08-24,349.975,series.ar.bcra.wholesale_fx,5
2023-08-25,349.975,series.ar.bcra.wholesale_fx,5
2023-08-28,349.9917,series.ar.bcra.wholesale_fx,5
2023-08-29,349.975,series.ar.bcra.wholesale_fx,5
2023-08-30,349.975,series.ar.bcra.wholesale_fx,5
2023-08-31,350.0167,series.ar.bcra.wholesale_fx,5
2023-09-01,350.0,series.ar.bcra.wholesale_fx,5
2023-09-04,350.025,series.ar.bcra.wholesale_fx,5
2023-09-05,349.9917,series.ar.bcra.wholesale_fx,5
2023-09-06,350.0,series.ar.bcra.wholesale_fx,5
2023-09-07,349.9917,series.ar.bcra.wholesale_fx,5
2023-09-08,349.975,series.ar.bcra.wholesale_fx,5
2023-09-11,349.9833,series.ar.bcra.wholesale_fx,5
2023-09-12,349.975,series.ar.bcra.wholesale_fx,5
2023-09-13,349.975,series.ar.bcra.wholesale_fx,5
2023-09-14,349.975,series.ar.bcra.wholesale_fx,5
2023-09-15,349.9917,series.ar.bcra.wholesale_fx,5
2023-09-18,349.9917,series.ar.bcra.wholesale_fx,5
2023-09-19,349.9833,series.ar.bcra.wholesale_fx,5
2023-09-20,350.0,series.ar.bcra.wholesale_fx,5
2023-09-21,349.9833,series.ar.bcra.wholesale_fx,5
2023-09-22,350.025,series.ar.bcra.wholesale_fx,5
2023-09-25,350.0083,series.ar.bcra.wholesale_fx,5
2023-09-26,350.025,series.ar.bcra.wholesale_fx,5
2023-09-27,350.025,series.ar.bcra.wholesale_fx,5
2023-09-28,350.025,series.ar.bcra.wholesale_fx,5
2023-09-29,350.0083,series.ar.bcra.wholesale_fx,5
2023-10-02,350.025,series.ar.bcra.wholesale_fx,5
2023-10-03,350.025,series.ar.bcra.wholesale_fx,5
2023-10-04,350.025,series.ar.bcra.wholesale_fx,5
2023-10-05,350.025,series.ar.bcra.wholesale_fx,5
2023-10-06,350.025,series.ar.bcra.wholesale_fx,5
2023-10-09,350.025,series.ar.bcra.wholesale_fx,5
2023-10-10,350.025,series.ar.bcra.wholesale_fx,5
2023-10-11,350.025,series.ar.bcra.wholesale_fx,5
2023-10-12,350.025,series.ar.bcra.wholesale_fx,5
2023-10-17,350.0167,series.ar.bcra.wholesale_fx,5
2023-10-18,350.025,series.ar.bcra.wholesale_fx,5
2023-10-19,350.025,series.ar.bcra.wholesale_fx,5
2023-10-20,350.025,series.ar.bcra.wholesale_fx,5
2023-10-23,350.0,series.ar.bcra.wholesale_fx,5
2023-10-24,350.025,series.ar.bcra.wholesale_fx,5
2023-10-25,350.0167,series.ar.bcra.wholesale_fx,5
2023-10-26,350.0083,series.ar.bcra.wholesale_fx,5
2023-10-27,350.0083,series.ar.bcra.wholesale_fx,5
2023-10-30,350.025,series.ar.bcra.wholesale_fx,5
2023-10-31,350.0083,series.ar.bcra.wholesale_fx,5
2023-11-01,349.9917,series.ar.bcra.wholesale_fx,5
2023-11-02,350.025,series.ar.bcra.wholesale_fx,5
2023-11-03,350.025,series.ar.bcra.wholesale_fx,5
2023-11-07,350.025,series.ar.bcra.wholesale_fx,5
2023-11-08,350.025,series.ar.bcra.wholesale_fx,5
2023-11-09,350.025,series.ar.bcra.wholesale_fx,5
2023-11-10,350.0,series.ar.bcra.wholesale_fx,5
2023-11-13,350.025,series.ar.bcra.wholesale_fx,5
2023-11-14,350.025,series.ar.bcra.wholesale_fx,5
2023-11-15,353.0083,series.ar.bcra.wholesale_fx,5
2023-11-16,353.475,series.ar.bcra.wholesale_fx,5
2023-11-17,354.0083,series.ar.bcra.wholesale_fx,5
2023-11-21,356.025,series.ar.bcra.wholesale_fx,5
2023-11-22,356.5083,series.ar.bcra.wholesale_fx,5
2023-11-23,357.0083,series.ar.bcra.wholesale_fx,5
2023-11-24,357.525,series.ar.bcra.wholesale_fx,5
2023-11-27,359.025,series.ar.bcra.wholesale_fx,5
2023-11-28,359.525,series.ar.bcra.wholesale_fx,5
2023-11-29,360.0083,series.ar.bcra.wholesale_fx,5
2023-11-30,360.525,series.ar.bcra.wholesale_fx,5
2023-12-01,361.025,series.ar.bcra.wholesale_fx,5
2023-12-04,362.525,series.ar.bcra.wholesale_fx,5
2023-12-05,363.025,series.ar.bcra.wholesale_fx,5
2023-12-06,363.55,series.ar.bcra.wholesale_fx,5
2023-12-07,364.4083,series.ar.bcra.wholesale_fx,5
2023-12-11,366.0,series.ar.bcra.wholesale_fx,5
2023-12-12,366.5,series.ar.bcra.wholesale_fx,5
2023-12-13,799.975,series.ar.bcra.wholesale_fx,5
2023-12-14,800.525,series.ar.bcra.wholesale_fx,5
2023-12-15,801.075,series.ar.bcra.wholesale_fx,5
2023-12-18,802.625,series.ar.bcra.wholesale_fx,5
2023-12-19,803.175,series.ar.bcra.wholesale_fx,5
2023-12-20,803.725,series.ar.bcra.wholesale_fx,5
2023-12-21,804.225,series.ar.bcra.wholesale_fx,5
2023-12-22,804.775,series.ar.bcra.wholesale_fx,5
2023-12-26,806.8833,series.ar.bcra.wholesale_fx,5
2023-12-27,807.425,series.ar.bcra.wholesale_fx,5
2023-12-28,807.975,series.ar.bcra.wholesale_fx,5
2023-12-29,808.4833,series.ar.bcra.wholesale_fx,5
2024-01-02,810.65,series.ar.bcra.wholesale_fx,5
2024-01-03,811.15,series.ar.bcra.wholesale_fx,5
2024-01-04,811.75,series.ar.bcra.wholesale_fx,5
2024-01-05,812.25,series.ar.bcra.wholesale_fx,5
2024-01-08,813.85,series.ar.bcra.wholesale_fx,5
2024-01-09,814.35,series.ar.bcra.wholesale_fx,5
2024-01-10,814.95,series.ar.bcra.wholesale_fx,5
2024-01-11,815.45,series.ar.bcra.wholesale_fx,5
2024-01-12,816.05,series.ar.bcra.wholesale_fx,5
2024-01-15,817.65,series.ar.bcra.wholesale_fx,5
2024-01-16,818.15,series.ar.bcra.wholesale_fx,5
2024-01-17,818.65,series.ar.bcra.wholesale_fx,5
2024-01-18,819.25,series.ar.bcra.wholesale_fx,5
2024-01-19,819.75,series.ar.bcra.wholesale_fx,5
2024-01-22,821.45,series.ar.bcra.wholesale_fx,5
2024-01-23,821.95,series.ar.bcra.wholesale_fx,5
2024-01-24,822.45,series.ar.bcra.wholesale_fx,5
2024-01-25,823.05,series.ar.bcra.wholesale_fx,5
2024-01-26,823.55,series.ar.bcra.wholesale_fx,5
2024-01-29,825.25,series.ar.bcra.wholesale_fx,5
2024-01-30,825.75,series.ar.bcra.wholesale_fx,5
2024-01-31,826.25,series.ar.bcra.wholesale_fx,5
2024-02-01,826.85,series.ar.bcra.wholesale_fx,5
2024-02-02,827.35,series.ar.bcra.wholesale_fx,5
2024-02-05,829.05,series.ar.bcra.wholesale_fx,5
2024-02-06,829.55,series.ar.bcra.wholesale_fx,5
2024-02-07,830.15,series.ar.bcra.wholesale_fx,5
2024-02-08,830.65,series.ar.bcra.wholesale_fx,5
2024-02-09,831.25,series.ar.bcra.wholesale_fx,5
2024-02-14,833.95,series.ar.bcra.wholesale_fx,5
2024-02-15,834.5667,series.ar.bcra.wholesale_fx,5
2024-02-16,835.05,series.ar.bcra.wholesale_fx,5
2024-02-19,836.75,series.ar.bcra.wholesale_fx,5
2024-02-20,837.25,series.ar.bcra.wholesale_fx,5
2024-02-21,837.85,series.ar.bcra.wholesale_fx,5
2024-02-22,838.35,series.ar.bcra.wholesale_fx,5
2024-02-23,838.95,series.ar.bcra.wholesale_fx,5
2024-02-26,840.65,series.ar.bcra.wholesale_fx,5
2024-02-27,841.15,series.ar.bcra.wholesale_fx,5
2024-02-28,841.75,series.ar.bcra.wholesale_fx,5
2024-02-29,842.25,series.ar.bcra.wholesale_fx,5
2024-03-01,842.75,series.ar.bcra.wholesale_fx,5
2024-03-04,844.25,series.ar.bcra.wholesale_fx,5
2024-03-05,845.25,series.ar.bcra.wholesale_fx,5
2024-03-06,845.75,series.ar.bcra.wholesale_fx,5
2024-03-07,846.25,series.ar.bcra.wholesale_fx,5
2024-03-08,846.75,series.ar.bcra.wholesale_fx,5
2024-03-11,848.25,series.ar.bcra.wholesale_fx,5
2024-03-12,848.75,series.ar.bcra.wholesale_fx,5
2024-03-13,849.75,series.ar.bcra.wholesale_fx,5
2024-03-14,850.25,series.ar.bcra.wholesale_fx,5
2024-03-15,850.75,series.ar.bcra.wholesale_fx,5
2024-03-18,852.25,series.ar.bcra.wholesale_fx,5
2024-03-19,852.75,series.ar.bcra.wholesale_fx,5
2024-03-20,853.25,series.ar.bcra.wholesale_fx,5
2024-03-21,854.25,series.ar.bcra.wholesale_fx,5
2024-03-22,854.75,series.ar.bcra.wholesale_fx,5
2024-03-25,856.25,series.ar.bcra.wholesale_fx,5
2024-03-26,856.75,series.ar.bcra.wholesale_fx,5
2024-03-27,857.4167,series.ar.bcra.wholesale_fx,5
2024-04-03,861.25,series.ar.bcra.wholesale_fx,5
2024-04-04,861.75,series.ar.bcra.wholesale_fx,5
2024-04-05,862.75,series.ar.bcra.wholesale_fx,5
2024-04-08,864.25,series.ar.bcra.wholesale_fx,5
2024-04-09,864.75,series.ar.bcra.wholesale_fx,5
2024-04-10,865.25,series.ar.bcra.wholesale_fx,5
2024-04-11,865.75,series.ar.bcra.wholesale_fx,5
2024-04-12,866.75,series.ar.bcra.wholesale_fx,5
2024-04-15,868.25,series.ar.bcra.wholesale_fx,5
2024-04-16,868.75,series.ar.bcra.wholesale_fx,5
2024-04-17,869.25,series.ar.bcra.wholesale_fx,5
2024-04-18,869.75,series.ar.bcra.wholesale_fx,5
2024-04-19,870.75,series.ar.bcra.wholesale_fx,5
2024-04-22,872.25,series.ar.bcra.wholesale_fx,5
2024-04-23,872.75,series.ar.bcra.wholesale_fx,5
2024-04-24,873.25,series.ar.bcra.wholesale_fx,5
2024-04-25,873.75,series.ar.bcra.wholesale_fx,5
2024-04-26,874.75,series.ar.bcra.wholesale_fx,5
2024-04-29,876.4167,series.ar.bcra.wholesale_fx,5
2024-04-30,876.75,series.ar.bcra.wholesale_fx,5
2024-05-02,878.25,series.ar.bcra.wholesale_fx,5
2024-05-03,878.75,series.ar.bcra.wholesale_fx,5
2024-05-06,880.25,series.ar.bcra.wholesale_fx,5
2024-05-07,880.75,series.ar.bcra.wholesale_fx,5
2024-05-08,881.75,series.ar.bcra.wholesale_fx,5
2024-05-09,882.25,series.ar.bcra.wholesale_fx,5
2024-05-10,882.75,series.ar.bcra.wholesale_fx,5
2024-05-13,884.25,series.ar.bcra.wholesale_fx,5
2024-05-14,885.25,series.ar.bcra.wholesale_fx,5
2024-05-15,885.75,series.ar.bcra.wholesale_fx,5
2024-05-16,886.25,series.ar.bcra.wholesale_fx,5
2024-05-17,886.75,series.ar.bcra.wholesale_fx,5
2024-05-20,888.75,series.ar.bcra.wholesale_fx,5
2024-05-21,889.25,series.ar.bcra.wholesale_fx,5
2024-05-22,889.75,series.ar.bcra.wholesale_fx,5
2024-05-23,890.25,series.ar.bcra.wholesale_fx,5
2024-05-24,890.75,series.ar.bcra.wholesale_fx,5
2024-05-27,892.75,series.ar.bcra.wholesale_fx,5
2024-05-28,893.25,series.ar.bcra.wholesale_fx,5
2024-05-29,893.75,series.ar.bcra.wholesale_fx,5
2024-05-30,894.25,series.ar.bcra.wholesale_fx,5
2024-05-31,895.25,series.ar.bcra.wholesale_fx,5
2024-06-03,896.4167,series.ar.bcra.wholesale_fx,5
2024-06-04,896.9167,series.ar.bcra.wholesale_fx,5
2024-06-05,898.25,series.ar.bcra.wholesale_fx,5
2024-06-06,898.5,series.ar.bcra.wholesale_fx,5
2024-06-07,899.0833,series.ar.bcra.wholesale_fx,5
2024-06-10,901.1667,series.ar.bcra.wholesale_fx,5
2024-06-11,902.1667,series.ar.bcra.wholesale_fx,5
2024-06-12,902.25,series.ar.bcra.wholesale_fx,5
2024-06-13,902.5833,series.ar.bcra.wholesale_fx,5
2024-06-14,902.6667,series.ar.bcra.wholesale_fx,5
2024-06-18,905.4167,series.ar.bcra.wholesale_fx,5
2024-06-19,906.0,series.ar.bcra.wholesale_fx,5
2024-06-24,909.0833,series.ar.bcra.wholesale_fx,5
2024-06-25,909.6667,series.ar.bcra.wholesale_fx,5
2024-06-26,910.75,series.ar.bcra.wholesale_fx,5
2024-06-27,911.5833,series.ar.bcra.wholesale_fx,5
2024-06-28,911.75,series.ar.bcra.wholesale_fx,5
2024-07-01,914.5,series.ar.bcra.wholesale_fx,5
2024-07-02,915.1667,series.ar.bcra.wholesale_fx,5
2024-07-03,915.6667,series.ar.bcra.wholesale_fx,5
2024-07-04,915.9167,series.ar.bcra.wholesale_fx,5
2024-07-05,918.25,series.ar.bcra.wholesale_fx,5
2024-07-08,918.9167,series.ar.bcra.wholesale_fx,5
2024-07-10,919.8333,series.ar.bcra.wholesale_fx,5
2024-07-11,920.5,series.ar.bcra.wholesale_fx,5
2024-07-12,921.75,series.ar.bcra.wholesale_fx,5
2024-07-15,922.9167,series.ar.bcra.wholesale_fx,5
2024-07-16,923.5,series.ar.bcra.wholesale_fx,5
2024-07-17,923.8333,series.ar.bcra.wholesale_fx,5
2024-07-18,924.75,series.ar.bcra.wholesale_fx,5
2024-07-19,926.75,series.ar.bcra.wholesale_fx,5
2024-07-22,927.0833,series.ar.bcra.wholesale_fx,5
2024-07-23,927.3333,series.ar.bcra.wholesale_fx,5
2024-07-24,928.6667,series.ar.bcra.wholesale_fx,5
2024-07-25,929.1667,series.ar.bcra.wholesale_fx,5
2024-07-26,931.5833,series.ar.bcra.wholesale_fx,5
2024-07-29,931.75,series.ar.bcra.wholesale_fx,5
2024-07-30,932.25,series.ar.bcra.wholesale_fx,5
2024-07-31,932.75,series.ar.bcra.wholesale_fx,5
2024-08-01,933.4167,series.ar.bcra.wholesale_fx,5
2024-08-02,935.0833,series.ar.bcra.wholesale_fx,5
2024-08-05,935.75,series.ar.bcra.wholesale_fx,5
2024-08-06,936.5,series.ar.bcra.wholesale_fx,5
2024-08-07,937.0833,series.ar.bcra.wholesale_fx,5
2024-08-08,937.5833,series.ar.bcra.wholesale_fx,5
2024-08-09,939.6667,series.ar.bcra.wholesale_fx,5
2024-08-12,939.8333,series.ar.bcra.wholesale_fx,5
2024-08-13,940.3333,series.ar.bcra.wholesale_fx,5
2024-08-14,941.6667,series.ar.bcra.wholesale_fx,5
2024-08-15,942.0,series.ar.bcra.wholesale_fx,5
2024-08-16,944.0,series.ar.bcra.wholesale_fx,5
2024-08-19,944.3333,series.ar.bcra.wholesale_fx,5
2024-08-20,944.8333,series.ar.bcra.wholesale_fx,5
2024-08-21,945.3333,series.ar.bcra.wholesale_fx,5
2024-08-22,946.25,series.ar.bcra.wholesale_fx,5
2024-08-23,948.1667,series.ar.bcra.wholesale_fx,5
2024-08-26,949.0833,series.ar.bcra.wholesale_fx,5
2024-08-27,949.75,series.ar.bcra.wholesale_fx,5
2024-08-28,950.0833,series.ar.bcra.wholesale_fx,5
2024-08-29,950.6667,series.ar.bcra.wholesale_fx,5
2024-08-30,952.8333,series.ar.bcra.wholesale_fx,5
2024-09-02,952.75,series.ar.bcra.wholesale_fx,5
2024-09-03,954.1667,series.ar.bcra.wholesale_fx,5
2024-09-04,954.5,series.ar.bcra.wholesale_fx,5
2024-09-05,954.9167,series.ar.bcra.wholesale_fx,5
2024-09-06,957.1667,series.ar.bcra.wholesale_fx,5
2024-09-09,957.75,series.ar.bcra.wholesale_fx,5
2024-09-10,958.1667,series.ar.bcra.wholesale_fx,5
2024-09-11,958.9167,series.ar.bcra.wholesale_fx,5
2024-09-12,959.6667,series.ar.bcra.wholesale_fx,5
2024-09-13,961.75,series.ar.bcra.wholesale_fx,5
2024-09-16,962.0833,series.ar.bcra.wholesale_fx,5
2024-09-17,962.4167,series.ar.bcra.wholesale_fx,5
2024-09-18,963.3333,series.ar.bcra.wholesale_fx,5
2024-09-19,963.75,series.ar.bcra.wholesale_fx,5
2024-09-20,965.75,series.ar.bcra.wholesale_fx,5
2024-09-23,966.3333,series.ar.bcra.wholesale_fx,5
2024-09-24,966.75,series.ar.bcra.wholesale_fx,5
2024-09-25,967.9167,series.ar.bcra.wholesale_fx,5
2024-09-26,968.75,series.ar.bcra.wholesale_fx,5
2024-09-27,970.5833,series.ar.bcra.wholesale_fx,5
2024-09-30,970.9167,series.ar.bcra.wholesale_fx,5
2024-10-01,971.25,series.ar.bcra.wholesale_fx,5
2024-10-02,971.75,series.ar.bcra.wholesale_fx,5
2024-10-03,972.75,series.ar.bcra.wholesale_fx,5
2024-10-04,974.8333,series.ar.bcra.wholesale_fx,5
2024-10-07,975.5,series.ar.bcra.wholesale_fx,5
2024-10-08,975.9167,series.ar.bcra.wholesale_fx,5
2024-10-09,976.25,series.ar.bcra.wholesale_fx,5
2024-10-10,979.4167,series.ar.bcra.wholesale_fx,5
2024-10-14,980.1667,series.ar.bcra.wholesale_fx,5
2024-10-15,980.5833,series.ar.bcra.wholesale_fx,5
2024-10-16,981.5833,series.ar.bcra.wholesale_fx,5
2024-10-17,981.75,series.ar.bcra.wholesale_fx,5
2024-10-18,983.8333,series.ar.bcra.wholesale_fx,5
2024-10-21,984.4167,series.ar.bcra.wholesale_fx,5
2024-10-22,984.8333,series.ar.bcra.wholesale_fx,5
2024-10-23,985.9167,series.ar.bcra.wholesale_fx,5
2024-10-24,986.3333,series.ar.bcra.wholesale_fx,5
2024-10-25,988.3333,series.ar.bcra.wholesale_fx,5
2024-10-28,988.8333,series.ar.bcra.wholesale_fx,5
2024-10-29,989.25,series.ar.bcra.wholesale_fx,5
2024-10-30,990.25,series.ar.bcra.wholesale_fx,5
2024-10-31,990.75,series.ar.bcra.wholesale_fx,5
2024-11-01,992.75,series.ar.bcra.wholesale_fx,5
2024-11-04,993.3333,series.ar.bcra.wholesale_fx,5
2024-11-05,994.75,series.ar.bcra.wholesale_fx,5
2024-11-07,995.3333,series.ar.bcra.wholesale_fx,5
2024-11-08,997.25,series.ar.bcra.wholesale_fx,5
2024-11-11,997.75,series.ar.bcra.wholesale_fx,5
2024-11-12,998.75,series.ar.bcra.wholesale_fx,5
2024-11-13,999.25,series.ar.bcra.wholesale_fx,5
2024-11-14,999.75,series.ar.bcra.wholesale_fx,5
2024-11-15,1002.75,series.ar.bcra.wholesale_fx,5
2024-11-19,1003.25,series.ar.bcra.wholesale_fx,5
2024-11-20,1003.75,series.ar.bcra.wholesale_fx,5
2024-11-21,1004.75,series.ar.bcra.wholesale_fx,5
2024-11-22,1006.75,series.ar.bcra.wholesale_fx,5
2024-11-25,1007.25,series.ar.bcra.wholesale_fx,5
2024-11-26,1007.75,series.ar.bcra.wholesale_fx,5
2024-11-27,1008.75,series.ar.bcra.wholesale_fx,5
2024-11-28,1009.25,series.ar.bcra.wholesale_fx,5
2024-11-29,1011.75,series.ar.bcra.wholesale_fx,5
2024-12-02,1011.9167,series.ar.bcra.wholesale_fx,5
2024-12-03,1013.1667,series.ar.bcra.wholesale_fx,5
2024-12-04,1013.25,series.ar.bcra.wholesale_fx,5
2024-12-05,1013.8333,series.ar.bcra.wholesale_fx,5
2024-12-06,1015.75,series.ar.bcra.wholesale_fx,5
2024-12-09,1016.75,series.ar.bcra.wholesale_fx,5
2024-12-10,1017.25,series.ar.bcra.wholesale_fx,5
2024-12-11,1017.75,series.ar.bcra.wholesale_fx,5
2024-12-12,1018.75,series.ar.bcra.wholesale_fx,5
2024-12-13,1020.75,series.ar.bcra.wholesale_fx,5
2024-12-16,1021.25,series.ar.bcra.wholesale_fx,5
2024-12-17,1021.8333,series.ar.bcra.wholesale_fx,5
2024-12-18,1022.75,series.ar.bcra.wholesale_fx,5
2024-12-19,1023.25,series.ar.bcra.wholesale_fx,5
2024-12-20,1025.4167,series.ar.bcra.wholesale_fx,5
2024-12-23,1027.75,series.ar.bcra.wholesale_fx,5
2024-12-26,1029.0,series.ar.bcra.wholesale_fx,5
2024-12-27,1030.5,series.ar.bcra.wholesale_fx,5
2024-12-30,1032.5,series.ar.bcra.wholesale_fx,5
2025-01-02,1032.75,series.ar.bcra.wholesale_fx,5
2025-01-03,1034.75,series.ar.bcra.wholesale_fx,5
2025-01-06,1035.75,series.ar.bcra.wholesale_fx,5
2025-01-07,1036.25,series.ar.bcra.wholesale_fx,5
2025-01-08,1036.75,series.ar.bcra.wholesale_fx,5
2025-01-09,1037.75,series.ar.bcra.wholesale_fx,5
2025-01-10,1039.75,series.ar.bcra.wholesale_fx,5
2025-01-13,1040.25,series.ar.bcra.wholesale_fx,5
2025-01-14,1041.25,series.ar.bcra.wholesale_fx,5
2025-01-15,1041.75,series.ar.bcra.wholesale_fx,5
2025-01-16,1042.25,series.ar.bcra.wholesale_fx,5
2025-01-17,1044.5,series.ar.bcra.wholesale_fx,5
2025-01-20,1045.25,series.ar.bcra.wholesale_fx,5
2025-01-21,1045.9167,series.ar.bcra.wholesale_fx,5
2025-01-22,1047.25,series.ar.bcra.wholesale_fx,5
2025-01-23,1047.6667,series.ar.bcra.wholesale_fx,5
2025-01-24,1049.5833,series.ar.bcra.wholesale_fx,5
2025-01-27,1050.5,series.ar.bcra.wholesale_fx,5
2025-01-28,1050.9167,series.ar.bcra.wholesale_fx,5
2025-01-29,1051.5833,series.ar.bcra.wholesale_fx,5
2025-01-30,1052.5,series.ar.bcra.wholesale_fx,5
2025-01-31,1053.5,series.ar.bcra.wholesale_fx,5
2025-02-03,1053.9167,series.ar.bcra.wholesale_fx,5
2025-02-04,1054.25,series.ar.bcra.wholesale_fx,5
2025-02-05,1054.7083,series.ar.bcra.wholesale_fx,5
2025-02-06,1054.875,series.ar.bcra.wholesale_fx,5
2025-02-07,1055.9167,series.ar.bcra.wholesale_fx,5
2025-02-10,1056.375,series.ar.bcra.wholesale_fx,5
2025-02-11,1056.625,series.ar.bcra.wholesale_fx,5
2025-02-12,1056.875,series.ar.bcra.wholesale_fx,5
2025-02-13,1057.4583,series.ar.bcra.wholesale_fx,5
2025-02-14,1058.5,series.ar.bcra.wholesale_fx,5
2025-02-17,1059.0833,series.ar.bcra.wholesale_fx,5
2025-02-18,1059.1667,series.ar.bcra.wholesale_fx,5
2025-02-19,1059.375,series.ar.bcra.wholesale_fx,5
2025-02-20,1059.875,series.ar.bcra.wholesale_fx,5
2025-02-21,1060.875,series.ar.bcra.wholesale_fx,5
2025-02-24,1061.125,series.ar.bcra.wholesale_fx,5
2025-02-25,1061.625,series.ar.bcra.wholesale_fx,5
2025-02-26,1061.875,series.ar.bcra.wholesale_fx,5
2025-02-27,1062.375,series.ar.bcra.wholesale_fx,5
2025-02-28,1064.375,series.ar.bcra.wholesale_fx,5
2025-03-05,1064.375,series.ar.bcra.wholesale_fx,5
2025-03-06,1064.625,series.ar.bcra.wholesale_fx,5
2025-03-07,1066.0417,series.ar.bcra.wholesale_fx,5
2025-03-10,1066.3333,series.ar.bcra.wholesale_fx,5
2025-03-11,1066.6667,series.ar.bcra.wholesale_fx,5
2025-03-12,1066.875,series.ar.bcra.wholesale_fx,5
2025-03-13,1067.125,series.ar.bcra.wholesale_fx,5
2025-03-14,1068.5417,series.ar.bcra.wholesale_fx,5
2025-03-17,1068.9167,series.ar.bcra.wholesale_fx,5
2025-03-18,1069.125,series.ar.bcra.wholesale_fx,5
2025-03-19,1069.625,series.ar.bcra.wholesale_fx,5
2025-03-20,1069.8333,series.ar.bcra.wholesale_fx,5
2025-03-21,1071.3333,series.ar.bcra.wholesale_fx,5
2025-03-25,1071.5833,series.ar.bcra.wholesale_fx,5
2025-03-26,1072.0833,series.ar.bcra.wholesale_fx,5
2025-03-27,1072.2917,series.ar.bcra.wholesale_fx,5
2025-03-28,1073.375,series.ar.bcra.wholesale_fx,5
2025-03-31,1073.875,series.ar.bcra.wholesale_fx,5
2025-04-01,1074.5417,series.ar.bcra.wholesale_fx,5
2025-04-03,1074.8333,series.ar.bcra.wholesale_fx,5
2025-04-04,1075.875,series.ar.bcra.wholesale_fx,5
2025-04-07,1076.3333,series.ar.bcra.wholesale_fx,5
2025-04-08,1076.5833,series.ar.bcra.wholesale_fx,5
2025-04-09,1077.125,series.ar.bcra.wholesale_fx,5
2025-04-10,1077.375,series.ar.bcra.wholesale_fx,5
2025-04-11,1078.375,series.ar.bcra.wholesale_fx,5
2025-04-14,1182.4167,series.ar.bcra.wholesale_fx,5
2025-04-15,1200.8333,series.ar.bcra.wholesale_fx,5
2025-04-16,1172.8333,series.ar.bcra.wholesale_fx,5
2025-04-21,1070.4167,series.ar.bcra.wholesale_fx,5
2025-04-22,1093.3333,series.ar.bcra.wholesale_fx,5
2025-04-23,1122.5,series.ar.bcra.wholesale_fx,5
2025-04-24,1176.4167,series.ar.bcra.wholesale_fx,5
2025-04-25,1174.1667,series.ar.bcra.wholesale_fx,5
2025-04-28,1163.1667,series.ar.bcra.wholesale_fx,5
2025-04-29,1170.6667,series.ar.bcra.wholesale_fx,5
2025-04-30,1172.0,series.ar.bcra.wholesale_fx,5
2025-05-05,1178.5,series.ar.bcra.wholesale_fx,5
2025-05-06,1203.8333,series.ar.bcra.wholesale_fx,5
2025-05-07,1153.5,series.ar.bcra.wholesale_fx,5
2025-05-08,1117.5,series.ar.bcra.wholesale_fx,5
2025-05-09,1113.5833,series.ar.bcra.wholesale_fx,5
2025-05-12,1126.0,series.ar.bcra.wholesale_fx,5
2025-05-13,1125.6667,series.ar.bcra.wholesale_fx,5
2025-05-14,1129.8333,series.ar.bcra.wholesale_fx,5
2025-05-15,1135.5,series.ar.bcra.wholesale_fx,5
2025-05-16,1146.1667,series.ar.bcra.wholesale_fx,5
2025-05-19,1134.25,series.ar.bcra.wholesale_fx,5
2025-05-20,1142.0,series.ar.bcra.wholesale_fx,5
2025-05-21,1145.0,series.ar.bcra.wholesale_fx,5
2025-05-22,1143.5833,series.ar.bcra.wholesale_fx,5
2025-05-23,1137.0,series.ar.bcra.wholesale_fx,5
2025-05-26,1139.8333,series.ar.bcra.wholesale_fx,5
2025-05-27,1148.0,series.ar.bcra.wholesale_fx,5
2025-05-28,1161.0,series.ar.bcra.wholesale_fx,5
2025-05-29,1174.5,series.ar.bcra.wholesale_fx,5
2025-05-30,1195.3333,series.ar.bcra.wholesale_fx,5
2025-06-02,1181.1667,series.ar.bcra.wholesale_fx,5
2025-06-03,1184.0,series.ar.bcra.wholesale_fx,5
2025-06-04,1184.3333,series.ar.bcra.wholesale_fx,5
2025-06-05,1189.6667,series.ar.bcra.wholesale_fx,5
2025-06-06,1190.0,series.ar.bcra.wholesale_fx,5
2025-06-09,1186.4167,series.ar.bcra.wholesale_fx,5
2025-06-10,1187.0,series.ar.bcra.wholesale_fx,5
2025-06-11,1184.5,series.ar.bcra.wholesale_fx,5
2025-06-12,1185.5,series.ar.bcra.wholesale_fx,5
2025-06-13,1187.6667,series.ar.bcra.wholesale_fx,5
2025-06-17,1180.0833,series.ar.bcra.wholesale_fx,5
2025-06-18,1151.0,series.ar.bcra.wholesale_fx,5
2025-06-19,1156.1667,series.ar.bcra.wholesale_fx,5
2025-06-23,1167.3333,series.ar.bcra.wholesale_fx,5
2025-06-24,1176.0,series.ar.bcra.wholesale_fx,5
2025-06-25,1176.3333,series.ar.bcra.wholesale_fx,5
2025-06-26,1194.6667,series.ar.bcra.wholesale_fx,5
2025-06-27,1189.8333,series.ar.bcra.wholesale_fx,5
2025-06-30,1194.0833,series.ar.bcra.wholesale_fx,5
2025-07-01,1203.0,series.ar.bcra.wholesale_fx,5
2025-07-02,1231.3333,series.ar.bcra.wholesale_fx,5
2025-07-03,1226.9167,series.ar.bcra.wholesale_fx,5
2025-07-04,1239.8333,series.ar.bcra.wholesale_fx,5
2025-07-07,1257.9167,series.ar.bcra.wholesale_fx,5
2025-07-08,1258.0,series.ar.bcra.wholesale_fx,5
2025-07-10,1261.1667,series.ar.bcra.wholesale_fx,5
2025-07-11,1261.5833,series.ar.bcra.wholesale_fx,5
2025-07-14,1266.1667,series.ar.bcra.wholesale_fx,5
2025-07-15,1277.0,series.ar.bcra.wholesale_fx,5
2025-07-16,1259.9167,series.ar.bcra.wholesale_fx,5
2025-07-17,1266.25,series.ar.bcra.wholesale_fx,5
2025-07-18,1283.8333,series.ar.bcra.wholesale_fx,5
2025-07-21,1286.0,series.ar.bcra.wholesale_fx,5
2025-07-22,1266.1667,series.ar.bcra.wholesale_fx,5
2025-07-23,1259.6667,series.ar.bcra.wholesale_fx,5
2025-07-24,1262.0,series.ar.bcra.wholesale_fx,5
2025-07-25,1277.75,series.ar.bcra.wholesale_fx,5
2025-07-28,1287.3333,series.ar.bcra.wholesale_fx,5
2025-07-29,1296.6667,series.ar.bcra.wholesale_fx,5
2025-07-30,1294.1667,series.ar.bcra.wholesale_fx,5
2025-07-31,1351.8333,series.ar.bcra.wholesale_fx,5
2025-08-01,1361.3333,series.ar.bcra.wholesale_fx,5
2025-08-04,1361.8333,series.ar.bcra.wholesale_fx,5
2025-08-05,1351.1667,series.ar.bcra.wholesale_fx,5
2025-08-06,1333.6667,series.ar.bcra.wholesale_fx,5
2025-08-07,1331.0833,series.ar.bcra.wholesale_fx,5
2025-08-08,1329.4167,series.ar.bcra.wholesale_fx,5
2025-08-11,1330.5,series.ar.bcra.wholesale_fx,5
2025-08-12,1321.5,series.ar.bcra.wholesale_fx,5
2025-08-13,1318.0,series.ar.bcra.wholesale_fx,5
2025-08-14,1308.3333,series.ar.bcra.wholesale_fx,5
2025-08-18,1298.8333,series.ar.bcra.wholesale_fx,5
2025-08-19,1292.3333,series.ar.bcra.wholesale_fx,5
2025-08-20,1298.5,series.ar.bcra.wholesale_fx,5
2025-08-21,1309.25,series.ar.bcra.wholesale_fx,5
2025-08-22,1321.5833,series.ar.bcra.wholesale_fx,5
2025-08-25,1344.1667,series.ar.bcra.wholesale_fx,5
2025-08-26,1352.3333,series.ar.bcra.wholesale_fx,5
2025-08-27,1359.4167,series.ar.bcra.wholesale_fx,5
2025-08-28,1343.6667,series.ar.bcra.wholesale_fx,5
2025-08-29,1323.8333,series.ar.bcra.wholesale_fx,5
2025-09-01,1371.1667,series.ar.bcra.wholesale_fx,5
2025-09-02,1368.25,series.ar.bcra.wholesale_fx,5
2025-09-03,1360.1667,series.ar.bcra.wholesale_fx,5
2025-09-04,1362.3333,series.ar.bcra.wholesale_fx,5
2025-09-05,1365.4167,series.ar.bcra.wholesale_fx,5
2025-09-08,1422.1667,series.ar.bcra.wholesale_fx,5
2025-09-09,1418.6667,series.ar.bcra.wholesale_fx,5
2025-09-10,1419.9167,series.ar.bcra.wholesale_fx,5
2025-09-11,1427.5833,series.ar.bcra.wholesale_fx,5
2025-09-12,1447.1667,series.ar.bcra.wholesale_fx,5
2025-09-15,1462.0,series.ar.bcra.wholesale_fx,5
2025-09-16,1464.6667,series.ar.bcra.wholesale_fx,5
2025-09-17,1471.4167,series.ar.bcra.wholesale_fx,5
2025-09-18,1474.25,series.ar.bcra.wholesale_fx,5
2025-09-19,1474.75,series.ar.bcra.wholesale_fx,5
2025-09-22,1425.6667,series.ar.bcra.wholesale_fx,5
2025-09-23,1354.1667,series.ar.bcra.wholesale_fx,5
2025-09-24,1343.3333,series.ar.bcra.wholesale_fx,5
2025-09-25,1325.0833,series.ar.bcra.wholesale_fx,5
2025-09-26,1332.0,series.ar.bcra.wholesale_fx,5
2025-09-29,1341.0,series.ar.bcra.wholesale_fx,5
2025-09-30,1366.5833,series.ar.bcra.wholesale_fx,5
2025-10-01,1423.8333,series.ar.bcra.wholesale_fx,5
2025-10-02,1424.75,series.ar.bcra.wholesale_fx,5
2025-10-03,1424.75,series.ar.bcra.wholesale_fx,5
2025-10-06,1429.75,series.ar.bcra.wholesale_fx,5
2025-10-07,1429.75,series.ar.bcra.wholesale_fx,5
2025-10-08,1429.75,series.ar.bcra.wholesale_fx,5
2025-10-09,1451.75,series.ar.bcra.wholesale_fx,5
2025-10-13,1347.6667,series.ar.bcra.wholesale_fx,5
2025-10-14,1359.8333,series.ar.bcra.wholesale_fx,5
2025-10-15,1373.5,series.ar.bcra.wholesale_fx,5
2025-10-16,1387.1667,series.ar.bcra.wholesale_fx,5
2025-10-17,1439.5,series.ar.bcra.wholesale_fx,5
2025-10-20,1462.8333,series.ar.bcra.wholesale_fx,5
2025-10-21,1484.75,series.ar.bcra.wholesale_fx,5
2025-10-22,1487.0833,series.ar.bcra.wholesale_fx,5
2025-10-23,1484.0,series.ar.bcra.wholesale_fx,5
2025-10-24,1485.9167,series.ar.bcra.wholesale_fx,5
2025-10-27,1378.9167,series.ar.bcra.wholesale_fx,5
2025-10-28,1470.8333,series.ar.bcra.wholesale_fx,5
2025-10-29,1451.5,series.ar.bcra.wholesale_fx,5
2025-10-30,1433.6667,series.ar.bcra.wholesale_fx,5
2025-10-31,1443.0,series.ar.bcra.wholesale_fx,5
2025-11-03,1457.4167,series.ar.bcra.wholesale_fx,5
2025-11-04,1473.1667,series.ar.bcra.wholesale_fx,5
2025-11-05,1447.5,series.ar.bcra.wholesale_fx,5
2025-11-07,1441.5,series.ar.bcra.wholesale_fx,5
2025-11-10,1419.3333,series.ar.bcra.wholesale_fx,5
2025-11-11,1416.5,series.ar.bcra.wholesale_fx,5
2025-11-12,1402.0,series.ar.bcra.wholesale_fx,5
2025-11-13,1408.8333,series.ar.bcra.wholesale_fx,5
2025-11-14,1405.0,series.ar.bcra.wholesale_fx,5
2025-11-17,1401.0,series.ar.bcra.wholesale_fx,5
2025-11-18,1388.0,series.ar.bcra.wholesale_fx,5
2025-11-19,1402.5,series.ar.bcra.wholesale_fx,5
2025-11-20,1416.6667,series.ar.bcra.wholesale_fx,5
2025-11-25,1442.8333,series.ar.bcra.wholesale_fx,5
2025-11-26,1448.5,series.ar.bcra.wholesale_fx,5
2025-11-27,1448.0,series.ar.bcra.wholesale_fx,5
2025-11-28,1450.75,series.ar.bcra.wholesale_fx,5
2025-12-01,1449.0833,series.ar.bcra.wholesale_fx,5
2025-12-02,1453.5833,series.ar.bcra.wholesale_fx,5
2025-12-03,1453.5,series.ar.bcra.wholesale_fx,5
2025-12-04,1449.3333,series.ar.bcra.wholesale_fx,5
2025-12-05,1438.5833,series.ar.bcra.wholesale_fx,5
2025-12-09,1437.4167,series.ar.bcra.wholesale_fx,5
2025-12-10,1439.4167,series.ar.bcra.wholesale_fx,5
2025-12-11,1438.25,series.ar.bcra.wholesale_fx,5
2025-12-12,1438.4167,series.ar.bcra.wholesale_fx,5
2025-12-15,1439.8333,series.ar.bcra.wholesale_fx,5
2025-12-16,1451.3333,series.ar.bcra.wholesale_fx,5
2025-12-17,1448.5833,series.ar.bcra.wholesale_fx,5
2025-12-18,1453.1667,series.ar.bcra.wholesale_fx,5
2025-12-19,1452.25,series.ar.bcra.wholesale_fx,5
2025-12-22,1450.4167,series.ar.bcra.wholesale_fx,5
2025-12-23,1450.5,series.ar.bcra.wholesale_fx,5
2025-12-26,1450.9167,series.ar.bcra.wholesale_fx,5
2025-12-29,1454.9167,series.ar.bcra.wholesale_fx,5
2025-12-30,1459.4167,series.ar.bcra.wholesale_fx,5
2026-01-02,1469.613,series.ar.bcra.wholesale_fx,5
2026-01-05,1472.7348,series.ar.bcra.wholesale_fx,5
2026-01-06,1467.6208,series.ar.bcra.wholesale_fx,5
2026-01-07,1466.0309,series.ar.bcra.wholesale_fx,5
2026-01-08,1459.5816,series.ar.bcra.wholesale_fx,5
2026-01-09,1466.4689,series.ar.bcra.wholesale_fx,5
2026-01-12,1466.646,series.ar.bcra.wholesale_fx,5
2026-01-13,1463.3168,series.ar.bcra.wholesale_fx,5
2026-01-14,1454.3238,series.ar.bcra.wholesale_fx,5
2026-01-15,1443.8584,series.ar.bcra.wholesale_fx,5
2026-01-16,1431.055,series.ar.bcra.wholesale_fx,5
2026-01-19,1432.6913,series.ar.bcra.wholesale_fx,5
2026-01-20,1435.6263,series.ar.bcra.wholesale_fx,5
2026-01-21,1429.7799,series.ar.bcra.wholesale_fx,5
2026-01-22,1427.0331,series.ar.bcra.wholesale_fx,5
2026-01-23,1433.1999,series.ar.bcra.wholesale_fx,5
2026-01-26,1438.4603,series.ar.bcra.wholesale_fx,5
2026-01-27,1441.3245,series.ar.bcra.wholesale_fx,5
2026-01-28,1442.6959,series.ar.bcra.wholesale_fx,5
2026-01-29,1446.301,series.ar.bcra.wholesale_fx,5
2026-01-30,1447.6657,series.ar.bcra.wholesale_fx,5
2026-02-02,1451.701,series.ar.bcra.wholesale_fx,5
2026-02-03,1447.6651,series.ar.bcra.wholesale_fx,5
2026-02-04,1447.6232,series.ar.bcra.wholesale_fx,5
2026-02-05,1445.6242,series.ar.bcra.wholesale_fx,5
2026-02-06,1430.589,series.ar.bcra.wholesale_fx,5
2026-02-09,1423.3639,series.ar.bcra.wholesale_fx,5
2026-02-10,1405.427,series.ar.bcra.wholesale_fx,5
2026-02-11,1403.6981,series.ar.bcra.wholesale_fx,5
2026-02-12,1394.154,series.ar.bcra.wholesale_fx,5
2026-02-13,1395.4205,series.ar.bcra.wholesale_fx,5
2026-02-18,1401.8091,series.ar.bcra.wholesale_fx,5
2026-02-19,1391.9703,series.ar.bcra.wholesale_fx,5
2026-02-20,1384.205,series.ar.bcra.wholesale_fx,5
2026-02-23,1367.2357,series.ar.bcra.wholesale_fx,5
2026-02-24,1377.0942,series.ar.bcra.wholesale_fx,5
2026-02-25,1388.5847,series.ar.bcra.wholesale_fx,5
2026-02-26,1408.6966,series.ar.bcra.wholesale_fx,5
2026-02-27,1408.9662,series.ar.bcra.wholesale_fx,5
2026-03-02,1401.5785,series.ar.bcra.wholesale_fx,5
2026-03-03,1411.1067,series.ar.bcra.wholesale_fx,5
2026-03-04,1401.5797,series.ar.bcra.wholesale_fx,5
2026-03-05,1407.1504,series.ar.bcra.wholesale_fx,5
2026-03-06,1413.8218,series.ar.bcra.wholesale_fx,5
2026-03-09,1418.2781,series.ar.bcra.wholesale_fx,5
2026-03-10,1402.3816,series.ar.bcra.wholesale_fx,5
2026-03-11,1396.4528,series.ar.bcra.wholesale_fx,5
2026-03-12,1399.6749,series.ar.bcra.wholesale_fx,5
2026-03-13,1392.9851,series.ar.bcra.wholesale_fx,5
2026-03-16,1394.655,series.ar.bcra.wholesale_fx,5
2026-03-17,1395.5134,series.ar.bcra.wholesale_fx,5
2026-03-18,1399.6042,series.ar.bcra.wholesale_fx,5
2026-03-19,1395.5142,series.ar.bcra.wholesale_fx,5
2026-03-20,1393.438,series.ar.bcra.wholesale_fx,5
2026-03-25,1378.9689,series.ar.bcra.wholesale_fx,5
2026-03-26,1370.2909,series.ar.bcra.wholesale_fx,5
2026-03-27,1376.0989,series.ar.bcra.wholesale_fx,5
2026-03-30,1394.9234,series.ar.bcra.wholesale_fx,5
2026-03-31,1382.7578,series.ar.bcra.wholesale_fx,5
2026-04-01,1387.7212,series.ar.bcra.wholesale_fx,5
2026-04-06,1391.6887,series.ar.bcra.wholesale_fx,5
2026-04-07,1395.0979,series.ar.bcra.wholesale_fx,5
2026-04-08,1387.0308,series.ar.bcra.wholesale_fx,5
2026-04-09,1383.2312,series.ar.bcra.wholesale_fx,5
2026-04-10,1373.9033,series.ar.bcra.wholesale_fx,5
2026-04-13,1362.8139,series.ar.bcra.wholesale_fx,5
2026-04-14,1358.522,series.ar.bcra.wholesale_fx,5
2026-04-15,1363.6566,series.ar.bcra.wholesale_fx,5
2026-04-16,1352.9774,series.ar.bcra.wholesale_fx,5
2026-04-17,1360.0307,series.ar.bcra.wholesale_fx,5
2026-04-20,1372.7745,series.ar.bcra.wholesale_fx,5
2026-04-21,1379.0516,series.ar.bcra.wholesale_fx,5
2026-04-22,1378.1258,series.ar.bcra.wholesale_fx,5
2026-04-23,1387.6961,series.ar.bcra.wholesale_fx,5
2026-04-24,1397.2063,series.ar.bcra.wholesale_fx,5
2026-04-27,1412.9865,series.ar.bcra.wholesale_fx,5
2026-04-28,1408.1491,series.ar.bcra.wholesale_fx,5
2026-04-29,1395.2866,series.ar.bcra.wholesale_fx,5
2026-04-30,1381.0954,series.ar.bcra.wholesale_fx,5
2026-05-04,1398.3143,series.ar.bcra.wholesale_fx,5
2026-05-05,1395.1909,series.ar.bcra.wholesale_fx,5
2026-05-06,1386.2923,series.ar.bcra.wholesale_fx,5
2026-05-07,1390.637,series.ar.bcra.wholesale_fx,5
2026-05-08,1394.1232,series.ar.bcra.wholesale_fx,5
2026-05-11,1399.4749,series.ar.bcra.wholesale_fx,5
2026-05-12,1386.5259,series.ar.bcra.wholesale_fx,5
2026-05-13,1389.2073,series.ar.bcra.wholesale_fx,5
2026-05-14,1393.2322,series.ar.bcra.wholesale_fx,5
2026-05-15,1395.3478,series.ar.bcra.wholesale_fx,5
2026-05-18,1394.974,series.ar.bcra.wholesale_fx,5
2026-05-19,1398.916,series.ar.bcra.wholesale_fx,5
2026-05-20,1398.8346,series.ar.bcra.wholesale_fx,5
2026-05-21,1392.1705,series.ar.bcra.wholesale_fx,5
2026-05-22,1393.5019,series.ar.bcra.wholesale_fx,5
2026-05-26,1407.8893,series.ar.bcra.wholesale_fx,5
2026-05-27,1411.1796,series.ar.bcra.wholesale_fx,5
2026-05-28,1411.4054,series.ar.bcra.wholesale_fx,5
2026-05-29,1410.2904,series.ar.bcra.wholesale_fx,5
2026-06-01,1421.4672,series.ar.bcra.wholesale_fx,5
2026-06-02,1426.9788,series.ar.bcra.wholesale_fx,5
2026-06-03,1435.3812,series.ar.bcra.wholesale_fx,5
2026-06-04,1438.8159,series.ar.bcra.wholesale_fx,5
2026-06-05,1442.4148,series.ar.bcra.wholesale_fx,5
2026-06-08,1445.3978,series.ar.bcra.wholesale_fx,5
2026-06-09,1446.1668,series.ar.bcra.wholesale_fx,5
2026-06-10,1436.585,series.ar.bcra.wholesale_fx,5
2026-06-11,1429.0298,series.ar.bcra.wholesale_fx,5
2026-06-12,1430.8092,series.ar.bcra.wholesale_fx,5
2026-06-16,1432.6696,series.ar.bcra.wholesale_fx,5
2026-06-17,1439.2199,series.ar.bcra.wholesale_fx,5
2026-06-18,1449.5799,series.ar.bcra.wholesale_fx,5
2026-06-19,1460.2498,series.ar.bcra.wholesale_fx,5
2026-06-22,1457.3057,series.ar.bcra.wholesale_fx,5
2026-06-23,1469.9138,series.ar.bcra.wholesale_fx,5
2026-06-24,1478.0437,series.ar.bcra.wholesale_fx,5
2026-06-25,1477.2991,series.ar.bcra.wholesale_fx,5
2026-06-26,1474.7207,series.ar.bcra.wholesale_fx,5
2026-06-29,1480.6598,series.ar.bcra.wholesale_fx,5
2026-06-30,1483.0198,series.ar.bcra.wholesale_fx,5
2026-07-01,1487.769,series.ar.bcra.wholesale_fx,5
2026-07-02,1490.6754,series.ar.bcra.wholesale_fx,5
2026-07-03,1488.5858,series.ar.bcra.wholesale_fx,5
2026-07-06,1489.5949,series.ar.bcra.wholesale_fx,5
2026-07-07,1491.55,series.ar.bcra.wholesale_fx,5
2026-07-08,1490.9024,series.ar.bcra.wholesale_fx,5
2026-07-13,1486.0549,series.ar.bcra.wholesale_fx,5
2026-07-14,1474.7373,series.ar.bcra.wholesale_fx,5
2026-07-15,1475.4431,series.ar.bcra.wholesale_fx,5
2026-07-16,1474.7696,series.ar.bcra.wholesale_fx,5
2026-07-17,1480.1223,series.ar.bcra.wholesale_fx,5
2026-07-20,1480.175,series.ar.bcra.wholesale_fx,5
2026-07-21,1477.7,series.ar.bcra.wholesale_fx,5
2026-07-22,1480.8616,series.ar.bcra.wholesale_fx,5
2026-07-23,1489.7656,series.ar.bcra.wholesale_fx,5
2026-07-24,1494.3744,series.ar.bcra.wholesale_fx,5
2026-07-27,1498.5117,series.ar.bcra.wholesale_fx,5
2026-07-28,1499.8387,series.ar.bcra.wholesale_fx,5
2026-07-29,1496.3521,series.ar.bcra.wholesale_fx,5
2026-07-30,1490.8431,series.ar.bcra.wholesale_fx,5
2026-07-31,1488.4531,series.ar.bcra.wholesale_fx,5
2026-08-03,1493.4428,series.ar.bcra.wholesale_fx,5
2026-08-04,1496.4509,series.ar.bcra.wholesale_fx,5
2026-08-05,1496.3132,series.ar.bcra.wholesale_fx,5
2026-08-06,1497.0062,series.ar.bcra.wholesale_fx,5
2026-08-07,1498.4355,series.ar.bcra.wholesale_fx,5
2026-08-10,1498.0939,series.ar.bcra.wholesale_fx,5
2026-08-11,1492.179,series.ar.bcra.wholesale_fx,5
2026-08-12,1492.5477,series.ar.bcra.wholesale_fx,5
2026-08-13,1491.8387,series.ar.bcra.wholesale_fx,5
2026-08-14,1488.6984,series.ar.bcra.wholesale_fx,5
