date,value,series_id,provider_series_id
2001-06-01,577.0,series.ar.bcra.peso_deposits_at_bcra,19
2001-06-04,879.0,series.ar.bcra.peso_deposits_at_bcra,19
2001-06-05,977.0,series.ar.bcra.peso_deposits_at_bcra,19
2001-06-06,1067.0,series.ar.bcra.peso_deposits_at_bcra,19
2001-06-07,1080.0,series.ar.bcra.peso_deposits_at_bcra,19
2001-06-08,1643.0,series.ar.bcra.peso_deposits_at_bcra,19
2001-06-11,1763.0,series.ar.bcra.peso_deposits_at_bcra,19
2001-06-12,1968.0,series.ar.bcra.peso_deposits_at_bcra,19
2001-06-13,2090.0,series.ar.bcra.peso_deposits_at_bcra,19
2001-06-14,2101.0,series.ar.bcra.peso_deposits_at_bcra,19
2001-06-15,1657.0,series.ar.bcra.peso_deposits_at_bcra,19
2001-06-19,2196.0,series.ar.bcra.peso_deposits_at_bcra,19
2001-06-20,2134.0,series.ar.bcra.peso_deposits_at_bcra,19
2001-06-21,1865.0,series.ar.bcra.peso_deposits_at_bcra,19
2001-06-22,1677.0,series.ar.bcra.peso_deposits_at_bcra,19
2001-06-25,1878.0,series.ar.bcra.peso_deposits_at_bcra,19
2001-06-26,1801.0,series.ar.bcra.peso_deposits_at_bcra,19
2001-06-27,1582.0,series.ar.bcra.peso_deposits_at_bcra,19
2001-06-28,1410.0,series.ar.bcra.peso_deposits_at_bcra,19
2001-06-29,1354.0,series.ar.bcra.peso_deposits_at_bcra,19
2001-07-02,1649.0,series.ar.bcra.peso_deposits_at_bcra,19
2001-07-03,1869.0,series.ar.bcra.peso_deposits_at_bcra,19
2001-07-04,1462.0,series.ar.bcra.peso_deposits_at_bcra,19
2001-07-05,1436.0,series.ar.bcra.peso_deposits_at_bcra,19
2001-07-06,1319.0,series.ar.bcra.peso_deposits_at_bcra,19
2001-07-10,1726.0,series.ar.bcra.peso_deposits_at_bcra,19
2001-07-11,1530.0,series.ar.bcra.peso_deposits_at_bcra,19
2001-07-12,1552.0,series.ar.bcra.peso_deposits_at_bcra,19
2001-07-13,1840.0,series.ar.bcra.peso_deposits_at_bcra,19
2001-07-16,1462.0,series.ar.bcra.peso_deposits_at_bcra,19
2001-07-17,1740.0,series.ar.bcra.peso_deposits_at_bcra,19
2001-07-18,1440.0,series.ar.bcra.peso_deposits_at_bcra,19
2001-07-19,1350.0,series.ar.bcra.peso_deposits_at_bcra,19
2001-07-20,1560.0,series.ar.bcra.peso_deposits_at_bcra,19
2001-07-23,1528.0,series.ar.bcra.peso_deposits_at_bcra,19
2001-07-24,1410.0,series.ar.bcra.peso_deposits_at_bcra,19
2001-07-25,1275.0,series.ar.bcra.peso_deposits_at_bcra,19
2001-07-26,1134.0,series.ar.bcra.peso_deposits_at_bcra,19
2001-07-27,1103.0,series.ar.bcra.peso_deposits_at_bcra,19
2001-07-30,1161.0,series.ar.bcra.peso_deposits_at_bcra,19
2001-07-31,1321.0,series.ar.bcra.peso_deposits_at_bcra,19
2001-08-01,1247.0,series.ar.bcra.peso_deposits_at_bcra,19
2001-08-02,1229.0,series.ar.bcra.peso_deposits_at_bcra,19
2001-08-03,874.0,series.ar.bcra.peso_deposits_at_bcra,19
2001-08-06,1036.0,series.ar.bcra.peso_deposits_at_bcra,19
2001-08-07,1117.0,series.ar.bcra.peso_deposits_at_bcra,19
2001-08-08,1088.0,series.ar.bcra.peso_deposits_at_bcra,19
2001-08-09,1293.0,series.ar.bcra.peso_deposits_at_bcra,19
2001-08-10,1161.0,series.ar.bcra.peso_deposits_at_bcra,19
2001-08-13,1294.0,series.ar.bcra.peso_deposits_at_bcra,19
2001-08-14,1304.0,series.ar.bcra.peso_deposits_at_bcra,19
2001-08-15,1461.0,series.ar.bcra.peso_deposits_at_bcra,19
2001-08-16,1466.0,series.ar.bcra.peso_deposits_at_bcra,19
2001-08-17,1369.0,series.ar.bcra.peso_deposits_at_bcra,19
2001-08-21,1368.0,series.ar.bcra.peso_deposits_at_bcra,19
2001-08-22,1394.0,series.ar.bcra.peso_deposits_at_bcra,19
2001-08-23,1599.0,series.ar.bcra.peso_deposits_at_bcra,19
2001-08-24,1595.0,series.ar.bcra.peso_deposits_at_bcra,19
2001-08-27,1684.0,series.ar.bcra.peso_deposits_at_bcra,19
2001-08-28,1552.0,series.ar.bcra.peso_deposits_at_bcra,19
2001-08-29,1666.0,series.ar.bcra.peso_deposits_at_bcra,19
2001-08-30,1161.0,series.ar.bcra.peso_deposits_at_bcra,19
2001-08-31,1127.0,series.ar.bcra.peso_deposits_at_bcra,19
2001-09-03,1157.0,series.ar.bcra.peso_deposits_at_bcra,19
2001-09-04,1145.0,series.ar.bcra.peso_deposits_at_bcra,19
2001-09-05,1126.0,series.ar.bcra.peso_deposits_at_bcra,19
2001-09-06,1217.0,series.ar.bcra.peso_deposits_at_bcra,19
2001-09-07,1188.0,series.ar.bcra.peso_deposits_at_bcra,19
2001-09-10,1216.0,series.ar.bcra.peso_deposits_at_bcra,19
2001-09-11,1421.0,series.ar.bcra.peso_deposits_at_bcra,19
2001-09-12,1420.0,series.ar.bcra.peso_deposits_at_bcra,19
2001-09-13,1575.0,series.ar.bcra.peso_deposits_at_bcra,19
2001-09-14,1485.0,series.ar.bcra.peso_deposits_at_bcra,19
2001-09-17,1379.0,series.ar.bcra.peso_deposits_at_bcra,19
2001-09-18,1722.0,series.ar.bcra.peso_deposits_at_bcra,19
2001-09-19,1392.0,series.ar.bcra.peso_deposits_at_bcra,19
2001-09-20,1486.0,series.ar.bcra.peso_deposits_at_bcra,19
2001-09-21,1494.0,series.ar.bcra.peso_deposits_at_bcra,19
2001-09-24,2474.0,series.ar.bcra.peso_deposits_at_bcra,19
2001-09-25,2026.0,series.ar.bcra.peso_deposits_at_bcra,19
2001-09-26,1776.0,series.ar.bcra.peso_deposits_at_bcra,19
2001-09-27,1591.0,series.ar.bcra.peso_deposits_at_bcra,19
2001-09-28,1329.0,series.ar.bcra.peso_deposits_at_bcra,19
2001-10-01,1207.0,series.ar.bcra.peso_deposits_at_bcra,19
2001-10-02,1404.0,series.ar.bcra.peso_deposits_at_bcra,19
2001-10-03,1220.0,series.ar.bcra.peso_deposits_at_bcra,19
2001-10-04,1118.0,series.ar.bcra.peso_deposits_at_bcra,19
2001-10-05,1185.0,series.ar.bcra.peso_deposits_at_bcra,19
2001-10-09,1250.0,series.ar.bcra.peso_deposits_at_bcra,19
2001-10-10,1350.0,series.ar.bcra.peso_deposits_at_bcra,19
2001-10-11,1271.0,series.ar.bcra.peso_deposits_at_bcra,19
2001-10-12,1230.0,series.ar.bcra.peso_deposits_at_bcra,19
2001-10-15,1334.0,series.ar.bcra.peso_deposits_at_bcra,19
2001-10-16,1372.0,series.ar.bcra.peso_deposits_at_bcra,19
2001-10-17,1288.0,series.ar.bcra.peso_deposits_at_bcra,19
2001-10-18,1613.0,series.ar.bcra.peso_deposits_at_bcra,19
2001-10-19,1235.0,series.ar.bcra.peso_deposits_at_bcra,19
2001-10-22,1274.0,series.ar.bcra.peso_deposits_at_bcra,19
2001-10-23,1438.0,series.ar.bcra.peso_deposits_at_bcra,19
2001-10-24,1226.0,series.ar.bcra.peso_deposits_at_bcra,19
2001-10-25,1291.0,series.ar.bcra.peso_deposits_at_bcra,19
2001-10-26,1409.0,series.ar.bcra.peso_deposits_at_bcra,19
2001-10-29,1378.0,series.ar.bcra.peso_deposits_at_bcra,19
2001-10-30,1182.0,series.ar.bcra.peso_deposits_at_bcra,19
2001-10-31,1257.0,series.ar.bcra.peso_deposits_at_bcra,19
2001-11-01,1174.0,series.ar.bcra.peso_deposits_at_bcra,19
2001-11-02,939.0,series.ar.bcra.peso_deposits_at_bcra,19
2001-11-05,987.0,series.ar.bcra.peso_deposits_at_bcra,19
2001-11-07,1033.0,series.ar.bcra.peso_deposits_at_bcra,19
2001-11-08,940.0,series.ar.bcra.peso_deposits_at_bcra,19
2001-11-09,984.0,series.ar.bcra.peso_deposits_at_bcra,19
2001-11-12,939.0,series.ar.bcra.peso_deposits_at_bcra,19
2001-11-13,1097.0,series.ar.bcra.peso_deposits_at_bcra,19
2001-11-14,1236.0,series.ar.bcra.peso_deposits_at_bcra,19
2001-11-15,1188.0,series.ar.bcra.peso_deposits_at_bcra,19
2001-11-16,1190.0,series.ar.bcra.peso_deposits_at_bcra,19
2001-11-19,1070.0,series.ar.bcra.peso_deposits_at_bcra,19
2001-11-20,1040.0,series.ar.bcra.peso_deposits_at_bcra,19
2001-11-21,963.0,series.ar.bcra.peso_deposits_at_bcra,19
2001-11-22,1029.0,series.ar.bcra.peso_deposits_at_bcra,19
2001-11-23,1133.0,series.ar.bcra.peso_deposits_at_bcra,19
2001-11-26,1142.0,series.ar.bcra.peso_deposits_at_bcra,19
2001-11-27,1107.0,series.ar.bcra.peso_deposits_at_bcra,19
2001-11-28,1062.0,series.ar.bcra.peso_deposits_at_bcra,19
2001-11-29,920.0,series.ar.bcra.peso_deposits_at_bcra,19
2001-11-30,868.0,series.ar.bcra.peso_deposits_at_bcra,19
2001-12-03,1126.0,series.ar.bcra.peso_deposits_at_bcra,19
2001-12-04,1324.0,series.ar.bcra.peso_deposits_at_bcra,19
2001-12-05,1168.0,series.ar.bcra.peso_deposits_at_bcra,19
2001-12-06,1068.0,series.ar.bcra.peso_deposits_at_bcra,19
2001-12-07,910.0,series.ar.bcra.peso_deposits_at_bcra,19
2001-12-10,1191.0,series.ar.bcra.peso_deposits_at_bcra,19
2001-12-11,1182.0,series.ar.bcra.peso_deposits_at_bcra,19
2001-12-12,1180.0,series.ar.bcra.peso_deposits_at_bcra,19
2001-12-13,1182.0,series.ar.bcra.peso_deposits_at_bcra,19
2001-12-14,1131.0,series.ar.bcra.peso_deposits_at_bcra,19
2001-12-17,1344.0,series.ar.bcra.peso_deposits_at_bcra,19
2001-12-18,1308.0,series.ar.bcra.peso_deposits_at_bcra,19
2001-12-19,1208.0,series.ar.bcra.peso_deposits_at_bcra,19
2001-12-20,1067.0,series.ar.bcra.peso_deposits_at_bcra,19
2001-12-21,812.0,series.ar.bcra.peso_deposits_at_bcra,19
2001-12-24,814.0,series.ar.bcra.peso_deposits_at_bcra,19
2001-12-26,842.0,series.ar.bcra.peso_deposits_at_bcra,19
2001-12-27,1430.0,series.ar.bcra.peso_deposits_at_bcra,19
2001-12-28,1086.0,series.ar.bcra.peso_deposits_at_bcra,19
2001-12-31,998.0,series.ar.bcra.peso_deposits_at_bcra,19
2002-01-02,1106.0,series.ar.bcra.peso_deposits_at_bcra,19
2002-01-03,1096.0,series.ar.bcra.peso_deposits_at_bcra,19
2002-01-04,990.0,series.ar.bcra.peso_deposits_at_bcra,19
2002-01-07,1155.0,series.ar.bcra.peso_deposits_at_bcra,19
2002-01-08,1303.0,series.ar.bcra.peso_deposits_at_bcra,19
2002-01-09,1423.0,series.ar.bcra.peso_deposits_at_bcra,19
2002-01-10,1367.0,series.ar.bcra.peso_deposits_at_bcra,19
2002-01-11,3108.0,series.ar.bcra.peso_deposits_at_bcra,19
2002-01-14,3202.0,series.ar.bcra.peso_deposits_at_bcra,19
2002-01-15,3753.0,series.ar.bcra.peso_deposits_at_bcra,19
2002-01-16,3868.0,series.ar.bcra.peso_deposits_at_bcra,19
2002-01-17,3876.0,series.ar.bcra.peso_deposits_at_bcra,19
2002-01-18,3800.0,series.ar.bcra.peso_deposits_at_bcra,19
2002-01-21,3762.0,series.ar.bcra.peso_deposits_at_bcra,19
2002-01-22,3861.0,series.ar.bcra.peso_deposits_at_bcra,19
2002-01-23,4046.0,series.ar.bcra.peso_deposits_at_bcra,19
2002-01-24,4161.0,series.ar.bcra.peso_deposits_at_bcra,19
2002-01-25,4204.0,series.ar.bcra.peso_deposits_at_bcra,19
2002-01-28,4154.0,series.ar.bcra.peso_deposits_at_bcra,19
2002-01-29,4173.0,series.ar.bcra.peso_deposits_at_bcra,19
2002-01-30,4308.0,series.ar.bcra.peso_deposits_at_bcra,19
2002-01-31,4333.0,series.ar.bcra.peso_deposits_at_bcra,19
2002-02-01,4123.0,series.ar.bcra.peso_deposits_at_bcra,19
2002-02-04,3877.0,series.ar.bcra.peso_deposits_at_bcra,19
2002-02-05,7837.0,series.ar.bcra.peso_deposits_at_bcra,19
2002-02-06,7772.0,series.ar.bcra.peso_deposits_at_bcra,19
2002-02-07,7889.0,series.ar.bcra.peso_deposits_at_bcra,19
2002-02-08,7961.0,series.ar.bcra.peso_deposits_at_bcra,19
2002-02-11,8091.0,series.ar.bcra.peso_deposits_at_bcra,19
2002-02-12,8091.0,series.ar.bcra.peso_deposits_at_bcra,19
2002-02-13,8104.0,series.ar.bcra.peso_deposits_at_bcra,19
2002-02-14,8138.0,series.ar.bcra.peso_deposits_at_bcra,19
2002-02-15,8217.0,series.ar.bcra.peso_deposits_at_bcra,19
2002-02-18,8141.0,series.ar.bcra.peso_deposits_at_bcra,19
2002-02-19,8142.0,series.ar.bcra.peso_deposits_at_bcra,19
2002-02-20,8060.0,series.ar.bcra.peso_deposits_at_bcra,19
2002-02-21,8071.0,series.ar.bcra.peso_deposits_at_bcra,19
2002-02-22,8059.0,series.ar.bcra.peso_deposits_at_bcra,19
2002-02-25,8095.0,series.ar.bcra.peso_deposits_at_bcra,19
2002-02-26,8126.0,series.ar.bcra.peso_deposits_at_bcra,19
2002-02-27,7938.0,series.ar.bcra.peso_deposits_at_bcra,19
2002-02-28,7724.0,series.ar.bcra.peso_deposits_at_bcra,19
2002-03-01,7911.0,series.ar.bcra.peso_deposits_at_bcra,19
2002-03-04,7794.0,series.ar.bcra.peso_deposits_at_bcra,19
2002-03-05,8528.0,series.ar.bcra.peso_deposits_at_bcra,19
2002-03-06,8514.0,series.ar.bcra.peso_deposits_at_bcra,19
2002-03-07,8442.0,series.ar.bcra.peso_deposits_at_bcra,19
2002-03-08,8165.0,series.ar.bcra.peso_deposits_at_bcra,19
2002-03-11,8306.0,series.ar.bcra.peso_deposits_at_bcra,19
2002-03-12,7982.0,series.ar.bcra.peso_deposits_at_bcra,19
2002-03-13,7824.0,series.ar.bcra.peso_deposits_at_bcra,19
2002-03-14,7499.0,series.ar.bcra.peso_deposits_at_bcra,19
2002-03-15,7329.0,series.ar.bcra.peso_deposits_at_bcra,19
2002-03-18,7263.0,series.ar.bcra.peso_deposits_at_bcra,19
2002-03-19,7097.0,series.ar.bcra.peso_deposits_at_bcra,19
2002-03-20,6926.0,series.ar.bcra.peso_deposits_at_bcra,19
2002-03-21,6641.0,series.ar.bcra.peso_deposits_at_bcra,19
2002-03-22,6652.0,series.ar.bcra.peso_deposits_at_bcra,19
2002-03-25,6669.0,series.ar.bcra.peso_deposits_at_bcra,19
2002-03-26,6261.0,series.ar.bcra.peso_deposits_at_bcra,19
2002-03-27,6219.0,series.ar.bcra.peso_deposits_at_bcra,19
2002-04-02,6146.0,series.ar.bcra.peso_deposits_at_bcra,19
2002-04-03,6395.0,series.ar.bcra.peso_deposits_at_bcra,19
2002-04-04,6575.0,series.ar.bcra.peso_deposits_at_bcra,19
2002-04-05,6780.0,series.ar.bcra.peso_deposits_at_bcra,19
2002-04-08,6915.0,series.ar.bcra.peso_deposits_at_bcra,19
2002-04-09,6917.0,series.ar.bcra.peso_deposits_at_bcra,19
2002-04-10,6721.0,series.ar.bcra.peso_deposits_at_bcra,19
2002-04-11,6472.0,series.ar.bcra.peso_deposits_at_bcra,19
2002-04-12,6357.0,series.ar.bcra.peso_deposits_at_bcra,19
2002-04-15,6382.0,series.ar.bcra.peso_deposits_at_bcra,19
2002-04-16,6374.0,series.ar.bcra.peso_deposits_at_bcra,19
2002-04-17,6412.0,series.ar.bcra.peso_deposits_at_bcra,19
2002-04-18,6362.0,series.ar.bcra.peso_deposits_at_bcra,19
2002-04-19,6194.0,series.ar.bcra.peso_deposits_at_bcra,19
2002-04-22,6153.0,series.ar.bcra.peso_deposits_at_bcra,19
2002-04-23,6238.0,series.ar.bcra.peso_deposits_at_bcra,19
2002-04-24,6269.0,series.ar.bcra.peso_deposits_at_bcra,19
2002-04-25,6204.0,series.ar.bcra.peso_deposits_at_bcra,19
2002-04-26,6272.0,series.ar.bcra.peso_deposits_at_bcra,19
2002-04-29,6349.0,series.ar.bcra.peso_deposits_at_bcra,19
2002-04-30,6380.0,series.ar.bcra.peso_deposits_at_bcra,19
2002-05-02,6306.0,series.ar.bcra.peso_deposits_at_bcra,19
2002-05-03,6512.0,series.ar.bcra.peso_deposits_at_bcra,19
2002-05-06,6277.0,series.ar.bcra.peso_deposits_at_bcra,19
2002-05-07,6328.0,series.ar.bcra.peso_deposits_at_bcra,19
2002-05-08,6077.0,series.ar.bcra.peso_deposits_at_bcra,19
2002-05-09,6199.0,series.ar.bcra.peso_deposits_at_bcra,19
2002-05-10,6725.0,series.ar.bcra.peso_deposits_at_bcra,19
2002-05-13,6642.0,series.ar.bcra.peso_deposits_at_bcra,19
2002-05-14,6578.0,series.ar.bcra.peso_deposits_at_bcra,19
2002-05-15,6547.0,series.ar.bcra.peso_deposits_at_bcra,19
2002-05-16,6553.0,series.ar.bcra.peso_deposits_at_bcra,19
2002-05-17,6418.0,series.ar.bcra.peso_deposits_at_bcra,19
2002-05-20,6305.0,series.ar.bcra.peso_deposits_at_bcra,19
2002-05-21,6117.0,series.ar.bcra.peso_deposits_at_bcra,19
2002-05-22,6018.0,series.ar.bcra.peso_deposits_at_bcra,19
2002-05-23,6198.0,series.ar.bcra.peso_deposits_at_bcra,19
2002-05-24,6360.0,series.ar.bcra.peso_deposits_at_bcra,19
2002-05-27,6398.0,series.ar.bcra.peso_deposits_at_bcra,19
2002-05-28,6271.0,series.ar.bcra.peso_deposits_at_bcra,19
2002-05-29,6090.0,series.ar.bcra.peso_deposits_at_bcra,19
2002-05-30,5819.0,series.ar.bcra.peso_deposits_at_bcra,19
2002-05-31,5752.0,series.ar.bcra.peso_deposits_at_bcra,19
2002-06-03,5963.0,series.ar.bcra.peso_deposits_at_bcra,19
2002-06-04,5874.0,series.ar.bcra.peso_deposits_at_bcra,19
2002-06-05,5676.0,series.ar.bcra.peso_deposits_at_bcra,19
2002-06-06,5479.0,series.ar.bcra.peso_deposits_at_bcra,19
2002-06-07,5305.0,series.ar.bcra.peso_deposits_at_bcra,19
2002-06-10,5326.0,series.ar.bcra.peso_deposits_at_bcra,19
2002-06-11,5241.0,series.ar.bcra.peso_deposits_at_bcra,19
2002-06-12,5250.0,series.ar.bcra.peso_deposits_at_bcra,19
2002-06-13,5260.0,series.ar.bcra.peso_deposits_at_bcra,19
2002-06-14,5205.0,series.ar.bcra.peso_deposits_at_bcra,19
2002-06-18,5286.0,series.ar.bcra.peso_deposits_at_bcra,19
2002-06-19,5291.0,series.ar.bcra.peso_deposits_at_bcra,19
2002-06-20,5321.0,series.ar.bcra.peso_deposits_at_bcra,19
2002-06-21,5280.0,series.ar.bcra.peso_deposits_at_bcra,19
2002-06-24,5135.0,series.ar.bcra.peso_deposits_at_bcra,19
2002-06-25,5297.0,series.ar.bcra.peso_deposits_at_bcra,19
2002-06-26,5356.0,series.ar.bcra.peso_deposits_at_bcra,19
2002-06-27,5354.0,series.ar.bcra.peso_deposits_at_bcra,19
2002-06-28,5441.0,series.ar.bcra.peso_deposits_at_bcra,19
2002-07-01,5396.0,series.ar.bcra.peso_deposits_at_bcra,19
2002-07-02,5268.0,series.ar.bcra.peso_deposits_at_bcra,19
2002-07-03,5351.0,series.ar.bcra.peso_deposits_at_bcra,19
2002-07-04,5170.0,series.ar.bcra.peso_deposits_at_bcra,19
2002-07-05,4909.0,series.ar.bcra.peso_deposits_at_bcra,19
2002-07-08,4888.0,series.ar.bcra.peso_deposits_at_bcra,19
2002-07-10,4876.0,series.ar.bcra.peso_deposits_at_bcra,19
2002-07-11,4919.0,series.ar.bcra.peso_deposits_at_bcra,19
2002-07-12,4539.0,series.ar.bcra.peso_deposits_at_bcra,19
2002-07-15,4757.0,series.ar.bcra.peso_deposits_at_bcra,19
2002-07-16,5018.0,series.ar.bcra.peso_deposits_at_bcra,19
2002-07-17,5150.0,series.ar.bcra.peso_deposits_at_bcra,19
2002-07-18,4986.0,series.ar.bcra.peso_deposits_at_bcra,19
2002-07-19,4887.0,series.ar.bcra.peso_deposits_at_bcra,19
2002-07-22,5018.0,series.ar.bcra.peso_deposits_at_bcra,19
2002-07-23,5082.0,series.ar.bcra.peso_deposits_at_bcra,19
2002-07-24,5100.0,series.ar.bcra.peso_deposits_at_bcra,19
2002-07-25,5251.0,series.ar.bcra.peso_deposits_at_bcra,19
2002-07-26,5275.0,series.ar.bcra.peso_deposits_at_bcra,19
2002-07-29,5330.0,series.ar.bcra.peso_deposits_at_bcra,19
2002-07-30,5597.0,series.ar.bcra.peso_deposits_at_bcra,19
2002-07-31,5461.0,series.ar.bcra.peso_deposits_at_bcra,19
2002-08-01,5345.0,series.ar.bcra.peso_deposits_at_bcra,19
2002-08-02,5204.0,series.ar.bcra.peso_deposits_at_bcra,19
2002-08-05,5416.0,series.ar.bcra.peso_deposits_at_bcra,19
2002-08-06,5534.0,series.ar.bcra.peso_deposits_at_bcra,19
2002-08-07,5501.0,series.ar.bcra.peso_deposits_at_bcra,19
2002-08-08,5818.0,series.ar.bcra.peso_deposits_at_bcra,19
2002-08-09,5644.0,series.ar.bcra.peso_deposits_at_bcra,19
2002-08-12,5669.0,series.ar.bcra.peso_deposits_at_bcra,19
2002-08-13,5848.0,series.ar.bcra.peso_deposits_at_bcra,19
2002-08-14,5819.0,series.ar.bcra.peso_deposits_at_bcra,19
2002-08-15,5911.0,series.ar.bcra.peso_deposits_at_bcra,19
2002-08-16,5854.0,series.ar.bcra.peso_deposits_at_bcra,19
2002-08-20,6023.0,series.ar.bcra.peso_deposits_at_bcra,19
2002-08-21,6036.0,series.ar.bcra.peso_deposits_at_bcra,19
2002-08-22,6334.0,series.ar.bcra.peso_deposits_at_bcra,19
2002-08-23,6108.0,series.ar.bcra.peso_deposits_at_bcra,19
2002-08-26,6189.0,series.ar.bcra.peso_deposits_at_bcra,19
2002-08-27,6253.0,series.ar.bcra.peso_deposits_at_bcra,19
2002-08-28,6362.0,series.ar.bcra.peso_deposits_at_bcra,19
2002-08-29,6440.0,series.ar.bcra.peso_deposits_at_bcra,19
2002-08-30,6367.0,series.ar.bcra.peso_deposits_at_bcra,19
2002-09-02,6275.0,series.ar.bcra.peso_deposits_at_bcra,19
2002-09-03,6369.0,series.ar.bcra.peso_deposits_at_bcra,19
2002-09-04,6442.0,series.ar.bcra.peso_deposits_at_bcra,19
2002-09-05,6467.0,series.ar.bcra.peso_deposits_at_bcra,19
2002-09-06,6585.0,series.ar.bcra.peso_deposits_at_bcra,19
2002-09-09,6692.0,series.ar.bcra.peso_deposits_at_bcra,19
2002-09-10,6876.0,series.ar.bcra.peso_deposits_at_bcra,19
2002-09-11,7033.0,series.ar.bcra.peso_deposits_at_bcra,19
2002-09-12,7183.0,series.ar.bcra.peso_deposits_at_bcra,19
2002-09-13,7283.0,series.ar.bcra.peso_deposits_at_bcra,19
2002-09-16,7449.0,series.ar.bcra.peso_deposits_at_bcra,19
2002-09-17,7538.0,series.ar.bcra.peso_deposits_at_bcra,19
2002-09-18,7459.0,series.ar.bcra.peso_deposits_at_bcra,19
2002-09-19,7548.0,series.ar.bcra.peso_deposits_at_bcra,19
2002-09-20,7760.0,series.ar.bcra.peso_deposits_at_bcra,19
2002-09-23,7865.0,series.ar.bcra.peso_deposits_at_bcra,19
2002-09-24,7968.0,series.ar.bcra.peso_deposits_at_bcra,19
2002-09-25,7981.0,series.ar.bcra.peso_deposits_at_bcra,19
2002-09-26,7976.0,series.ar.bcra.peso_deposits_at_bcra,19
2002-09-27,7783.0,series.ar.bcra.peso_deposits_at_bcra,19
2002-09-30,7750.0,series.ar.bcra.peso_deposits_at_bcra,19
2002-10-01,7705.0,series.ar.bcra.peso_deposits_at_bcra,19
2002-10-02,7616.0,series.ar.bcra.peso_deposits_at_bcra,19
2002-10-03,7531.0,series.ar.bcra.peso_deposits_at_bcra,19
2002-10-04,7490.0,series.ar.bcra.peso_deposits_at_bcra,19
2002-10-07,7476.0,series.ar.bcra.peso_deposits_at_bcra,19
2002-10-08,7533.0,series.ar.bcra.peso_deposits_at_bcra,19
2002-10-09,7881.0,series.ar.bcra.peso_deposits_at_bcra,19
2002-10-10,8054.0,series.ar.bcra.peso_deposits_at_bcra,19
2002-10-11,7888.0,series.ar.bcra.peso_deposits_at_bcra,19
2002-10-15,8138.0,series.ar.bcra.peso_deposits_at_bcra,19
2002-10-16,8417.0,series.ar.bcra.peso_deposits_at_bcra,19
2002-10-17,8576.0,series.ar.bcra.peso_deposits_at_bcra,19
2002-10-18,8357.0,series.ar.bcra.peso_deposits_at_bcra,19
2002-10-21,8462.0,series.ar.bcra.peso_deposits_at_bcra,19
2002-10-22,8539.0,series.ar.bcra.peso_deposits_at_bcra,19
2002-10-23,8696.0,series.ar.bcra.peso_deposits_at_bcra,19
2002-10-24,8754.0,series.ar.bcra.peso_deposits_at_bcra,19
2002-10-25,8850.0,series.ar.bcra.peso_deposits_at_bcra,19
2002-10-28,8963.0,series.ar.bcra.peso_deposits_at_bcra,19
2002-10-29,9063.0,series.ar.bcra.peso_deposits_at_bcra,19
2002-10-30,9220.0,series.ar.bcra.peso_deposits_at_bcra,19
2002-10-31,9215.0,series.ar.bcra.peso_deposits_at_bcra,19
2002-11-01,9122.0,series.ar.bcra.peso_deposits_at_bcra,19
2002-11-04,8982.0,series.ar.bcra.peso_deposits_at_bcra,19
2002-11-05,8750.0,series.ar.bcra.peso_deposits_at_bcra,19
2002-11-07,8846.0,series.ar.bcra.peso_deposits_at_bcra,19
2002-11-08,9281.0,series.ar.bcra.peso_deposits_at_bcra,19
2002-11-11,9220.0,series.ar.bcra.peso_deposits_at_bcra,19
2002-11-12,9405.0,series.ar.bcra.peso_deposits_at_bcra,19
2002-11-13,9627.0,series.ar.bcra.peso_deposits_at_bcra,19
2002-11-14,9660.0,series.ar.bcra.peso_deposits_at_bcra,19
2002-11-15,9575.0,series.ar.bcra.peso_deposits_at_bcra,19
2002-11-18,9640.0,series.ar.bcra.peso_deposits_at_bcra,19
2002-11-19,9832.0,series.ar.bcra.peso_deposits_at_bcra,19
2002-11-20,9847.0,series.ar.bcra.peso_deposits_at_bcra,19
2002-11-21,9962.0,series.ar.bcra.peso_deposits_at_bcra,19
2002-11-22,10009.0,series.ar.bcra.peso_deposits_at_bcra,19
2002-11-25,10096.0,series.ar.bcra.peso_deposits_at_bcra,19
2002-11-26,10415.0,series.ar.bcra.peso_deposits_at_bcra,19
2002-11-27,10619.0,series.ar.bcra.peso_deposits_at_bcra,19
2002-11-28,10507.0,series.ar.bcra.peso_deposits_at_bcra,19
2002-11-29,10289.0,series.ar.bcra.peso_deposits_at_bcra,19
2002-12-02,10173.0,series.ar.bcra.peso_deposits_at_bcra,19
2002-12-03,10213.0,series.ar.bcra.peso_deposits_at_bcra,19
2002-12-04,10177.0,series.ar.bcra.peso_deposits_at_bcra,19
2002-12-05,9999.0,series.ar.bcra.peso_deposits_at_bcra,19
2002-12-06,9804.0,series.ar.bcra.peso_deposits_at_bcra,19
2002-12-09,9749.0,series.ar.bcra.peso_deposits_at_bcra,19
2002-12-10,9833.0,series.ar.bcra.peso_deposits_at_bcra,19
2002-12-11,9917.0,series.ar.bcra.peso_deposits_at_bcra,19
2002-12-12,10045.0,series.ar.bcra.peso_deposits_at_bcra,19
2002-12-13,9980.0,series.ar.bcra.peso_deposits_at_bcra,19
2002-12-16,9945.0,series.ar.bcra.peso_deposits_at_bcra,19
2002-12-17,9852.0,series.ar.bcra.peso_deposits_at_bcra,19
2002-12-18,9776.0,series.ar.bcra.peso_deposits_at_bcra,19
2002-12-19,9836.0,series.ar.bcra.peso_deposits_at_bcra,19
2002-12-20,9721.0,series.ar.bcra.peso_deposits_at_bcra,19
2002-12-23,9684.0,series.ar.bcra.peso_deposits_at_bcra,19
2002-12-24,9591.0,series.ar.bcra.peso_deposits_at_bcra,19
2002-12-26,9690.0,series.ar.bcra.peso_deposits_at_bcra,19
2002-12-27,9810.0,series.ar.bcra.peso_deposits_at_bcra,19
2002-12-30,10356.0,series.ar.bcra.peso_deposits_at_bcra,19
2002-12-31,10349.0,series.ar.bcra.peso_deposits_at_bcra,19
2003-01-02,10401.0,series.ar.bcra.peso_deposits_at_bcra,19
2003-01-03,10453.0,series.ar.bcra.peso_deposits_at_bcra,19
2003-01-06,10587.0,series.ar.bcra.peso_deposits_at_bcra,19
2003-01-07,10896.0,series.ar.bcra.peso_deposits_at_bcra,19
2003-01-08,11002.0,series.ar.bcra.peso_deposits_at_bcra,19
2003-01-09,10980.0,series.ar.bcra.peso_deposits_at_bcra,19
2003-01-10,10672.0,series.ar.bcra.peso_deposits_at_bcra,19
2003-01-13,10793.0,series.ar.bcra.peso_deposits_at_bcra,19
2003-01-14,10993.0,series.ar.bcra.peso_deposits_at_bcra,19
2003-01-15,11094.0,series.ar.bcra.peso_deposits_at_bcra,19
2003-01-16,11169.0,series.ar.bcra.peso_deposits_at_bcra,19
2003-01-17,10619.0,series.ar.bcra.peso_deposits_at_bcra,19
2003-01-20,10676.0,series.ar.bcra.peso_deposits_at_bcra,19
2003-01-21,10940.0,series.ar.bcra.peso_deposits_at_bcra,19
2003-01-22,10945.0,series.ar.bcra.peso_deposits_at_bcra,19
2003-01-23,11020.0,series.ar.bcra.peso_deposits_at_bcra,19
2003-01-24,11100.0,series.ar.bcra.peso_deposits_at_bcra,19
2003-01-27,11122.0,series.ar.bcra.peso_deposits_at_bcra,19
2003-01-28,11224.0,series.ar.bcra.peso_deposits_at_bcra,19
2003-01-29,11236.0,series.ar.bcra.peso_deposits_at_bcra,19
2003-01-30,11187.0,series.ar.bcra.peso_deposits_at_bcra,19
2003-01-31,10908.0,series.ar.bcra.peso_deposits_at_bcra,19
2003-02-03,10562.0,series.ar.bcra.peso_deposits_at_bcra,19
2003-02-04,10529.0,series.ar.bcra.peso_deposits_at_bcra,19
2003-02-05,10455.0,series.ar.bcra.peso_deposits_at_bcra,19
2003-02-06,10404.0,series.ar.bcra.peso_deposits_at_bcra,19
2003-02-07,10237.0,series.ar.bcra.peso_deposits_at_bcra,19
2003-02-10,9679.0,series.ar.bcra.peso_deposits_at_bcra,19
2003-02-11,9825.0,series.ar.bcra.peso_deposits_at_bcra,19
2003-02-12,10040.0,series.ar.bcra.peso_deposits_at_bcra,19
2003-02-13,10093.0,series.ar.bcra.peso_deposits_at_bcra,19
2003-02-14,10154.0,series.ar.bcra.peso_deposits_at_bcra,19
2003-02-17,10142.0,series.ar.bcra.peso_deposits_at_bcra,19
2003-02-18,10240.0,series.ar.bcra.peso_deposits_at_bcra,19
2003-02-19,10353.0,series.ar.bcra.peso_deposits_at_bcra,19
2003-02-20,11185.0,series.ar.bcra.peso_deposits_at_bcra,19
2003-02-21,11222.0,series.ar.bcra.peso_deposits_at_bcra,19
2003-02-24,11254.0,series.ar.bcra.peso_deposits_at_bcra,19
2003-02-25,11387.0,series.ar.bcra.peso_deposits_at_bcra,19
2003-02-26,11418.0,series.ar.bcra.peso_deposits_at_bcra,19
2003-02-27,11379.0,series.ar.bcra.peso_deposits_at_bcra,19
2003-02-28,11277.0,series.ar.bcra.peso_deposits_at_bcra,19
2003-03-03,11185.0,series.ar.bcra.peso_deposits_at_bcra,19
2003-03-04,11155.0,series.ar.bcra.peso_deposits_at_bcra,19
2003-03-05,11073.0,series.ar.bcra.peso_deposits_at_bcra,19
2003-03-06,10928.0,series.ar.bcra.peso_deposits_at_bcra,19
2003-03-07,10735.0,series.ar.bcra.peso_deposits_at_bcra,19
2003-03-10,10709.0,series.ar.bcra.peso_deposits_at_bcra,19
2003-03-11,10732.0,series.ar.bcra.peso_deposits_at_bcra,19
2003-03-12,10905.0,series.ar.bcra.peso_deposits_at_bcra,19
2003-03-13,10924.0,series.ar.bcra.peso_deposits_at_bcra,19
2003-03-14,10910.0,series.ar.bcra.peso_deposits_at_bcra,19
2003-03-17,10996.0,series.ar.bcra.peso_deposits_at_bcra,19
2003-03-18,11085.0,series.ar.bcra.peso_deposits_at_bcra,19
2003-03-19,11227.0,series.ar.bcra.peso_deposits_at_bcra,19
2003-03-20,11262.0,series.ar.bcra.peso_deposits_at_bcra,19
2003-03-21,11282.0,series.ar.bcra.peso_deposits_at_bcra,19
2003-03-24,11372.0,series.ar.bcra.peso_deposits_at_bcra,19
2003-03-25,11493.0,series.ar.bcra.peso_deposits_at_bcra,19
2003-03-26,11513.0,series.ar.bcra.peso_deposits_at_bcra,19
2003-03-27,11446.0,series.ar.bcra.peso_deposits_at_bcra,19
2003-03-28,11250.0,series.ar.bcra.peso_deposits_at_bcra,19
2003-04-01,11136.0,series.ar.bcra.peso_deposits_at_bcra,19
2003-04-02,11087.0,series.ar.bcra.peso_deposits_at_bcra,19
2003-04-03,11028.0,series.ar.bcra.peso_deposits_at_bcra,19
2003-04-04,10888.0,series.ar.bcra.peso_deposits_at_bcra,19
2003-04-07,10777.0,series.ar.bcra.peso_deposits_at_bcra,19
2003-04-08,10712.0,series.ar.bcra.peso_deposits_at_bcra,19
2003-04-09,10787.0,series.ar.bcra.peso_deposits_at_bcra,19
2003-04-10,10819.0,series.ar.bcra.peso_deposits_at_bcra,19
2003-04-11,10736.0,series.ar.bcra.peso_deposits_at_bcra,19
2003-04-14,10689.0,series.ar.bcra.peso_deposits_at_bcra,19
2003-04-15,10623.0,series.ar.bcra.peso_deposits_at_bcra,19
2003-04-16,10628.0,series.ar.bcra.peso_deposits_at_bcra,19
2003-04-21,10700.0,series.ar.bcra.peso_deposits_at_bcra,19
2003-04-22,11062.0,series.ar.bcra.peso_deposits_at_bcra,19
2003-04-23,11184.0,series.ar.bcra.peso_deposits_at_bcra,19
2003-04-24,11308.0,series.ar.bcra.peso_deposits_at_bcra,19
2003-04-25,11189.0,series.ar.bcra.peso_deposits_at_bcra,19
2003-04-28,11241.0,series.ar.bcra.peso_deposits_at_bcra,19
2003-04-29,11343.0,series.ar.bcra.peso_deposits_at_bcra,19
2003-04-30,11630.0,series.ar.bcra.peso_deposits_at_bcra,19
2003-05-02,11657.0,series.ar.bcra.peso_deposits_at_bcra,19
2003-05-05,11645.0,series.ar.bcra.peso_deposits_at_bcra,19
2003-05-06,11779.0,series.ar.bcra.peso_deposits_at_bcra,19
2003-05-07,11672.0,series.ar.bcra.peso_deposits_at_bcra,19
2003-05-08,11896.0,series.ar.bcra.peso_deposits_at_bcra,19
2003-05-09,12240.0,series.ar.bcra.peso_deposits_at_bcra,19
2003-05-12,12365.0,series.ar.bcra.peso_deposits_at_bcra,19
2003-05-13,12709.0,series.ar.bcra.peso_deposits_at_bcra,19
2003-05-14,12697.0,series.ar.bcra.peso_deposits_at_bcra,19
2003-05-15,12751.0,series.ar.bcra.peso_deposits_at_bcra,19
2003-05-16,12884.0,series.ar.bcra.peso_deposits_at_bcra,19
2003-05-19,12936.0,series.ar.bcra.peso_deposits_at_bcra,19
2003-05-20,13234.0,series.ar.bcra.peso_deposits_at_bcra,19
2003-05-21,13407.0,series.ar.bcra.peso_deposits_at_bcra,19
2003-05-22,13484.0,series.ar.bcra.peso_deposits_at_bcra,19
2003-05-23,13285.0,series.ar.bcra.peso_deposits_at_bcra,19
2003-05-26,13313.0,series.ar.bcra.peso_deposits_at_bcra,19
2003-05-27,13489.0,series.ar.bcra.peso_deposits_at_bcra,19
2003-05-28,13367.0,series.ar.bcra.peso_deposits_at_bcra,19
2003-05-29,13663.0,series.ar.bcra.peso_deposits_at_bcra,19
2003-05-30,13422.0,series.ar.bcra.peso_deposits_at_bcra,19
2003-06-02,13389.0,series.ar.bcra.peso_deposits_at_bcra,19
2003-06-03,13463.0,series.ar.bcra.peso_deposits_at_bcra,19
2003-06-04,13443.0,series.ar.bcra.peso_deposits_at_bcra,19
2003-06-05,13359.0,series.ar.bcra.peso_deposits_at_bcra,19
2003-06-06,13291.0,series.ar.bcra.peso_deposits_at_bcra,19
2003-06-09,13410.0,series.ar.bcra.peso_deposits_at_bcra,19
2003-06-10,13597.0,series.ar.bcra.peso_deposits_at_bcra,19
2003-06-11,13510.0,series.ar.bcra.peso_deposits_at_bcra,19
2003-06-12,13950.0,series.ar.bcra.peso_deposits_at_bcra,19
2003-06-13,14418.0,series.ar.bcra.peso_deposits_at_bcra,19
2003-06-17,14680.0,series.ar.bcra.peso_deposits_at_bcra,19
2003-06-18,14989.0,series.ar.bcra.peso_deposits_at_bcra,19
2003-06-19,15052.0,series.ar.bcra.peso_deposits_at_bcra,19
2003-06-20,15213.0,series.ar.bcra.peso_deposits_at_bcra,19
2003-06-23,15489.0,series.ar.bcra.peso_deposits_at_bcra,19
2003-06-24,15810.0,series.ar.bcra.peso_deposits_at_bcra,19
2003-06-25,15708.0,series.ar.bcra.peso_deposits_at_bcra,19
2003-06-26,15888.0,series.ar.bcra.peso_deposits_at_bcra,19
2003-06-27,15635.0,series.ar.bcra.peso_deposits_at_bcra,19
2003-06-30,15428.0,series.ar.bcra.peso_deposits_at_bcra,19
2003-07-01,15453.0,series.ar.bcra.peso_deposits_at_bcra,19
2003-07-02,15037.0,series.ar.bcra.peso_deposits_at_bcra,19
2003-07-03,14936.0,series.ar.bcra.peso_deposits_at_bcra,19
2003-07-04,14542.0,series.ar.bcra.peso_deposits_at_bcra,19
2003-07-07,14403.0,series.ar.bcra.peso_deposits_at_bcra,19
2003-07-08,14329.0,series.ar.bcra.peso_deposits_at_bcra,19
2003-07-10,14099.0,series.ar.bcra.peso_deposits_at_bcra,19
2003-07-11,13959.0,series.ar.bcra.peso_deposits_at_bcra,19
2003-07-14,14090.0,series.ar.bcra.peso_deposits_at_bcra,19
2003-07-15,14370.0,series.ar.bcra.peso_deposits_at_bcra,19
2003-07-16,14223.0,series.ar.bcra.peso_deposits_at_bcra,19
2003-07-17,13885.0,series.ar.bcra.peso_deposits_at_bcra,19
2003-07-18,13790.0,series.ar.bcra.peso_deposits_at_bcra,19
2003-07-21,13934.0,series.ar.bcra.peso_deposits_at_bcra,19
2003-07-22,14128.0,series.ar.bcra.peso_deposits_at_bcra,19
2003-07-23,14085.0,series.ar.bcra.peso_deposits_at_bcra,19
2003-07-24,14306.0,series.ar.bcra.peso_deposits_at_bcra,19
2003-07-25,14341.0,series.ar.bcra.peso_deposits_at_bcra,19
2003-07-28,14436.0,series.ar.bcra.peso_deposits_at_bcra,19
2003-07-29,14734.0,series.ar.bcra.peso_deposits_at_bcra,19
2003-07-30,14723.0,series.ar.bcra.peso_deposits_at_bcra,19
2003-07-31,14561.0,series.ar.bcra.peso_deposits_at_bcra,19
2003-08-01,14459.0,series.ar.bcra.peso_deposits_at_bcra,19
2003-08-04,13792.0,series.ar.bcra.peso_deposits_at_bcra,19
2003-08-05,13684.0,series.ar.bcra.peso_deposits_at_bcra,19
2003-08-06,13513.0,series.ar.bcra.peso_deposits_at_bcra,19
2003-08-07,13331.0,series.ar.bcra.peso_deposits_at_bcra,19
2003-08-08,13131.0,series.ar.bcra.peso_deposits_at_bcra,19
2003-08-11,13292.0,series.ar.bcra.peso_deposits_at_bcra,19
2003-08-12,13474.0,series.ar.bcra.peso_deposits_at_bcra,19
2003-08-13,14071.0,series.ar.bcra.peso_deposits_at_bcra,19
2003-08-14,14162.0,series.ar.bcra.peso_deposits_at_bcra,19
2003-08-15,14171.0,series.ar.bcra.peso_deposits_at_bcra,19
2003-08-19,14542.0,series.ar.bcra.peso_deposits_at_bcra,19
2003-08-20,14717.0,series.ar.bcra.peso_deposits_at_bcra,19
2003-08-21,14829.0,series.ar.bcra.peso_deposits_at_bcra,19
2003-08-22,14813.0,series.ar.bcra.peso_deposits_at_bcra,19
2003-08-25,14834.0,series.ar.bcra.peso_deposits_at_bcra,19
2003-08-26,15120.0,series.ar.bcra.peso_deposits_at_bcra,19
2003-08-27,15098.0,series.ar.bcra.peso_deposits_at_bcra,19
2003-08-28,14988.0,series.ar.bcra.peso_deposits_at_bcra,19
2003-08-29,14940.0,series.ar.bcra.peso_deposits_at_bcra,19
2003-09-01,14843.0,series.ar.bcra.peso_deposits_at_bcra,19
2003-09-02,14732.0,series.ar.bcra.peso_deposits_at_bcra,19
2003-09-03,14522.0,series.ar.bcra.peso_deposits_at_bcra,19
2003-09-04,14296.0,series.ar.bcra.peso_deposits_at_bcra,19
2003-09-05,14072.0,series.ar.bcra.peso_deposits_at_bcra,19
2003-09-08,13931.0,series.ar.bcra.peso_deposits_at_bcra,19
2003-09-09,14036.0,series.ar.bcra.peso_deposits_at_bcra,19
2003-09-10,14090.0,series.ar.bcra.peso_deposits_at_bcra,19
2003-09-11,13483.0,series.ar.bcra.peso_deposits_at_bcra,19
2003-09-12,13463.0,series.ar.bcra.peso_deposits_at_bcra,19
2003-09-15,13576.0,series.ar.bcra.peso_deposits_at_bcra,19
2003-09-16,13732.0,series.ar.bcra.peso_deposits_at_bcra,19
2003-09-17,13852.0,series.ar.bcra.peso_deposits_at_bcra,19
2003-09-18,13985.0,series.ar.bcra.peso_deposits_at_bcra,19
2003-09-19,14184.0,series.ar.bcra.peso_deposits_at_bcra,19
2003-09-22,14257.0,series.ar.bcra.peso_deposits_at_bcra,19
2003-09-23,14434.0,series.ar.bcra.peso_deposits_at_bcra,19
2003-09-24,14510.0,series.ar.bcra.peso_deposits_at_bcra,19
2003-09-25,14624.0,series.ar.bcra.peso_deposits_at_bcra,19
2003-09-26,14439.0,series.ar.bcra.peso_deposits_at_bcra,19
2003-09-29,14456.0,series.ar.bcra.peso_deposits_at_bcra,19
2003-09-30,15157.0,series.ar.bcra.peso_deposits_at_bcra,19
2003-10-01,15577.0,series.ar.bcra.peso_deposits_at_bcra,19
2003-10-02,15309.0,series.ar.bcra.peso_deposits_at_bcra,19
2003-10-03,15111.0,series.ar.bcra.peso_deposits_at_bcra,19
2003-10-06,14940.0,series.ar.bcra.peso_deposits_at_bcra,19
2003-10-07,14993.0,series.ar.bcra.peso_deposits_at_bcra,19
2003-10-08,15118.0,series.ar.bcra.peso_deposits_at_bcra,19
2003-10-09,15125.0,series.ar.bcra.peso_deposits_at_bcra,19
2003-10-10,15104.0,series.ar.bcra.peso_deposits_at_bcra,19
2003-10-14,15049.0,series.ar.bcra.peso_deposits_at_bcra,19
2003-10-15,15451.0,series.ar.bcra.peso_deposits_at_bcra,19
2003-10-16,15710.0,series.ar.bcra.peso_deposits_at_bcra,19
2003-10-17,15887.0,series.ar.bcra.peso_deposits_at_bcra,19
2003-10-20,16116.0,series.ar.bcra.peso_deposits_at_bcra,19
2003-10-21,16409.0,series.ar.bcra.peso_deposits_at_bcra,19
2003-10-22,16635.0,series.ar.bcra.peso_deposits_at_bcra,19
2003-10-23,16822.0,series.ar.bcra.peso_deposits_at_bcra,19
2003-10-24,16967.0,series.ar.bcra.peso_deposits_at_bcra,19
2003-10-27,17125.0,series.ar.bcra.peso_deposits_at_bcra,19
2003-10-28,17342.0,series.ar.bcra.peso_deposits_at_bcra,19
2003-10-29,17390.0,series.ar.bcra.peso_deposits_at_bcra,19
2003-10-30,17350.0,series.ar.bcra.peso_deposits_at_bcra,19
2003-10-31,17264.0,series.ar.bcra.peso_deposits_at_bcra,19
2003-11-03,16927.0,series.ar.bcra.peso_deposits_at_bcra,19
2003-11-04,16756.0,series.ar.bcra.peso_deposits_at_bcra,19
2003-11-05,16529.0,series.ar.bcra.peso_deposits_at_bcra,19
2003-11-07,16445.0,series.ar.bcra.peso_deposits_at_bcra,19
2003-11-10,16456.0,series.ar.bcra.peso_deposits_at_bcra,19
2003-11-11,16601.0,series.ar.bcra.peso_deposits_at_bcra,19
2003-11-12,16865.0,series.ar.bcra.peso_deposits_at_bcra,19
2003-11-13,17002.0,series.ar.bcra.peso_deposits_at_bcra,19
2003-11-14,17064.0,series.ar.bcra.peso_deposits_at_bcra,19
2003-11-17,17229.0,series.ar.bcra.peso_deposits_at_bcra,19
2003-11-18,17395.0,series.ar.bcra.peso_deposits_at_bcra,19
2003-11-19,17600.0,series.ar.bcra.peso_deposits_at_bcra,19
2003-11-20,17691.0,series.ar.bcra.peso_deposits_at_bcra,19
2003-11-21,17696.0,series.ar.bcra.peso_deposits_at_bcra,19
2003-11-24,17716.0,series.ar.bcra.peso_deposits_at_bcra,19
2003-11-25,17800.0,series.ar.bcra.peso_deposits_at_bcra,19
2003-11-26,17749.0,series.ar.bcra.peso_deposits_at_bcra,19
2003-11-27,17621.0,series.ar.bcra.peso_deposits_at_bcra,19
2003-11-28,17466.0,series.ar.bcra.peso_deposits_at_bcra,19
2003-12-01,17301.0,series.ar.bcra.peso_deposits_at_bcra,19
2003-12-02,17120.0,series.ar.bcra.peso_deposits_at_bcra,19
2003-12-03,16935.0,series.ar.bcra.peso_deposits_at_bcra,19
2003-12-04,16747.0,series.ar.bcra.peso_deposits_at_bcra,19
2003-12-05,16557.0,series.ar.bcra.peso_deposits_at_bcra,19
2003-12-09,16443.0,series.ar.bcra.peso_deposits_at_bcra,19
2003-12-10,16505.0,series.ar.bcra.peso_deposits_at_bcra,19
2003-12-11,16552.0,series.ar.bcra.peso_deposits_at_bcra,19
2003-12-12,16742.0,series.ar.bcra.peso_deposits_at_bcra,19
2003-12-15,16773.0,series.ar.bcra.peso_deposits_at_bcra,19
2003-12-16,16875.0,series.ar.bcra.peso_deposits_at_bcra,19
2003-12-17,17051.0,series.ar.bcra.peso_deposits_at_bcra,19
2003-12-18,16962.0,series.ar.bcra.peso_deposits_at_bcra,19
2003-12-19,16776.0,series.ar.bcra.peso_deposits_at_bcra,19
2003-12-22,16421.0,series.ar.bcra.peso_deposits_at_bcra,19
2003-12-23,16726.0,series.ar.bcra.peso_deposits_at_bcra,19
2003-12-24,16542.0,series.ar.bcra.peso_deposits_at_bcra,19
2003-12-26,16484.0,series.ar.bcra.peso_deposits_at_bcra,19
2003-12-29,16502.0,series.ar.bcra.peso_deposits_at_bcra,19
2003-12-30,16215.0,series.ar.bcra.peso_deposits_at_bcra,19
2003-12-31,16075.0,series.ar.bcra.peso_deposits_at_bcra,19
2004-01-02,16380.0,series.ar.bcra.peso_deposits_at_bcra,19
2004-01-05,16435.0,series.ar.bcra.peso_deposits_at_bcra,19
2004-01-06,16664.0,series.ar.bcra.peso_deposits_at_bcra,19
2004-01-07,16676.0,series.ar.bcra.peso_deposits_at_bcra,19
2004-01-08,16837.0,series.ar.bcra.peso_deposits_at_bcra,19
2004-01-09,17030.0,series.ar.bcra.peso_deposits_at_bcra,19
2004-01-12,17216.0,series.ar.bcra.peso_deposits_at_bcra,19
2004-01-13,17344.0,series.ar.bcra.peso_deposits_at_bcra,19
2004-01-14,17592.0,series.ar.bcra.peso_deposits_at_bcra,19
2004-01-15,17907.0,series.ar.bcra.peso_deposits_at_bcra,19
2004-01-16,18186.0,series.ar.bcra.peso_deposits_at_bcra,19
2004-01-19,18352.0,series.ar.bcra.peso_deposits_at_bcra,19
2004-01-20,18649.0,series.ar.bcra.peso_deposits_at_bcra,19
2004-01-21,18659.0,series.ar.bcra.peso_deposits_at_bcra,19
2004-01-22,18625.0,series.ar.bcra.peso_deposits_at_bcra,19
2004-01-23,18855.0,series.ar.bcra.peso_deposits_at_bcra,19
2004-01-26,18934.0,series.ar.bcra.peso_deposits_at_bcra,19
2004-01-27,19131.0,series.ar.bcra.peso_deposits_at_bcra,19
2004-01-28,18791.0,series.ar.bcra.peso_deposits_at_bcra,19
2004-01-29,18647.0,series.ar.bcra.peso_deposits_at_bcra,19
2004-01-30,18448.0,series.ar.bcra.peso_deposits_at_bcra,19
2004-02-02,18235.0,series.ar.bcra.peso_deposits_at_bcra,19
2004-02-03,18456.0,series.ar.bcra.peso_deposits_at_bcra,19
2004-02-04,18177.0,series.ar.bcra.peso_deposits_at_bcra,19
2004-02-05,17909.0,series.ar.bcra.peso_deposits_at_bcra,19
2004-02-06,17364.0,series.ar.bcra.peso_deposits_at_bcra,19
2004-02-09,17277.0,series.ar.bcra.peso_deposits_at_bcra,19
2004-02-10,17451.0,series.ar.bcra.peso_deposits_at_bcra,19
2004-02-11,17379.0,series.ar.bcra.peso_deposits_at_bcra,19
2004-02-12,17451.0,series.ar.bcra.peso_deposits_at_bcra,19
2004-02-13,17670.0,series.ar.bcra.peso_deposits_at_bcra,19
2004-02-16,17706.0,series.ar.bcra.peso_deposits_at_bcra,19
2004-02-17,18003.0,series.ar.bcra.peso_deposits_at_bcra,19
2004-02-18,18023.0,series.ar.bcra.peso_deposits_at_bcra,19
2004-02-19,18102.0,series.ar.bcra.peso_deposits_at_bcra,19
2004-02-20,18362.0,series.ar.bcra.peso_deposits_at_bcra,19
2004-02-23,18404.0,series.ar.bcra.peso_deposits_at_bcra,19
2004-02-24,18503.0,series.ar.bcra.peso_deposits_at_bcra,19
2004-02-25,18437.0,series.ar.bcra.peso_deposits_at_bcra,19
2004-02-26,18229.0,series.ar.bcra.peso_deposits_at_bcra,19
2004-02-27,18057.0,series.ar.bcra.peso_deposits_at_bcra,19
2004-03-01,17802.0,series.ar.bcra.peso_deposits_at_bcra,19
2004-03-02,17479.0,series.ar.bcra.peso_deposits_at_bcra,19
2004-03-03,17193.0,series.ar.bcra.peso_deposits_at_bcra,19
2004-03-04,16930.0,series.ar.bcra.peso_deposits_at_bcra,19
2004-03-05,16743.0,series.ar.bcra.peso_deposits_at_bcra,19
2004-03-08,16642.0,series.ar.bcra.peso_deposits_at_bcra,19
2004-03-09,13464.0,series.ar.bcra.peso_deposits_at_bcra,19
2004-03-10,13593.0,series.ar.bcra.peso_deposits_at_bcra,19
2004-03-11,13720.0,series.ar.bcra.peso_deposits_at_bcra,19
2004-03-12,13899.0,series.ar.bcra.peso_deposits_at_bcra,19
2004-03-15,13721.0,series.ar.bcra.peso_deposits_at_bcra,19
2004-03-16,13878.0,series.ar.bcra.peso_deposits_at_bcra,19
2004-03-17,14360.0,series.ar.bcra.peso_deposits_at_bcra,19
2004-03-18,14625.0,series.ar.bcra.peso_deposits_at_bcra,19
2004-03-19,13943.0,series.ar.bcra.peso_deposits_at_bcra,19
2004-03-22,14080.0,series.ar.bcra.peso_deposits_at_bcra,19
2004-03-23,14294.0,series.ar.bcra.peso_deposits_at_bcra,19
2004-03-24,14320.0,series.ar.bcra.peso_deposits_at_bcra,19
2004-03-25,15922.0,series.ar.bcra.peso_deposits_at_bcra,19
2004-03-26,16518.0,series.ar.bcra.peso_deposits_at_bcra,19
2004-03-29,16410.0,series.ar.bcra.peso_deposits_at_bcra,19
2004-03-30,16265.0,series.ar.bcra.peso_deposits_at_bcra,19
2004-03-31,16351.0,series.ar.bcra.peso_deposits_at_bcra,19
2004-04-01,16217.0,series.ar.bcra.peso_deposits_at_bcra,19
2004-04-02,15675.0,series.ar.bcra.peso_deposits_at_bcra,19
2004-04-06,15254.0,series.ar.bcra.peso_deposits_at_bcra,19
2004-04-07,15071.0,series.ar.bcra.peso_deposits_at_bcra,19
2004-04-12,15402.0,series.ar.bcra.peso_deposits_at_bcra,19
2004-04-13,15930.0,series.ar.bcra.peso_deposits_at_bcra,19
2004-04-14,16165.0,series.ar.bcra.peso_deposits_at_bcra,19
2004-04-15,16315.0,series.ar.bcra.peso_deposits_at_bcra,19
2004-04-16,16635.0,series.ar.bcra.peso_deposits_at_bcra,19
2004-04-19,16953.0,series.ar.bcra.peso_deposits_at_bcra,19
2004-04-20,17230.0,series.ar.bcra.peso_deposits_at_bcra,19
2004-04-21,17416.0,series.ar.bcra.peso_deposits_at_bcra,19
2004-04-22,17540.0,series.ar.bcra.peso_deposits_at_bcra,19
2004-04-23,17857.0,series.ar.bcra.peso_deposits_at_bcra,19
2004-04-26,17943.0,series.ar.bcra.peso_deposits_at_bcra,19
2004-04-27,18041.0,series.ar.bcra.peso_deposits_at_bcra,19
2004-04-28,17937.0,series.ar.bcra.peso_deposits_at_bcra,19
2004-04-29,17686.0,series.ar.bcra.peso_deposits_at_bcra,19
2004-04-30,17769.0,series.ar.bcra.peso_deposits_at_bcra,19
2004-05-03,17522.0,series.ar.bcra.peso_deposits_at_bcra,19
2004-05-04,16476.0,series.ar.bcra.peso_deposits_at_bcra,19
2004-05-05,16166.0,series.ar.bcra.peso_deposits_at_bcra,19
2004-05-06,16197.0,series.ar.bcra.peso_deposits_at_bcra,19
2004-05-07,16093.0,series.ar.bcra.peso_deposits_at_bcra,19
2004-05-10,16159.0,series.ar.bcra.peso_deposits_at_bcra,19
2004-05-11,16405.0,series.ar.bcra.peso_deposits_at_bcra,19
2004-05-12,16513.0,series.ar.bcra.peso_deposits_at_bcra,19
2004-05-13,16755.0,series.ar.bcra.peso_deposits_at_bcra,19
2004-05-14,17015.0,series.ar.bcra.peso_deposits_at_bcra,19
2004-05-17,16881.0,series.ar.bcra.peso_deposits_at_bcra,19
2004-05-18,17105.0,series.ar.bcra.peso_deposits_at_bcra,19
2004-05-19,17405.0,series.ar.bcra.peso_deposits_at_bcra,19
2004-05-20,17674.0,series.ar.bcra.peso_deposits_at_bcra,19
2004-05-21,17860.0,series.ar.bcra.peso_deposits_at_bcra,19
2004-05-24,17692.0,series.ar.bcra.peso_deposits_at_bcra,19
2004-05-26,17829.0,series.ar.bcra.peso_deposits_at_bcra,19
2004-05-27,17884.0,series.ar.bcra.peso_deposits_at_bcra,19
2004-05-28,17746.0,series.ar.bcra.peso_deposits_at_bcra,19
2004-05-31,17422.0,series.ar.bcra.peso_deposits_at_bcra,19
2004-06-01,17460.0,series.ar.bcra.peso_deposits_at_bcra,19
2004-06-02,17314.0,series.ar.bcra.peso_deposits_at_bcra,19
2004-06-03,17082.0,series.ar.bcra.peso_deposits_at_bcra,19
2004-06-04,16502.0,series.ar.bcra.peso_deposits_at_bcra,19
2004-06-07,16483.0,series.ar.bcra.peso_deposits_at_bcra,19
2004-06-08,16635.0,series.ar.bcra.peso_deposits_at_bcra,19
2004-06-09,16711.0,series.ar.bcra.peso_deposits_at_bcra,19
2004-06-10,16977.0,series.ar.bcra.peso_deposits_at_bcra,19
2004-06-11,16964.0,series.ar.bcra.peso_deposits_at_bcra,19
2004-06-14,17186.0,series.ar.bcra.peso_deposits_at_bcra,19
2004-06-15,17311.0,series.ar.bcra.peso_deposits_at_bcra,19
2004-06-16,17406.0,series.ar.bcra.peso_deposits_at_bcra,19
2004-06-17,17489.0,series.ar.bcra.peso_deposits_at_bcra,19
2004-06-18,17428.0,series.ar.bcra.peso_deposits_at_bcra,19
2004-06-22,17599.0,series.ar.bcra.peso_deposits_at_bcra,19
2004-06-23,17662.0,series.ar.bcra.peso_deposits_at_bcra,19
2004-06-24,17781.0,series.ar.bcra.peso_deposits_at_bcra,19
2004-06-25,17936.0,series.ar.bcra.peso_deposits_at_bcra,19
2004-06-28,17725.0,series.ar.bcra.peso_deposits_at_bcra,19
2004-06-29,16981.0,series.ar.bcra.peso_deposits_at_bcra,19
2004-06-30,17021.0,series.ar.bcra.peso_deposits_at_bcra,19
2004-07-01,16691.0,series.ar.bcra.peso_deposits_at_bcra,19
2004-07-02,16080.0,series.ar.bcra.peso_deposits_at_bcra,19
2004-07-05,14962.0,series.ar.bcra.peso_deposits_at_bcra,19
2004-07-06,14431.0,series.ar.bcra.peso_deposits_at_bcra,19
2004-07-07,13515.0,series.ar.bcra.peso_deposits_at_bcra,19
2004-07-08,12761.0,series.ar.bcra.peso_deposits_at_bcra,19
2004-07-12,12712.0,series.ar.bcra.peso_deposits_at_bcra,19
2004-07-13,12792.0,series.ar.bcra.peso_deposits_at_bcra,19
2004-07-14,13028.0,series.ar.bcra.peso_deposits_at_bcra,19
2004-07-15,12887.0,series.ar.bcra.peso_deposits_at_bcra,19
2004-07-16,12991.0,series.ar.bcra.peso_deposits_at_bcra,19
2004-07-19,13497.0,series.ar.bcra.peso_deposits_at_bcra,19
2004-07-20,14177.0,series.ar.bcra.peso_deposits_at_bcra,19
2004-07-21,14743.0,series.ar.bcra.peso_deposits_at_bcra,19
2004-07-22,15167.0,series.ar.bcra.peso_deposits_at_bcra,19
2004-07-23,15200.0,series.ar.bcra.peso_deposits_at_bcra,19
2004-07-26,15461.0,series.ar.bcra.peso_deposits_at_bcra,19
2004-07-27,15421.0,series.ar.bcra.peso_deposits_at_bcra,19
2004-07-28,15431.0,series.ar.bcra.peso_deposits_at_bcra,19
2004-07-29,15341.0,series.ar.bcra.peso_deposits_at_bcra,19
2004-07-30,15030.0,series.ar.bcra.peso_deposits_at_bcra,19
2004-08-02,14993.0,series.ar.bcra.peso_deposits_at_bcra,19
2004-08-03,14590.0,series.ar.bcra.peso_deposits_at_bcra,19
2004-08-04,14456.0,series.ar.bcra.peso_deposits_at_bcra,19
2004-08-05,13992.0,series.ar.bcra.peso_deposits_at_bcra,19
2004-08-06,13972.0,series.ar.bcra.peso_deposits_at_bcra,19
2004-08-09,13672.0,series.ar.bcra.peso_deposits_at_bcra,19
2004-08-10,13694.0,series.ar.bcra.peso_deposits_at_bcra,19
2004-08-11,13511.0,series.ar.bcra.peso_deposits_at_bcra,19
2004-08-12,13030.0,series.ar.bcra.peso_deposits_at_bcra,19
2004-08-13,12882.0,series.ar.bcra.peso_deposits_at_bcra,19
2004-08-17,13909.0,series.ar.bcra.peso_deposits_at_bcra,19
2004-08-18,14477.0,series.ar.bcra.peso_deposits_at_bcra,19
2004-08-19,14692.0,series.ar.bcra.peso_deposits_at_bcra,19
2004-08-20,14935.0,series.ar.bcra.peso_deposits_at_bcra,19
2004-08-23,14835.0,series.ar.bcra.peso_deposits_at_bcra,19
2004-08-24,14974.0,series.ar.bcra.peso_deposits_at_bcra,19
2004-08-25,14855.0,series.ar.bcra.peso_deposits_at_bcra,19
2004-08-26,15121.0,series.ar.bcra.peso_deposits_at_bcra,19
2004-08-27,15756.0,series.ar.bcra.peso_deposits_at_bcra,19
2004-08-30,15336.0,series.ar.bcra.peso_deposits_at_bcra,19
2004-08-31,15568.0,series.ar.bcra.peso_deposits_at_bcra,19
2004-09-01,14790.0,series.ar.bcra.peso_deposits_at_bcra,19
2004-09-02,13818.0,series.ar.bcra.peso_deposits_at_bcra,19
2004-09-03,13857.0,series.ar.bcra.peso_deposits_at_bcra,19
2004-09-06,13617.0,series.ar.bcra.peso_deposits_at_bcra,19
2004-09-07,13668.0,series.ar.bcra.peso_deposits_at_bcra,19
2004-09-08,13574.0,series.ar.bcra.peso_deposits_at_bcra,19
2004-09-09,13697.0,series.ar.bcra.peso_deposits_at_bcra,19
2004-09-10,13618.0,series.ar.bcra.peso_deposits_at_bcra,19
2004-09-13,13219.0,series.ar.bcra.peso_deposits_at_bcra,19
2004-09-14,13884.0,series.ar.bcra.peso_deposits_at_bcra,19
2004-09-15,14194.0,series.ar.bcra.peso_deposits_at_bcra,19
2004-09-16,14539.0,series.ar.bcra.peso_deposits_at_bcra,19
2004-09-17,14452.0,series.ar.bcra.peso_deposits_at_bcra,19
2004-09-20,14879.0,series.ar.bcra.peso_deposits_at_bcra,19
2004-09-21,14799.0,series.ar.bcra.peso_deposits_at_bcra,19
2004-09-22,15016.0,series.ar.bcra.peso_deposits_at_bcra,19
2004-09-23,14965.0,series.ar.bcra.peso_deposits_at_bcra,19
2004-09-24,14714.0,series.ar.bcra.peso_deposits_at_bcra,19
2004-09-27,14769.0,series.ar.bcra.peso_deposits_at_bcra,19
2004-09-28,14966.0,series.ar.bcra.peso_deposits_at_bcra,19
2004-09-29,15378.0,series.ar.bcra.peso_deposits_at_bcra,19
2004-09-30,15679.0,series.ar.bcra.peso_deposits_at_bcra,19
2004-10-01,15409.0,series.ar.bcra.peso_deposits_at_bcra,19
2004-10-04,14570.0,series.ar.bcra.peso_deposits_at_bcra,19
2004-10-05,14177.0,series.ar.bcra.peso_deposits_at_bcra,19
2004-10-06,14231.0,series.ar.bcra.peso_deposits_at_bcra,19
2004-10-07,13971.0,series.ar.bcra.peso_deposits_at_bcra,19
2004-10-08,14038.0,series.ar.bcra.peso_deposits_at_bcra,19
2004-10-12,14013.0,series.ar.bcra.peso_deposits_at_bcra,19
2004-10-13,14407.0,series.ar.bcra.peso_deposits_at_bcra,19
2004-10-14,14259.0,series.ar.bcra.peso_deposits_at_bcra,19
2004-10-15,14622.0,series.ar.bcra.peso_deposits_at_bcra,19
2004-10-18,13935.0,series.ar.bcra.peso_deposits_at_bcra,19
2004-10-19,15019.0,series.ar.bcra.peso_deposits_at_bcra,19
2004-10-20,15010.0,series.ar.bcra.peso_deposits_at_bcra,19
2004-10-21,14722.0,series.ar.bcra.peso_deposits_at_bcra,19
2004-10-22,14786.0,series.ar.bcra.peso_deposits_at_bcra,19
2004-10-25,14528.0,series.ar.bcra.peso_deposits_at_bcra,19
2004-10-26,14457.0,series.ar.bcra.peso_deposits_at_bcra,19
2004-10-27,14234.0,series.ar.bcra.peso_deposits_at_bcra,19
2004-10-28,13644.0,series.ar.bcra.peso_deposits_at_bcra,19
2004-10-29,13945.0,series.ar.bcra.peso_deposits_at_bcra,19
2004-11-01,13792.0,series.ar.bcra.peso_deposits_at_bcra,19
2004-11-02,13656.0,series.ar.bcra.peso_deposits_at_bcra,19
2004-11-03,13863.0,series.ar.bcra.peso_deposits_at_bcra,19
2004-11-04,13527.0,series.ar.bcra.peso_deposits_at_bcra,19
2004-11-05,13654.0,series.ar.bcra.peso_deposits_at_bcra,19
2004-11-08,13748.0,series.ar.bcra.peso_deposits_at_bcra,19
2004-11-09,13768.0,series.ar.bcra.peso_deposits_at_bcra,19
2004-11-10,14051.0,series.ar.bcra.peso_deposits_at_bcra,19
2004-11-11,13938.0,series.ar.bcra.peso_deposits_at_bcra,19
2004-11-12,13889.0,series.ar.bcra.peso_deposits_at_bcra,19
2004-11-15,14106.0,series.ar.bcra.peso_deposits_at_bcra,19
2004-11-16,14210.0,series.ar.bcra.peso_deposits_at_bcra,19
2004-11-17,14519.0,series.ar.bcra.peso_deposits_at_bcra,19
2004-11-18,14865.0,series.ar.bcra.peso_deposits_at_bcra,19
2004-11-19,15306.0,series.ar.bcra.peso_deposits_at_bcra,19
2004-11-22,15468.0,series.ar.bcra.peso_deposits_at_bcra,19
2004-11-23,15655.0,series.ar.bcra.peso_deposits_at_bcra,19
2004-11-24,16003.0,series.ar.bcra.peso_deposits_at_bcra,19
2004-11-25,15950.0,series.ar.bcra.peso_deposits_at_bcra,19
2004-11-26,16324.0,series.ar.bcra.peso_deposits_at_bcra,19
2004-11-29,16092.0,series.ar.bcra.peso_deposits_at_bcra,19
2004-11-30,15928.0,series.ar.bcra.peso_deposits_at_bcra,19
2004-12-01,15668.0,series.ar.bcra.peso_deposits_at_bcra,19
2004-12-02,15440.0,series.ar.bcra.peso_deposits_at_bcra,19
2004-12-03,15083.0,series.ar.bcra.peso_deposits_at_bcra,19
2004-12-06,14710.0,series.ar.bcra.peso_deposits_at_bcra,19
2004-12-07,14599.0,series.ar.bcra.peso_deposits_at_bcra,19
2004-12-09,14565.0,series.ar.bcra.peso_deposits_at_bcra,19
2004-12-10,14474.0,series.ar.bcra.peso_deposits_at_bcra,19
2004-12-13,14611.0,series.ar.bcra.peso_deposits_at_bcra,19
2004-12-14,14829.0,series.ar.bcra.peso_deposits_at_bcra,19
2004-12-15,14629.0,series.ar.bcra.peso_deposits_at_bcra,19
2004-12-16,15222.0,series.ar.bcra.peso_deposits_at_bcra,19
2004-12-17,15510.0,series.ar.bcra.peso_deposits_at_bcra,19
2004-12-20,15206.0,series.ar.bcra.peso_deposits_at_bcra,19
2004-12-21,14957.0,series.ar.bcra.peso_deposits_at_bcra,19
2004-12-22,13967.0,series.ar.bcra.peso_deposits_at_bcra,19
2004-12-23,13869.0,series.ar.bcra.peso_deposits_at_bcra,19
2004-12-24,13930.0,series.ar.bcra.peso_deposits_at_bcra,19
2004-12-27,14087.0,series.ar.bcra.peso_deposits_at_bcra,19
2004-12-28,14211.0,series.ar.bcra.peso_deposits_at_bcra,19
2004-12-29,14183.0,series.ar.bcra.peso_deposits_at_bcra,19
2004-12-30,14459.0,series.ar.bcra.peso_deposits_at_bcra,19
2004-12-31,14853.0,series.ar.bcra.peso_deposits_at_bcra,19
2005-01-03,14879.0,series.ar.bcra.peso_deposits_at_bcra,19
2005-01-04,14709.0,series.ar.bcra.peso_deposits_at_bcra,19
2005-01-05,14381.0,series.ar.bcra.peso_deposits_at_bcra,19
2005-01-06,14397.0,series.ar.bcra.peso_deposits_at_bcra,19
2005-01-07,14197.0,series.ar.bcra.peso_deposits_at_bcra,19
2005-01-10,13235.0,series.ar.bcra.peso_deposits_at_bcra,19
2005-01-11,13053.0,series.ar.bcra.peso_deposits_at_bcra,19
2005-01-12,13026.0,series.ar.bcra.peso_deposits_at_bcra,19
2005-01-13,13261.0,series.ar.bcra.peso_deposits_at_bcra,19
2005-01-14,13027.0,series.ar.bcra.peso_deposits_at_bcra,19
2005-01-17,13722.0,series.ar.bcra.peso_deposits_at_bcra,19
2005-01-18,13696.0,series.ar.bcra.peso_deposits_at_bcra,19
2005-01-19,13579.0,series.ar.bcra.peso_deposits_at_bcra,19
2005-01-20,14073.0,series.ar.bcra.peso_deposits_at_bcra,19
2005-01-21,14025.0,series.ar.bcra.peso_deposits_at_bcra,19
2005-01-24,14172.0,series.ar.bcra.peso_deposits_at_bcra,19
2005-01-25,12232.0,series.ar.bcra.peso_deposits_at_bcra,19
2005-01-26,12207.0,series.ar.bcra.peso_deposits_at_bcra,19
2005-01-27,13448.0,series.ar.bcra.peso_deposits_at_bcra,19
2005-01-28,13473.0,series.ar.bcra.peso_deposits_at_bcra,19
2005-01-31,13685.0,series.ar.bcra.peso_deposits_at_bcra,19
2005-02-01,14391.0,series.ar.bcra.peso_deposits_at_bcra,19
2005-02-02,13180.0,series.ar.bcra.peso_deposits_at_bcra,19
2005-02-03,13103.0,series.ar.bcra.peso_deposits_at_bcra,19
2005-02-04,13123.0,series.ar.bcra.peso_deposits_at_bcra,19
2005-02-07,13032.0,series.ar.bcra.peso_deposits_at_bcra,19
2005-02-08,12791.0,series.ar.bcra.peso_deposits_at_bcra,19
2005-02-09,12923.0,series.ar.bcra.peso_deposits_at_bcra,19
2005-02-10,14041.0,series.ar.bcra.peso_deposits_at_bcra,19
2005-02-11,13552.0,series.ar.bcra.peso_deposits_at_bcra,19
2005-02-14,13442.0,series.ar.bcra.peso_deposits_at_bcra,19
2005-02-15,12958.0,series.ar.bcra.peso_deposits_at_bcra,19
2005-02-16,12561.0,series.ar.bcra.peso_deposits_at_bcra,19
2005-02-17,13420.0,series.ar.bcra.peso_deposits_at_bcra,19
2005-02-18,14240.0,series.ar.bcra.peso_deposits_at_bcra,19
2005-02-21,14482.0,series.ar.bcra.peso_deposits_at_bcra,19
2005-02-22,14435.0,series.ar.bcra.peso_deposits_at_bcra,19
2005-02-23,13628.0,series.ar.bcra.peso_deposits_at_bcra,19
2005-02-24,14541.0,series.ar.bcra.peso_deposits_at_bcra,19
2005-02-25,14551.0,series.ar.bcra.peso_deposits_at_bcra,19
2005-02-28,13927.0,series.ar.bcra.peso_deposits_at_bcra,19
2005-03-01,13741.0,series.ar.bcra.peso_deposits_at_bcra,19
2005-03-02,12668.0,series.ar.bcra.peso_deposits_at_bcra,19
2005-03-03,12478.0,series.ar.bcra.peso_deposits_at_bcra,19
2005-03-04,12580.0,series.ar.bcra.peso_deposits_at_bcra,19
2005-03-07,12931.0,series.ar.bcra.peso_deposits_at_bcra,19
2005-03-08,12868.0,series.ar.bcra.peso_deposits_at_bcra,19
2005-03-09,13036.0,series.ar.bcra.peso_deposits_at_bcra,19
2005-03-10,12823.0,series.ar.bcra.peso_deposits_at_bcra,19
2005-03-11,13230.0,series.ar.bcra.peso_deposits_at_bcra,19
2005-03-14,13646.0,series.ar.bcra.peso_deposits_at_bcra,19
2005-03-15,13856.0,series.ar.bcra.peso_deposits_at_bcra,19
2005-03-16,13859.0,series.ar.bcra.peso_deposits_at_bcra,19
2005-03-17,13868.0,series.ar.bcra.peso_deposits_at_bcra,19
2005-03-18,14008.0,series.ar.bcra.peso_deposits_at_bcra,19
2005-03-21,14102.0,series.ar.bcra.peso_deposits_at_bcra,19
2005-03-22,14085.0,series.ar.bcra.peso_deposits_at_bcra,19
2005-03-23,13798.0,series.ar.bcra.peso_deposits_at_bcra,19
2005-03-28,13738.0,series.ar.bcra.peso_deposits_at_bcra,19
2005-03-29,14163.0,series.ar.bcra.peso_deposits_at_bcra,19
2005-03-30,14977.0,series.ar.bcra.peso_deposits_at_bcra,19
2005-03-31,14019.0,series.ar.bcra.peso_deposits_at_bcra,19
2005-04-01,13326.0,series.ar.bcra.peso_deposits_at_bcra,19
2005-04-04,13903.0,series.ar.bcra.peso_deposits_at_bcra,19
2005-04-05,14119.0,series.ar.bcra.peso_deposits_at_bcra,19
2005-04-06,13175.0,series.ar.bcra.peso_deposits_at_bcra,19
2005-04-07,12643.0,series.ar.bcra.peso_deposits_at_bcra,19
2005-04-08,12145.0,series.ar.bcra.peso_deposits_at_bcra,19
2005-04-11,12752.0,series.ar.bcra.peso_deposits_at_bcra,19
2005-04-12,12796.0,series.ar.bcra.peso_deposits_at_bcra,19
2005-04-13,13749.0,series.ar.bcra.peso_deposits_at_bcra,19
2005-04-14,13975.0,series.ar.bcra.peso_deposits_at_bcra,19
2005-04-15,14231.0,series.ar.bcra.peso_deposits_at_bcra,19
2005-04-18,14104.0,series.ar.bcra.peso_deposits_at_bcra,19
2005-04-19,14159.0,series.ar.bcra.peso_deposits_at_bcra,19
2005-04-20,12966.0,series.ar.bcra.peso_deposits_at_bcra,19
2005-04-21,14005.0,series.ar.bcra.peso_deposits_at_bcra,19
2005-04-22,13706.0,series.ar.bcra.peso_deposits_at_bcra,19
2005-04-25,12979.0,series.ar.bcra.peso_deposits_at_bcra,19
2005-04-26,12153.0,series.ar.bcra.peso_deposits_at_bcra,19
2005-04-27,12751.0,series.ar.bcra.peso_deposits_at_bcra,19
2005-04-28,12966.0,series.ar.bcra.peso_deposits_at_bcra,19
2005-04-29,13177.0,series.ar.bcra.peso_deposits_at_bcra,19
2005-05-02,12887.0,series.ar.bcra.peso_deposits_at_bcra,19
2005-05-03,13421.0,series.ar.bcra.peso_deposits_at_bcra,19
2005-05-04,13363.0,series.ar.bcra.peso_deposits_at_bcra,19
2005-05-05,14108.0,series.ar.bcra.peso_deposits_at_bcra,19
2005-05-06,14674.0,series.ar.bcra.peso_deposits_at_bcra,19
2005-05-09,14878.0,series.ar.bcra.peso_deposits_at_bcra,19
2005-05-10,14443.0,series.ar.bcra.peso_deposits_at_bcra,19
2005-05-11,14035.0,series.ar.bcra.peso_deposits_at_bcra,19
2005-05-12,13498.0,series.ar.bcra.peso_deposits_at_bcra,19
2005-05-13,13085.0,series.ar.bcra.peso_deposits_at_bcra,19
2005-05-16,12653.0,series.ar.bcra.peso_deposits_at_bcra,19
2005-05-17,12951.0,series.ar.bcra.peso_deposits_at_bcra,19
2005-05-18,12119.0,series.ar.bcra.peso_deposits_at_bcra,19
2005-05-19,12457.0,series.ar.bcra.peso_deposits_at_bcra,19
2005-05-20,12618.0,series.ar.bcra.peso_deposits_at_bcra,19
2005-05-23,12912.0,series.ar.bcra.peso_deposits_at_bcra,19
2005-05-24,13101.0,series.ar.bcra.peso_deposits_at_bcra,19
2005-05-26,14246.0,series.ar.bcra.peso_deposits_at_bcra,19
2005-05-27,14918.0,series.ar.bcra.peso_deposits_at_bcra,19
2005-05-30,14657.0,series.ar.bcra.peso_deposits_at_bcra,19
2005-05-31,14349.0,series.ar.bcra.peso_deposits_at_bcra,19
2005-06-01,13747.0,series.ar.bcra.peso_deposits_at_bcra,19
2005-06-02,13757.0,series.ar.bcra.peso_deposits_at_bcra,19
2005-06-03,14325.0,series.ar.bcra.peso_deposits_at_bcra,19
2005-06-06,14359.0,series.ar.bcra.peso_deposits_at_bcra,19
2005-06-07,14661.0,series.ar.bcra.peso_deposits_at_bcra,19
2005-06-08,12612.0,series.ar.bcra.peso_deposits_at_bcra,19
2005-06-09,12322.0,series.ar.bcra.peso_deposits_at_bcra,19
2005-06-10,12643.0,series.ar.bcra.peso_deposits_at_bcra,19
2005-06-13,12801.0,series.ar.bcra.peso_deposits_at_bcra,19
2005-06-14,13067.0,series.ar.bcra.peso_deposits_at_bcra,19
2005-06-15,13097.0,series.ar.bcra.peso_deposits_at_bcra,19
2005-06-16,13019.0,series.ar.bcra.peso_deposits_at_bcra,19
2005-06-17,12158.0,series.ar.bcra.peso_deposits_at_bcra,19
2005-06-21,12506.0,series.ar.bcra.peso_deposits_at_bcra,19
2005-06-22,10537.0,series.ar.bcra.peso_deposits_at_bcra,19
2005-06-23,10505.0,series.ar.bcra.peso_deposits_at_bcra,19
2005-06-24,12419.0,series.ar.bcra.peso_deposits_at_bcra,19
2005-06-27,13007.0,series.ar.bcra.peso_deposits_at_bcra,19
2005-06-28,13431.0,series.ar.bcra.peso_deposits_at_bcra,19
2005-06-29,14295.0,series.ar.bcra.peso_deposits_at_bcra,19
2005-06-30,11788.0,series.ar.bcra.peso_deposits_at_bcra,19
2005-07-01,13020.0,series.ar.bcra.peso_deposits_at_bcra,19
2005-07-04,12928.0,series.ar.bcra.peso_deposits_at_bcra,19
2005-07-05,13377.0,series.ar.bcra.peso_deposits_at_bcra,19
2005-07-06,13917.0,series.ar.bcra.peso_deposits_at_bcra,19
2005-07-07,13507.0,series.ar.bcra.peso_deposits_at_bcra,19
2005-07-08,13889.0,series.ar.bcra.peso_deposits_at_bcra,19
2005-07-11,13757.0,series.ar.bcra.peso_deposits_at_bcra,19
2005-07-12,13873.0,series.ar.bcra.peso_deposits_at_bcra,19
2005-07-13,13766.0,series.ar.bcra.peso_deposits_at_bcra,19
2005-07-14,13463.0,series.ar.bcra.peso_deposits_at_bcra,19
2005-07-15,13556.0,series.ar.bcra.peso_deposits_at_bcra,19
2005-07-18,13642.0,series.ar.bcra.peso_deposits_at_bcra,19
2005-07-19,13951.0,series.ar.bcra.peso_deposits_at_bcra,19
2005-07-20,13990.0,series.ar.bcra.peso_deposits_at_bcra,19
2005-07-21,13790.0,series.ar.bcra.peso_deposits_at_bcra,19
2005-07-22,13715.0,series.ar.bcra.peso_deposits_at_bcra,19
2005-07-25,14214.0,series.ar.bcra.peso_deposits_at_bcra,19
2005-07-26,14185.0,series.ar.bcra.peso_deposits_at_bcra,19
2005-07-27,13967.0,series.ar.bcra.peso_deposits_at_bcra,19
2005-07-28,13777.0,series.ar.bcra.peso_deposits_at_bcra,19
2005-07-29,13584.0,series.ar.bcra.peso_deposits_at_bcra,19
2005-08-01,13622.0,series.ar.bcra.peso_deposits_at_bcra,19
2005-08-02,13060.0,series.ar.bcra.peso_deposits_at_bcra,19
2005-08-03,13583.0,series.ar.bcra.peso_deposits_at_bcra,19
2005-08-04,13228.0,series.ar.bcra.peso_deposits_at_bcra,19
2005-08-05,12695.0,series.ar.bcra.peso_deposits_at_bcra,19
2005-08-08,13010.0,series.ar.bcra.peso_deposits_at_bcra,19
2005-08-09,13143.0,series.ar.bcra.peso_deposits_at_bcra,19
2005-08-10,13371.0,series.ar.bcra.peso_deposits_at_bcra,19
2005-08-11,13318.0,series.ar.bcra.peso_deposits_at_bcra,19
2005-08-12,13697.0,series.ar.bcra.peso_deposits_at_bcra,19
2005-08-16,14110.0,series.ar.bcra.peso_deposits_at_bcra,19
2005-08-17,12426.0,series.ar.bcra.peso_deposits_at_bcra,19
2005-08-18,12460.0,series.ar.bcra.peso_deposits_at_bcra,19
2005-08-19,12481.0,series.ar.bcra.peso_deposits_at_bcra,19
2005-08-22,12536.0,series.ar.bcra.peso_deposits_at_bcra,19
2005-08-23,12302.0,series.ar.bcra.peso_deposits_at_bcra,19
2005-08-24,12481.0,series.ar.bcra.peso_deposits_at_bcra,19
2005-08-25,12848.0,series.ar.bcra.peso_deposits_at_bcra,19
2005-08-26,12727.0,series.ar.bcra.peso_deposits_at_bcra,19
2005-08-29,12257.0,series.ar.bcra.peso_deposits_at_bcra,19
2005-08-30,13858.0,series.ar.bcra.peso_deposits_at_bcra,19
2005-08-31,14400.0,series.ar.bcra.peso_deposits_at_bcra,19
2005-09-01,12304.0,series.ar.bcra.peso_deposits_at_bcra,19
2005-09-02,11422.0,series.ar.bcra.peso_deposits_at_bcra,19
2005-09-05,11503.0,series.ar.bcra.peso_deposits_at_bcra,19
2005-09-06,11214.0,series.ar.bcra.peso_deposits_at_bcra,19
2005-09-07,11141.0,series.ar.bcra.peso_deposits_at_bcra,19
2005-09-08,11121.0,series.ar.bcra.peso_deposits_at_bcra,19
2005-09-09,11124.0,series.ar.bcra.peso_deposits_at_bcra,19
2005-09-12,11390.0,series.ar.bcra.peso_deposits_at_bcra,19
2005-09-13,11590.0,series.ar.bcra.peso_deposits_at_bcra,19
2005-09-14,11217.0,series.ar.bcra.peso_deposits_at_bcra,19
2005-09-15,11900.0,series.ar.bcra.peso_deposits_at_bcra,19
2005-09-16,11933.0,series.ar.bcra.peso_deposits_at_bcra,19
2005-09-19,11881.0,series.ar.bcra.peso_deposits_at_bcra,19
2005-09-20,12086.0,series.ar.bcra.peso_deposits_at_bcra,19
2005-09-21,11747.0,series.ar.bcra.peso_deposits_at_bcra,19
2005-09-22,12142.0,series.ar.bcra.peso_deposits_at_bcra,19
2005-09-23,12414.0,series.ar.bcra.peso_deposits_at_bcra,19
2005-09-26,11760.0,series.ar.bcra.peso_deposits_at_bcra,19
2005-09-27,11751.0,series.ar.bcra.peso_deposits_at_bcra,19
2005-09-28,11355.0,series.ar.bcra.peso_deposits_at_bcra,19
2005-09-29,10792.0,series.ar.bcra.peso_deposits_at_bcra,19
2005-09-30,10911.0,series.ar.bcra.peso_deposits_at_bcra,19
2005-10-03,11733.0,series.ar.bcra.peso_deposits_at_bcra,19
2005-10-04,11416.0,series.ar.bcra.peso_deposits_at_bcra,19
2005-10-05,11787.0,series.ar.bcra.peso_deposits_at_bcra,19
2005-10-06,11667.0,series.ar.bcra.peso_deposits_at_bcra,19
2005-10-07,11882.0,series.ar.bcra.peso_deposits_at_bcra,19
2005-10-11,12108.0,series.ar.bcra.peso_deposits_at_bcra,19
2005-10-12,12287.0,series.ar.bcra.peso_deposits_at_bcra,19
2005-10-13,12751.0,series.ar.bcra.peso_deposits_at_bcra,19
2005-10-14,12966.0,series.ar.bcra.peso_deposits_at_bcra,19
2005-10-17,13071.0,series.ar.bcra.peso_deposits_at_bcra,19
2005-10-18,13578.0,series.ar.bcra.peso_deposits_at_bcra,19
2005-10-19,13517.0,series.ar.bcra.peso_deposits_at_bcra,19
2005-10-20,13162.0,series.ar.bcra.peso_deposits_at_bcra,19
2005-10-21,13324.0,series.ar.bcra.peso_deposits_at_bcra,19
2005-10-24,13066.0,series.ar.bcra.peso_deposits_at_bcra,19
2005-10-25,13498.0,series.ar.bcra.peso_deposits_at_bcra,19
2005-10-26,13600.0,series.ar.bcra.peso_deposits_at_bcra,19
2005-10-27,14191.0,series.ar.bcra.peso_deposits_at_bcra,19
2005-10-28,13583.0,series.ar.bcra.peso_deposits_at_bcra,19
2005-10-31,13037.0,series.ar.bcra.peso_deposits_at_bcra,19
2005-11-01,12626.0,series.ar.bcra.peso_deposits_at_bcra,19
2005-11-02,12044.0,series.ar.bcra.peso_deposits_at_bcra,19
2005-11-03,11510.0,series.ar.bcra.peso_deposits_at_bcra,19
2005-11-04,11359.0,series.ar.bcra.peso_deposits_at_bcra,19
2005-11-07,11436.0,series.ar.bcra.peso_deposits_at_bcra,19
2005-11-08,11779.0,series.ar.bcra.peso_deposits_at_bcra,19
2005-11-09,12089.0,series.ar.bcra.peso_deposits_at_bcra,19
2005-11-10,12339.0,series.ar.bcra.peso_deposits_at_bcra,19
2005-11-11,12342.0,series.ar.bcra.peso_deposits_at_bcra,19
2005-11-14,12371.0,series.ar.bcra.peso_deposits_at_bcra,19
2005-11-15,13175.0,series.ar.bcra.peso_deposits_at_bcra,19
2005-11-16,12468.0,series.ar.bcra.peso_deposits_at_bcra,19
2005-11-17,13792.0,series.ar.bcra.peso_deposits_at_bcra,19
2005-11-18,13912.0,series.ar.bcra.peso_deposits_at_bcra,19
2005-11-21,13664.0,series.ar.bcra.peso_deposits_at_bcra,19
2005-11-22,13876.0,series.ar.bcra.peso_deposits_at_bcra,19
2005-11-23,13647.0,series.ar.bcra.peso_deposits_at_bcra,19
2005-11-24,14255.0,series.ar.bcra.peso_deposits_at_bcra,19
2005-11-25,13322.0,series.ar.bcra.peso_deposits_at_bcra,19
2005-11-28,12406.0,series.ar.bcra.peso_deposits_at_bcra,19
2005-11-29,12143.0,series.ar.bcra.peso_deposits_at_bcra,19
2005-11-30,12555.0,series.ar.bcra.peso_deposits_at_bcra,19
2005-12-01,13673.0,series.ar.bcra.peso_deposits_at_bcra,19
2005-12-02,12656.0,series.ar.bcra.peso_deposits_at_bcra,19
2005-12-05,11967.0,series.ar.bcra.peso_deposits_at_bcra,19
2005-12-06,11384.0,series.ar.bcra.peso_deposits_at_bcra,19
2005-12-07,10086.0,series.ar.bcra.peso_deposits_at_bcra,19
2005-12-09,9631.0,series.ar.bcra.peso_deposits_at_bcra,19
2005-12-12,9519.0,series.ar.bcra.peso_deposits_at_bcra,19
2005-12-13,9821.0,series.ar.bcra.peso_deposits_at_bcra,19
2005-12-14,9860.0,series.ar.bcra.peso_deposits_at_bcra,19
2005-12-15,10368.0,series.ar.bcra.peso_deposits_at_bcra,19
2005-12-16,10348.0,series.ar.bcra.peso_deposits_at_bcra,19
2005-12-19,9087.0,series.ar.bcra.peso_deposits_at_bcra,19
2005-12-20,8752.0,series.ar.bcra.peso_deposits_at_bcra,19
2005-12-21,9568.0,series.ar.bcra.peso_deposits_at_bcra,19
2005-12-22,9387.0,series.ar.bcra.peso_deposits_at_bcra,19
2005-12-23,9057.0,series.ar.bcra.peso_deposits_at_bcra,19
2005-12-26,8910.0,series.ar.bcra.peso_deposits_at_bcra,19
2005-12-27,9229.0,series.ar.bcra.peso_deposits_at_bcra,19
2005-12-28,7802.0,series.ar.bcra.peso_deposits_at_bcra,19
2005-12-29,7077.0,series.ar.bcra.peso_deposits_at_bcra,19
2005-12-30,6373.0,series.ar.bcra.peso_deposits_at_bcra,19
2005-12-31,6373.0,series.ar.bcra.peso_deposits_at_bcra,19
2006-01-02,6463.0,series.ar.bcra.peso_deposits_at_bcra,19
2006-01-03,6457.0,series.ar.bcra.peso_deposits_at_bcra,19
2006-01-04,7145.0,series.ar.bcra.peso_deposits_at_bcra,19
2006-01-05,10577.0,series.ar.bcra.peso_deposits_at_bcra,19
2006-01-06,11602.0,series.ar.bcra.peso_deposits_at_bcra,19
2006-01-09,11752.0,series.ar.bcra.peso_deposits_at_bcra,19
2006-01-10,12253.0,series.ar.bcra.peso_deposits_at_bcra,19
2006-01-11,12864.0,series.ar.bcra.peso_deposits_at_bcra,19
2006-01-12,13024.0,series.ar.bcra.peso_deposits_at_bcra,19
2006-01-13,13189.0,series.ar.bcra.peso_deposits_at_bcra,19
2006-01-16,13337.0,series.ar.bcra.peso_deposits_at_bcra,19
2006-01-17,12922.0,series.ar.bcra.peso_deposits_at_bcra,19
2006-01-18,13325.0,series.ar.bcra.peso_deposits_at_bcra,19
2006-01-19,13540.0,series.ar.bcra.peso_deposits_at_bcra,19
2006-01-20,13658.0,series.ar.bcra.peso_deposits_at_bcra,19
2006-01-23,13780.0,series.ar.bcra.peso_deposits_at_bcra,19
2006-01-24,13941.0,series.ar.bcra.peso_deposits_at_bcra,19
2006-01-25,14250.0,series.ar.bcra.peso_deposits_at_bcra,19
2006-01-26,14077.0,series.ar.bcra.peso_deposits_at_bcra,19
2006-01-27,13597.0,series.ar.bcra.peso_deposits_at_bcra,19
2006-01-30,13289.0,series.ar.bcra.peso_deposits_at_bcra,19
2006-01-31,13262.0,series.ar.bcra.peso_deposits_at_bcra,19
2006-02-01,12510.0,series.ar.bcra.peso_deposits_at_bcra,19
2006-02-02,11853.0,series.ar.bcra.peso_deposits_at_bcra,19
2006-02-03,11805.0,series.ar.bcra.peso_deposits_at_bcra,19
2006-02-06,11341.0,series.ar.bcra.peso_deposits_at_bcra,19
2006-02-07,11482.0,series.ar.bcra.peso_deposits_at_bcra,19
2006-02-08,11401.0,series.ar.bcra.peso_deposits_at_bcra,19
2006-02-09,11133.0,series.ar.bcra.peso_deposits_at_bcra,19
2006-02-10,11580.0,series.ar.bcra.peso_deposits_at_bcra,19
2006-02-13,11789.0,series.ar.bcra.peso_deposits_at_bcra,19
2006-02-14,11936.0,series.ar.bcra.peso_deposits_at_bcra,19
2006-02-15,11947.0,series.ar.bcra.peso_deposits_at_bcra,19
2006-02-16,12187.0,series.ar.bcra.peso_deposits_at_bcra,19
2006-02-17,12039.0,series.ar.bcra.peso_deposits_at_bcra,19
2006-02-20,12186.0,series.ar.bcra.peso_deposits_at_bcra,19
2006-02-21,12341.0,series.ar.bcra.peso_deposits_at_bcra,19
2006-02-22,11725.0,series.ar.bcra.peso_deposits_at_bcra,19
2006-02-23,12113.0,series.ar.bcra.peso_deposits_at_bcra,19
2006-02-24,11798.0,series.ar.bcra.peso_deposits_at_bcra,19
2006-02-27,11614.0,series.ar.bcra.peso_deposits_at_bcra,19
2006-02-28,10706.0,series.ar.bcra.peso_deposits_at_bcra,19
2006-03-01,10875.0,series.ar.bcra.peso_deposits_at_bcra,19
2006-03-02,10598.0,series.ar.bcra.peso_deposits_at_bcra,19
2006-03-03,10574.0,series.ar.bcra.peso_deposits_at_bcra,19
2006-03-06,10733.0,series.ar.bcra.peso_deposits_at_bcra,19
2006-03-07,11073.0,series.ar.bcra.peso_deposits_at_bcra,19
2006-03-08,10602.0,series.ar.bcra.peso_deposits_at_bcra,19
2006-03-09,10964.0,series.ar.bcra.peso_deposits_at_bcra,19
2006-03-10,11230.0,series.ar.bcra.peso_deposits_at_bcra,19
2006-03-13,11297.0,series.ar.bcra.peso_deposits_at_bcra,19
2006-03-14,11755.0,series.ar.bcra.peso_deposits_at_bcra,19
2006-03-15,12091.0,series.ar.bcra.peso_deposits_at_bcra,19
2006-03-16,12535.0,series.ar.bcra.peso_deposits_at_bcra,19
2006-03-17,12760.0,series.ar.bcra.peso_deposits_at_bcra,19
2006-03-20,13041.0,series.ar.bcra.peso_deposits_at_bcra,19
2006-03-21,13461.0,series.ar.bcra.peso_deposits_at_bcra,19
2006-03-22,13476.0,series.ar.bcra.peso_deposits_at_bcra,19
2006-03-23,13017.0,series.ar.bcra.peso_deposits_at_bcra,19
2006-03-27,12673.0,series.ar.bcra.peso_deposits_at_bcra,19
2006-03-28,12817.0,series.ar.bcra.peso_deposits_at_bcra,19
2006-03-29,11964.0,series.ar.bcra.peso_deposits_at_bcra,19
2006-03-30,11145.0,series.ar.bcra.peso_deposits_at_bcra,19
2006-03-31,12483.0,series.ar.bcra.peso_deposits_at_bcra,19
2006-04-03,12615.0,series.ar.bcra.peso_deposits_at_bcra,19
2006-04-04,12125.0,series.ar.bcra.peso_deposits_at_bcra,19
2006-04-05,12293.0,series.ar.bcra.peso_deposits_at_bcra,19
2006-04-06,12025.0,series.ar.bcra.peso_deposits_at_bcra,19
2006-04-07,12005.0,series.ar.bcra.peso_deposits_at_bcra,19
2006-04-10,11859.0,series.ar.bcra.peso_deposits_at_bcra,19
2006-04-11,12191.0,series.ar.bcra.peso_deposits_at_bcra,19
2006-04-12,12481.0,series.ar.bcra.peso_deposits_at_bcra,19
2006-04-17,12874.0,series.ar.bcra.peso_deposits_at_bcra,19
2006-04-18,12997.0,series.ar.bcra.peso_deposits_at_bcra,19
2006-04-19,13488.0,series.ar.bcra.peso_deposits_at_bcra,19
2006-04-20,13874.0,series.ar.bcra.peso_deposits_at_bcra,19
2006-04-21,14062.0,series.ar.bcra.peso_deposits_at_bcra,19
2006-04-24,13861.0,series.ar.bcra.peso_deposits_at_bcra,19
2006-04-25,14573.0,series.ar.bcra.peso_deposits_at_bcra,19
2006-04-26,14349.0,series.ar.bcra.peso_deposits_at_bcra,19
2006-04-27,13525.0,series.ar.bcra.peso_deposits_at_bcra,19
2006-04-28,13334.0,series.ar.bcra.peso_deposits_at_bcra,19
2006-05-02,13550.0,series.ar.bcra.peso_deposits_at_bcra,19
2006-05-03,13585.0,series.ar.bcra.peso_deposits_at_bcra,19
2006-05-04,13107.0,series.ar.bcra.peso_deposits_at_bcra,19
2006-05-05,13240.0,series.ar.bcra.peso_deposits_at_bcra,19
2006-05-08,13079.0,series.ar.bcra.peso_deposits_at_bcra,19
2006-05-09,13045.0,series.ar.bcra.peso_deposits_at_bcra,19
2006-05-10,13456.0,series.ar.bcra.peso_deposits_at_bcra,19
2006-05-11,13864.0,series.ar.bcra.peso_deposits_at_bcra,19
2006-05-12,13786.0,series.ar.bcra.peso_deposits_at_bcra,19
2006-05-15,14338.0,series.ar.bcra.peso_deposits_at_bcra,19
2006-05-16,14265.0,series.ar.bcra.peso_deposits_at_bcra,19
2006-05-17,14348.0,series.ar.bcra.peso_deposits_at_bcra,19
2006-05-18,14518.0,series.ar.bcra.peso_deposits_at_bcra,19
2006-05-19,12879.0,series.ar.bcra.peso_deposits_at_bcra,19
2006-05-22,14842.0,series.ar.bcra.peso_deposits_at_bcra,19
2006-05-23,14698.0,series.ar.bcra.peso_deposits_at_bcra,19
2006-05-24,14347.0,series.ar.bcra.peso_deposits_at_bcra,19
2006-05-26,14152.0,series.ar.bcra.peso_deposits_at_bcra,19
2006-05-29,13347.0,series.ar.bcra.peso_deposits_at_bcra,19
2006-05-30,12785.0,series.ar.bcra.peso_deposits_at_bcra,19
2006-05-31,12515.0,series.ar.bcra.peso_deposits_at_bcra,19
2006-06-01,13385.0,series.ar.bcra.peso_deposits_at_bcra,19
2006-06-02,13094.0,series.ar.bcra.peso_deposits_at_bcra,19
2006-06-05,13038.0,series.ar.bcra.peso_deposits_at_bcra,19
2006-06-06,13012.0,series.ar.bcra.peso_deposits_at_bcra,19
2006-06-07,12917.0,series.ar.bcra.peso_deposits_at_bcra,19
2006-06-08,13164.0,series.ar.bcra.peso_deposits_at_bcra,19
2006-06-09,13508.0,series.ar.bcra.peso_deposits_at_bcra,19
2006-06-12,13380.0,series.ar.bcra.peso_deposits_at_bcra,19
2006-06-13,13938.0,series.ar.bcra.peso_deposits_at_bcra,19
2006-06-14,14294.0,series.ar.bcra.peso_deposits_at_bcra,19
2006-06-15,14917.0,series.ar.bcra.peso_deposits_at_bcra,19
2006-06-16,15335.0,series.ar.bcra.peso_deposits_at_bcra,19
2006-06-20,15399.0,series.ar.bcra.peso_deposits_at_bcra,19
2006-06-21,15028.0,series.ar.bcra.peso_deposits_at_bcra,19
2006-06-22,14471.0,series.ar.bcra.peso_deposits_at_bcra,19
2006-06-23,14898.0,series.ar.bcra.peso_deposits_at_bcra,19
2006-06-26,14728.0,series.ar.bcra.peso_deposits_at_bcra,19
2006-06-27,14529.0,series.ar.bcra.peso_deposits_at_bcra,19
2006-06-28,14092.0,series.ar.bcra.peso_deposits_at_bcra,19
2006-06-29,13988.0,series.ar.bcra.peso_deposits_at_bcra,19
2006-06-30,13726.0,series.ar.bcra.peso_deposits_at_bcra,19
2006-07-03,14228.0,series.ar.bcra.peso_deposits_at_bcra,19
2006-07-04,14002.0,series.ar.bcra.peso_deposits_at_bcra,19
2006-07-05,13882.0,series.ar.bcra.peso_deposits_at_bcra,19
2006-07-06,13863.0,series.ar.bcra.peso_deposits_at_bcra,19
2006-07-07,13857.0,series.ar.bcra.peso_deposits_at_bcra,19
2006-07-10,13647.0,series.ar.bcra.peso_deposits_at_bcra,19
2006-07-11,14136.0,series.ar.bcra.peso_deposits_at_bcra,19
2006-07-12,13777.0,series.ar.bcra.peso_deposits_at_bcra,19
2006-07-13,14220.0,series.ar.bcra.peso_deposits_at_bcra,19
2006-07-14,14229.0,series.ar.bcra.peso_deposits_at_bcra,19
2006-07-17,14619.0,series.ar.bcra.peso_deposits_at_bcra,19
2006-07-18,15235.0,series.ar.bcra.peso_deposits_at_bcra,19
2006-07-19,15019.0,series.ar.bcra.peso_deposits_at_bcra,19
2006-07-20,14885.0,series.ar.bcra.peso_deposits_at_bcra,19
2006-07-21,15200.0,series.ar.bcra.peso_deposits_at_bcra,19
2006-07-24,15268.0,series.ar.bcra.peso_deposits_at_bcra,19
2006-07-25,15595.0,series.ar.bcra.peso_deposits_at_bcra,19
2006-07-26,15231.0,series.ar.bcra.peso_deposits_at_bcra,19
2006-07-27,14677.0,series.ar.bcra.peso_deposits_at_bcra,19
2006-07-28,14432.0,series.ar.bcra.peso_deposits_at_bcra,19
2006-07-31,13688.0,series.ar.bcra.peso_deposits_at_bcra,19
2006-08-01,15407.0,series.ar.bcra.peso_deposits_at_bcra,19
2006-08-02,14868.0,series.ar.bcra.peso_deposits_at_bcra,19
2006-08-03,15259.0,series.ar.bcra.peso_deposits_at_bcra,19
2006-08-04,15088.0,series.ar.bcra.peso_deposits_at_bcra,19
2006-08-07,15252.0,series.ar.bcra.peso_deposits_at_bcra,19
2006-08-08,15088.0,series.ar.bcra.peso_deposits_at_bcra,19
2006-08-09,15342.0,series.ar.bcra.peso_deposits_at_bcra,19
2006-08-10,16261.0,series.ar.bcra.peso_deposits_at_bcra,19
2006-08-11,16530.0,series.ar.bcra.peso_deposits_at_bcra,19
2006-08-14,16560.0,series.ar.bcra.peso_deposits_at_bcra,19
2006-08-15,17483.0,series.ar.bcra.peso_deposits_at_bcra,19
2006-08-16,17136.0,series.ar.bcra.peso_deposits_at_bcra,19
2006-08-17,17420.0,series.ar.bcra.peso_deposits_at_bcra,19
2006-08-18,17029.0,series.ar.bcra.peso_deposits_at_bcra,19
2006-08-22,17743.0,series.ar.bcra.peso_deposits_at_bcra,19
2006-08-23,17652.0,series.ar.bcra.peso_deposits_at_bcra,19
2006-08-24,17738.0,series.ar.bcra.peso_deposits_at_bcra,19
2006-08-25,17418.0,series.ar.bcra.peso_deposits_at_bcra,19
2006-08-28,17271.0,series.ar.bcra.peso_deposits_at_bcra,19
2006-08-29,16750.0,series.ar.bcra.peso_deposits_at_bcra,19
2006-08-30,16303.0,series.ar.bcra.peso_deposits_at_bcra,19
2006-08-31,15037.0,series.ar.bcra.peso_deposits_at_bcra,19
2006-09-01,16677.0,series.ar.bcra.peso_deposits_at_bcra,19
2006-09-04,16493.0,series.ar.bcra.peso_deposits_at_bcra,19
2006-09-05,16622.0,series.ar.bcra.peso_deposits_at_bcra,19
2006-09-06,16375.0,series.ar.bcra.peso_deposits_at_bcra,19
2006-09-07,16318.0,series.ar.bcra.peso_deposits_at_bcra,19
2006-09-08,16389.0,series.ar.bcra.peso_deposits_at_bcra,19
2006-09-11,16803.0,series.ar.bcra.peso_deposits_at_bcra,19
2006-09-12,17288.0,series.ar.bcra.peso_deposits_at_bcra,19
2006-09-13,17907.0,series.ar.bcra.peso_deposits_at_bcra,19
2006-09-14,18491.0,series.ar.bcra.peso_deposits_at_bcra,19
2006-09-15,19115.0,series.ar.bcra.peso_deposits_at_bcra,19
2006-09-18,19280.0,series.ar.bcra.peso_deposits_at_bcra,19
2006-09-19,19566.0,series.ar.bcra.peso_deposits_at_bcra,19
2006-09-20,19732.0,series.ar.bcra.peso_deposits_at_bcra,19
2006-09-21,19684.0,series.ar.bcra.peso_deposits_at_bcra,19
2006-09-22,19685.0,series.ar.bcra.peso_deposits_at_bcra,19
2006-09-25,20218.0,series.ar.bcra.peso_deposits_at_bcra,19
2006-09-26,20565.0,series.ar.bcra.peso_deposits_at_bcra,19
2006-09-27,19859.0,series.ar.bcra.peso_deposits_at_bcra,19
2006-09-28,20228.0,series.ar.bcra.peso_deposits_at_bcra,19
2006-09-29,18375.0,series.ar.bcra.peso_deposits_at_bcra,19
2006-10-02,18751.0,series.ar.bcra.peso_deposits_at_bcra,19
2006-10-03,18534.0,series.ar.bcra.peso_deposits_at_bcra,19
2006-10-04,18325.0,series.ar.bcra.peso_deposits_at_bcra,19
2006-10-05,18415.0,series.ar.bcra.peso_deposits_at_bcra,19
2006-10-06,18647.0,series.ar.bcra.peso_deposits_at_bcra,19
2006-10-09,17902.0,series.ar.bcra.peso_deposits_at_bcra,19
2006-10-10,18367.0,series.ar.bcra.peso_deposits_at_bcra,19
2006-10-11,18291.0,series.ar.bcra.peso_deposits_at_bcra,19
2006-10-12,18407.0,series.ar.bcra.peso_deposits_at_bcra,19
2006-10-13,18843.0,series.ar.bcra.peso_deposits_at_bcra,19
2006-10-17,19313.0,series.ar.bcra.peso_deposits_at_bcra,19
2006-10-18,19745.0,series.ar.bcra.peso_deposits_at_bcra,19
2006-10-19,19994.0,series.ar.bcra.peso_deposits_at_bcra,19
2006-10-20,19826.0,series.ar.bcra.peso_deposits_at_bcra,19
2006-10-23,18773.0,series.ar.bcra.peso_deposits_at_bcra,19
2006-10-24,19221.0,series.ar.bcra.peso_deposits_at_bcra,19
2006-10-25,18589.0,series.ar.bcra.peso_deposits_at_bcra,19
2006-10-26,17505.0,series.ar.bcra.peso_deposits_at_bcra,19
2006-10-27,17585.0,series.ar.bcra.peso_deposits_at_bcra,19
2006-10-30,16858.0,series.ar.bcra.peso_deposits_at_bcra,19
2006-10-31,16254.0,series.ar.bcra.peso_deposits_at_bcra,19
2006-11-01,17154.0,series.ar.bcra.peso_deposits_at_bcra,19
2006-11-02,17183.0,series.ar.bcra.peso_deposits_at_bcra,19
2006-11-03,17415.0,series.ar.bcra.peso_deposits_at_bcra,19
2006-11-07,17451.0,series.ar.bcra.peso_deposits_at_bcra,19
2006-11-08,17413.0,series.ar.bcra.peso_deposits_at_bcra,19
2006-11-09,18484.0,series.ar.bcra.peso_deposits_at_bcra,19
2006-11-10,19665.0,series.ar.bcra.peso_deposits_at_bcra,19
2006-11-13,18283.0,series.ar.bcra.peso_deposits_at_bcra,19
2006-11-14,18965.0,series.ar.bcra.peso_deposits_at_bcra,19
2006-11-15,19709.0,series.ar.bcra.peso_deposits_at_bcra,19
2006-11-16,19699.0,series.ar.bcra.peso_deposits_at_bcra,19
2006-11-17,21013.0,series.ar.bcra.peso_deposits_at_bcra,19
2006-11-20,21326.0,series.ar.bcra.peso_deposits_at_bcra,19
2006-11-21,21442.0,series.ar.bcra.peso_deposits_at_bcra,19
2006-11-22,21462.0,series.ar.bcra.peso_deposits_at_bcra,19
2006-11-23,21654.0,series.ar.bcra.peso_deposits_at_bcra,19
2006-11-24,21801.0,series.ar.bcra.peso_deposits_at_bcra,19
2006-11-27,20658.0,series.ar.bcra.peso_deposits_at_bcra,19
2006-11-28,20582.0,series.ar.bcra.peso_deposits_at_bcra,19
2006-11-29,19031.0,series.ar.bcra.peso_deposits_at_bcra,19
2006-11-30,20261.0,series.ar.bcra.peso_deposits_at_bcra,19
2006-12-01,20358.0,series.ar.bcra.peso_deposits_at_bcra,19
2006-12-04,19403.0,series.ar.bcra.peso_deposits_at_bcra,19
2006-12-05,19985.0,series.ar.bcra.peso_deposits_at_bcra,19
2006-12-06,19396.0,series.ar.bcra.peso_deposits_at_bcra,19
2006-12-07,19346.0,series.ar.bcra.peso_deposits_at_bcra,19
2006-12-11,19579.0,series.ar.bcra.peso_deposits_at_bcra,19
2006-12-12,20228.0,series.ar.bcra.peso_deposits_at_bcra,19
2006-12-13,20853.0,series.ar.bcra.peso_deposits_at_bcra,19
2006-12-14,20705.0,series.ar.bcra.peso_deposits_at_bcra,19
2006-12-15,20767.0,series.ar.bcra.peso_deposits_at_bcra,19
2006-12-18,20711.0,series.ar.bcra.peso_deposits_at_bcra,19
2006-12-19,21056.0,series.ar.bcra.peso_deposits_at_bcra,19
2006-12-20,21239.0,series.ar.bcra.peso_deposits_at_bcra,19
2006-12-21,22754.0,series.ar.bcra.peso_deposits_at_bcra,19
2006-12-22,21915.0,series.ar.bcra.peso_deposits_at_bcra,19
2006-12-26,21738.0,series.ar.bcra.peso_deposits_at_bcra,19
2006-12-27,21296.0,series.ar.bcra.peso_deposits_at_bcra,19
2006-12-28,20783.0,series.ar.bcra.peso_deposits_at_bcra,19
2006-12-29,20844.0,series.ar.bcra.peso_deposits_at_bcra,19
2007-01-02,20830.0,series.ar.bcra.peso_deposits_at_bcra,19
2007-01-03,20703.0,series.ar.bcra.peso_deposits_at_bcra,19
2007-01-04,20476.0,series.ar.bcra.peso_deposits_at_bcra,19
2007-01-05,19880.0,series.ar.bcra.peso_deposits_at_bcra,19
2007-01-08,19667.0,series.ar.bcra.peso_deposits_at_bcra,19
2007-01-09,20247.0,series.ar.bcra.peso_deposits_at_bcra,19
2007-01-10,20533.0,series.ar.bcra.peso_deposits_at_bcra,19
2007-01-11,20667.0,series.ar.bcra.peso_deposits_at_bcra,19
2007-01-12,21139.0,series.ar.bcra.peso_deposits_at_bcra,19
2007-01-15,21509.0,series.ar.bcra.peso_deposits_at_bcra,19
2007-01-16,21259.0,series.ar.bcra.peso_deposits_at_bcra,19
2007-01-17,20047.0,series.ar.bcra.peso_deposits_at_bcra,19
2007-01-18,19597.0,series.ar.bcra.peso_deposits_at_bcra,19
2007-01-19,20368.0,series.ar.bcra.peso_deposits_at_bcra,19
2007-01-22,21561.0,series.ar.bcra.peso_deposits_at_bcra,19
2007-01-23,21115.0,series.ar.bcra.peso_deposits_at_bcra,19
2007-01-24,20276.0,series.ar.bcra.peso_deposits_at_bcra,19
2007-01-25,21133.0,series.ar.bcra.peso_deposits_at_bcra,19
2007-01-26,20789.0,series.ar.bcra.peso_deposits_at_bcra,19
2007-01-29,20266.0,series.ar.bcra.peso_deposits_at_bcra,19
2007-01-30,19140.0,series.ar.bcra.peso_deposits_at_bcra,19
2007-01-31,19511.0,series.ar.bcra.peso_deposits_at_bcra,19
2007-02-01,18659.0,series.ar.bcra.peso_deposits_at_bcra,19
2007-02-02,19644.0,series.ar.bcra.peso_deposits_at_bcra,19
2007-02-05,20634.0,series.ar.bcra.peso_deposits_at_bcra,19
2007-02-06,20311.0,series.ar.bcra.peso_deposits_at_bcra,19
2007-02-07,19190.0,series.ar.bcra.peso_deposits_at_bcra,19
2007-02-08,19068.0,series.ar.bcra.peso_deposits_at_bcra,19
2007-02-09,18519.0,series.ar.bcra.peso_deposits_at_bcra,19
2007-02-12,18860.0,series.ar.bcra.peso_deposits_at_bcra,19
2007-02-13,19148.0,series.ar.bcra.peso_deposits_at_bcra,19
2007-02-14,19353.0,series.ar.bcra.peso_deposits_at_bcra,19
2007-02-15,20105.0,series.ar.bcra.peso_deposits_at_bcra,19
2007-02-16,19474.0,series.ar.bcra.peso_deposits_at_bcra,19
2007-02-19,19986.0,series.ar.bcra.peso_deposits_at_bcra,19
2007-02-20,20871.0,series.ar.bcra.peso_deposits_at_bcra,19
2007-02-21,21358.0,series.ar.bcra.peso_deposits_at_bcra,19
2007-02-22,20419.0,series.ar.bcra.peso_deposits_at_bcra,19
2007-02-23,20176.0,series.ar.bcra.peso_deposits_at_bcra,19
2007-02-26,19480.0,series.ar.bcra.peso_deposits_at_bcra,19
2007-02-27,19032.0,series.ar.bcra.peso_deposits_at_bcra,19
2007-02-28,18136.0,series.ar.bcra.peso_deposits_at_bcra,19
2007-03-01,20279.0,series.ar.bcra.peso_deposits_at_bcra,19
2007-03-02,19606.0,series.ar.bcra.peso_deposits_at_bcra,19
2007-03-05,19592.0,series.ar.bcra.peso_deposits_at_bcra,19
2007-03-06,19778.0,series.ar.bcra.peso_deposits_at_bcra,19
2007-03-07,19343.0,series.ar.bcra.peso_deposits_at_bcra,19
2007-03-08,19070.0,series.ar.bcra.peso_deposits_at_bcra,19
2007-03-09,19339.0,series.ar.bcra.peso_deposits_at_bcra,19
2007-03-12,19513.0,series.ar.bcra.peso_deposits_at_bcra,19
2007-03-13,20034.0,series.ar.bcra.peso_deposits_at_bcra,19
2007-03-14,20285.0,series.ar.bcra.peso_deposits_at_bcra,19
2007-03-15,21141.0,series.ar.bcra.peso_deposits_at_bcra,19
2007-03-16,21033.0,series.ar.bcra.peso_deposits_at_bcra,19
2007-03-19,21061.0,series.ar.bcra.peso_deposits_at_bcra,19
2007-03-20,21156.0,series.ar.bcra.peso_deposits_at_bcra,19
2007-03-21,21182.0,series.ar.bcra.peso_deposits_at_bcra,19
2007-03-22,20832.0,series.ar.bcra.peso_deposits_at_bcra,19
2007-03-23,20887.0,series.ar.bcra.peso_deposits_at_bcra,19
2007-03-26,21283.0,series.ar.bcra.peso_deposits_at_bcra,19
2007-03-27,21002.0,series.ar.bcra.peso_deposits_at_bcra,19
2007-03-28,20375.0,series.ar.bcra.peso_deposits_at_bcra,19
2007-03-29,19612.0,series.ar.bcra.peso_deposits_at_bcra,19
2007-03-30,19457.0,series.ar.bcra.peso_deposits_at_bcra,19
2007-04-03,20473.0,series.ar.bcra.peso_deposits_at_bcra,19
2007-04-04,20108.0,series.ar.bcra.peso_deposits_at_bcra,19
2007-04-09,20114.0,series.ar.bcra.peso_deposits_at_bcra,19
2007-04-10,20710.0,series.ar.bcra.peso_deposits_at_bcra,19
2007-04-11,21327.0,series.ar.bcra.peso_deposits_at_bcra,19
2007-04-12,21161.0,series.ar.bcra.peso_deposits_at_bcra,19
2007-04-13,21452.0,series.ar.bcra.peso_deposits_at_bcra,19
2007-04-16,21456.0,series.ar.bcra.peso_deposits_at_bcra,19
2007-04-17,21212.0,series.ar.bcra.peso_deposits_at_bcra,19
2007-04-18,21345.0,series.ar.bcra.peso_deposits_at_bcra,19
2007-04-19,21786.0,series.ar.bcra.peso_deposits_at_bcra,19
2007-04-20,21173.0,series.ar.bcra.peso_deposits_at_bcra,19
2007-04-23,21129.0,series.ar.bcra.peso_deposits_at_bcra,19
2007-04-24,21634.0,series.ar.bcra.peso_deposits_at_bcra,19
2007-04-25,21076.0,series.ar.bcra.peso_deposits_at_bcra,19
2007-04-26,21215.0,series.ar.bcra.peso_deposits_at_bcra,19
2007-04-27,20912.0,series.ar.bcra.peso_deposits_at_bcra,19
2007-04-30,18663.0,series.ar.bcra.peso_deposits_at_bcra,19
2007-05-02,21023.0,series.ar.bcra.peso_deposits_at_bcra,19
2007-05-03,20608.0,series.ar.bcra.peso_deposits_at_bcra,19
2007-05-04,21011.0,series.ar.bcra.peso_deposits_at_bcra,19
2007-05-07,21034.0,series.ar.bcra.peso_deposits_at_bcra,19
2007-05-08,21444.0,series.ar.bcra.peso_deposits_at_bcra,19
2007-05-09,21118.0,series.ar.bcra.peso_deposits_at_bcra,19
2007-05-10,21617.0,series.ar.bcra.peso_deposits_at_bcra,19
2007-05-11,22323.0,series.ar.bcra.peso_deposits_at_bcra,19
2007-05-14,22576.0,series.ar.bcra.peso_deposits_at_bcra,19
2007-05-15,22970.0,series.ar.bcra.peso_deposits_at_bcra,19
2007-05-16,22215.0,series.ar.bcra.peso_deposits_at_bcra,19
2007-05-17,22438.0,series.ar.bcra.peso_deposits_at_bcra,19
2007-05-18,22480.0,series.ar.bcra.peso_deposits_at_bcra,19
2007-05-21,23001.0,series.ar.bcra.peso_deposits_at_bcra,19
2007-05-22,23226.0,series.ar.bcra.peso_deposits_at_bcra,19
2007-05-23,20329.0,series.ar.bcra.peso_deposits_at_bcra,19
2007-05-24,22287.0,series.ar.bcra.peso_deposits_at_bcra,19
2007-05-28,20604.0,series.ar.bcra.peso_deposits_at_bcra,19
2007-05-29,21221.0,series.ar.bcra.peso_deposits_at_bcra,19
2007-05-30,19570.0,series.ar.bcra.peso_deposits_at_bcra,19
2007-05-31,18623.0,series.ar.bcra.peso_deposits_at_bcra,19
2007-06-01,23217.0,series.ar.bcra.peso_deposits_at_bcra,19
2007-06-04,23228.0,series.ar.bcra.peso_deposits_at_bcra,19
2007-06-05,22895.0,series.ar.bcra.peso_deposits_at_bcra,19
2007-06-06,21685.0,series.ar.bcra.peso_deposits_at_bcra,19
2007-06-07,21083.0,series.ar.bcra.peso_deposits_at_bcra,19
2007-06-08,21157.0,series.ar.bcra.peso_deposits_at_bcra,19
2007-06-11,20994.0,series.ar.bcra.peso_deposits_at_bcra,19
2007-06-12,20873.0,series.ar.bcra.peso_deposits_at_bcra,19
2007-06-13,21149.0,series.ar.bcra.peso_deposits_at_bcra,19
2007-06-14,21653.0,series.ar.bcra.peso_deposits_at_bcra,19
2007-06-15,22376.0,series.ar.bcra.peso_deposits_at_bcra,19
2007-06-19,22905.0,series.ar.bcra.peso_deposits_at_bcra,19
2007-06-20,22879.0,series.ar.bcra.peso_deposits_at_bcra,19
2007-06-21,22358.0,series.ar.bcra.peso_deposits_at_bcra,19
2007-06-22,22971.0,series.ar.bcra.peso_deposits_at_bcra,19
2007-06-25,22966.0,series.ar.bcra.peso_deposits_at_bcra,19
2007-06-26,22114.0,series.ar.bcra.peso_deposits_at_bcra,19
2007-06-27,22538.0,series.ar.bcra.peso_deposits_at_bcra,19
2007-06-28,22679.0,series.ar.bcra.peso_deposits_at_bcra,19
2007-06-29,20678.0,series.ar.bcra.peso_deposits_at_bcra,19
2007-07-02,22235.0,series.ar.bcra.peso_deposits_at_bcra,19
2007-07-03,21944.0,series.ar.bcra.peso_deposits_at_bcra,19
2007-07-04,20769.0,series.ar.bcra.peso_deposits_at_bcra,19
2007-07-05,20520.0,series.ar.bcra.peso_deposits_at_bcra,19
2007-07-06,20499.0,series.ar.bcra.peso_deposits_at_bcra,19
2007-07-10,20619.0,series.ar.bcra.peso_deposits_at_bcra,19
2007-07-11,21402.0,series.ar.bcra.peso_deposits_at_bcra,19
2007-07-12,21796.0,series.ar.bcra.peso_deposits_at_bcra,19
2007-07-13,22184.0,series.ar.bcra.peso_deposits_at_bcra,19
2007-07-16,22807.0,series.ar.bcra.peso_deposits_at_bcra,19
2007-07-17,23023.0,series.ar.bcra.peso_deposits_at_bcra,19
2007-07-18,22763.0,series.ar.bcra.peso_deposits_at_bcra,19
2007-07-19,23425.0,series.ar.bcra.peso_deposits_at_bcra,19
2007-07-20,23908.0,series.ar.bcra.peso_deposits_at_bcra,19
2007-07-23,24181.0,series.ar.bcra.peso_deposits_at_bcra,19
2007-07-24,24488.0,series.ar.bcra.peso_deposits_at_bcra,19
2007-07-25,24722.0,series.ar.bcra.peso_deposits_at_bcra,19
2007-07-26,24524.0,series.ar.bcra.peso_deposits_at_bcra,19
2007-07-27,24738.0,series.ar.bcra.peso_deposits_at_bcra,19
2007-07-30,24494.0,series.ar.bcra.peso_deposits_at_bcra,19
2007-07-31,24540.0,series.ar.bcra.peso_deposits_at_bcra,19
2007-08-01,24066.0,series.ar.bcra.peso_deposits_at_bcra,19
2007-08-02,23902.0,series.ar.bcra.peso_deposits_at_bcra,19
2007-08-03,23218.0,series.ar.bcra.peso_deposits_at_bcra,19
2007-08-06,22828.0,series.ar.bcra.peso_deposits_at_bcra,19
2007-08-07,22976.0,series.ar.bcra.peso_deposits_at_bcra,19
2007-08-08,22949.0,series.ar.bcra.peso_deposits_at_bcra,19
2007-08-09,22918.0,series.ar.bcra.peso_deposits_at_bcra,19
2007-08-10,23272.0,series.ar.bcra.peso_deposits_at_bcra,19
2007-08-13,22738.0,series.ar.bcra.peso_deposits_at_bcra,19
2007-08-14,23143.0,series.ar.bcra.peso_deposits_at_bcra,19
2007-08-15,24006.0,series.ar.bcra.peso_deposits_at_bcra,19
2007-08-16,23826.0,series.ar.bcra.peso_deposits_at_bcra,19
2007-08-17,23342.0,series.ar.bcra.peso_deposits_at_bcra,19
2007-08-21,23498.0,series.ar.bcra.peso_deposits_at_bcra,19
2007-08-22,23509.0,series.ar.bcra.peso_deposits_at_bcra,19
2007-08-23,23685.0,series.ar.bcra.peso_deposits_at_bcra,19
2007-08-24,23238.0,series.ar.bcra.peso_deposits_at_bcra,19
2007-08-27,22574.0,series.ar.bcra.peso_deposits_at_bcra,19
2007-08-28,22241.0,series.ar.bcra.peso_deposits_at_bcra,19
2007-08-29,21624.0,series.ar.bcra.peso_deposits_at_bcra,19
2007-08-30,20577.0,series.ar.bcra.peso_deposits_at_bcra,19
2007-08-31,22587.0,series.ar.bcra.peso_deposits_at_bcra,19
2007-09-03,23024.0,series.ar.bcra.peso_deposits_at_bcra,19
2007-09-04,23519.0,series.ar.bcra.peso_deposits_at_bcra,19
2007-09-05,23967.0,series.ar.bcra.peso_deposits_at_bcra,19
2007-09-06,24195.0,series.ar.bcra.peso_deposits_at_bcra,19
2007-09-07,22894.0,series.ar.bcra.peso_deposits_at_bcra,19
2007-09-10,22950.0,series.ar.bcra.peso_deposits_at_bcra,19
2007-09-11,23414.0,series.ar.bcra.peso_deposits_at_bcra,19
2007-09-12,24362.0,series.ar.bcra.peso_deposits_at_bcra,19
2007-09-13,24481.0,series.ar.bcra.peso_deposits_at_bcra,19
2007-09-14,23671.0,series.ar.bcra.peso_deposits_at_bcra,19
2007-09-17,23627.0,series.ar.bcra.peso_deposits_at_bcra,19
2007-09-18,23769.0,series.ar.bcra.peso_deposits_at_bcra,19
2007-09-19,24044.0,series.ar.bcra.peso_deposits_at_bcra,19
2007-09-20,23546.0,series.ar.bcra.peso_deposits_at_bcra,19
2007-09-21,22506.0,series.ar.bcra.peso_deposits_at_bcra,19
2007-09-24,22359.0,series.ar.bcra.peso_deposits_at_bcra,19
2007-09-25,22340.0,series.ar.bcra.peso_deposits_at_bcra,19
2007-09-26,22128.0,series.ar.bcra.peso_deposits_at_bcra,19
2007-09-27,21205.0,series.ar.bcra.peso_deposits_at_bcra,19
2007-09-28,21463.0,series.ar.bcra.peso_deposits_at_bcra,19
2007-10-01,23222.0,series.ar.bcra.peso_deposits_at_bcra,19
2007-10-02,22629.0,series.ar.bcra.peso_deposits_at_bcra,19
2007-10-03,22586.0,series.ar.bcra.peso_deposits_at_bcra,19
2007-10-04,22450.0,series.ar.bcra.peso_deposits_at_bcra,19
2007-10-05,22067.0,series.ar.bcra.peso_deposits_at_bcra,19
2007-10-08,22113.0,series.ar.bcra.peso_deposits_at_bcra,19
2007-10-09,22304.0,series.ar.bcra.peso_deposits_at_bcra,19
2007-10-10,22795.0,series.ar.bcra.peso_deposits_at_bcra,19
2007-10-11,22453.0,series.ar.bcra.peso_deposits_at_bcra,19
2007-10-12,22510.0,series.ar.bcra.peso_deposits_at_bcra,19
2007-10-16,23136.0,series.ar.bcra.peso_deposits_at_bcra,19
2007-10-17,23877.0,series.ar.bcra.peso_deposits_at_bcra,19
2007-10-18,24125.0,series.ar.bcra.peso_deposits_at_bcra,19
2007-10-19,24035.0,series.ar.bcra.peso_deposits_at_bcra,19
2007-10-22,24027.0,series.ar.bcra.peso_deposits_at_bcra,19
2007-10-23,23298.0,series.ar.bcra.peso_deposits_at_bcra,19
2007-10-24,23303.0,series.ar.bcra.peso_deposits_at_bcra,19
2007-10-25,23367.0,series.ar.bcra.peso_deposits_at_bcra,19
2007-10-26,22814.0,series.ar.bcra.peso_deposits_at_bcra,19
2007-10-29,21672.0,series.ar.bcra.peso_deposits_at_bcra,19
2007-10-30,21280.0,series.ar.bcra.peso_deposits_at_bcra,19
2007-10-31,20161.0,series.ar.bcra.peso_deposits_at_bcra,19
2007-11-01,21731.0,series.ar.bcra.peso_deposits_at_bcra,19
2007-11-02,22164.0,series.ar.bcra.peso_deposits_at_bcra,19
2007-11-05,22075.0,series.ar.bcra.peso_deposits_at_bcra,19
2007-11-07,22973.0,series.ar.bcra.peso_deposits_at_bcra,19
2007-11-08,23616.0,series.ar.bcra.peso_deposits_at_bcra,19
2007-11-09,22835.0,series.ar.bcra.peso_deposits_at_bcra,19
2007-11-12,22958.0,series.ar.bcra.peso_deposits_at_bcra,19
2007-11-13,23403.0,series.ar.bcra.peso_deposits_at_bcra,19
2007-11-14,24829.0,series.ar.bcra.peso_deposits_at_bcra,19
2007-11-15,25692.0,series.ar.bcra.peso_deposits_at_bcra,19
2007-11-16,24246.0,series.ar.bcra.peso_deposits_at_bcra,19
2007-11-19,23323.0,series.ar.bcra.peso_deposits_at_bcra,19
2007-11-20,24338.0,series.ar.bcra.peso_deposits_at_bcra,19
2007-11-21,24452.0,series.ar.bcra.peso_deposits_at_bcra,19
2007-11-22,25599.0,series.ar.bcra.peso_deposits_at_bcra,19
2007-11-23,25647.0,series.ar.bcra.peso_deposits_at_bcra,19
2007-11-26,25517.0,series.ar.bcra.peso_deposits_at_bcra,19
2007-11-27,24939.0,series.ar.bcra.peso_deposits_at_bcra,19
2007-11-28,24348.0,series.ar.bcra.peso_deposits_at_bcra,19
2007-11-29,23262.0,series.ar.bcra.peso_deposits_at_bcra,19
2007-11-30,23619.0,series.ar.bcra.peso_deposits_at_bcra,19
2007-12-03,24840.0,series.ar.bcra.peso_deposits_at_bcra,19
2007-12-04,26018.0,series.ar.bcra.peso_deposits_at_bcra,19
2007-12-05,25647.0,series.ar.bcra.peso_deposits_at_bcra,19
2007-12-06,25666.0,series.ar.bcra.peso_deposits_at_bcra,19
2007-12-07,25634.0,series.ar.bcra.peso_deposits_at_bcra,19
2007-12-10,25422.0,series.ar.bcra.peso_deposits_at_bcra,19
2007-12-11,25918.0,series.ar.bcra.peso_deposits_at_bcra,19
2007-12-12,27168.0,series.ar.bcra.peso_deposits_at_bcra,19
2007-12-13,27378.0,series.ar.bcra.peso_deposits_at_bcra,19
2007-12-14,27448.0,series.ar.bcra.peso_deposits_at_bcra,19
2007-12-17,27272.0,series.ar.bcra.peso_deposits_at_bcra,19
2007-12-18,27170.0,series.ar.bcra.peso_deposits_at_bcra,19
2007-12-19,27973.0,series.ar.bcra.peso_deposits_at_bcra,19
2007-12-20,27508.0,series.ar.bcra.peso_deposits_at_bcra,19
2007-12-21,25770.0,series.ar.bcra.peso_deposits_at_bcra,19
2007-12-26,24769.0,series.ar.bcra.peso_deposits_at_bcra,19
2007-12-27,24125.0,series.ar.bcra.peso_deposits_at_bcra,19
2007-12-28,24175.0,series.ar.bcra.peso_deposits_at_bcra,19
2008-01-02,24981.0,series.ar.bcra.peso_deposits_at_bcra,19
2008-01-03,24597.0,series.ar.bcra.peso_deposits_at_bcra,19
2008-01-04,23991.0,series.ar.bcra.peso_deposits_at_bcra,19
2008-01-07,24426.0,series.ar.bcra.peso_deposits_at_bcra,19
2008-01-08,24764.0,series.ar.bcra.peso_deposits_at_bcra,19
2008-01-09,25079.0,series.ar.bcra.peso_deposits_at_bcra,19
2008-01-10,25938.0,series.ar.bcra.peso_deposits_at_bcra,19
2008-01-11,26031.0,series.ar.bcra.peso_deposits_at_bcra,19
2008-01-14,27070.0,series.ar.bcra.peso_deposits_at_bcra,19
2008-01-15,27628.0,series.ar.bcra.peso_deposits_at_bcra,19
2008-01-16,26660.0,series.ar.bcra.peso_deposits_at_bcra,19
2008-01-17,26533.0,series.ar.bcra.peso_deposits_at_bcra,19
2008-01-18,26659.0,series.ar.bcra.peso_deposits_at_bcra,19
2008-01-21,27156.0,series.ar.bcra.peso_deposits_at_bcra,19
2008-01-22,27294.0,series.ar.bcra.peso_deposits_at_bcra,19
2008-01-23,26897.0,series.ar.bcra.peso_deposits_at_bcra,19
2008-01-24,26491.0,series.ar.bcra.peso_deposits_at_bcra,19
2008-01-25,25773.0,series.ar.bcra.peso_deposits_at_bcra,19
2008-01-28,25350.0,series.ar.bcra.peso_deposits_at_bcra,19
2008-01-29,25492.0,series.ar.bcra.peso_deposits_at_bcra,19
2008-01-30,24215.0,series.ar.bcra.peso_deposits_at_bcra,19
2008-01-31,23662.0,series.ar.bcra.peso_deposits_at_bcra,19
2008-02-01,22890.0,series.ar.bcra.peso_deposits_at_bcra,19
2008-02-04,22965.0,series.ar.bcra.peso_deposits_at_bcra,19
2008-02-05,22170.0,series.ar.bcra.peso_deposits_at_bcra,19
2008-02-06,21383.0,series.ar.bcra.peso_deposits_at_bcra,19
2008-02-07,21862.0,series.ar.bcra.peso_deposits_at_bcra,19
2008-02-08,22328.0,series.ar.bcra.peso_deposits_at_bcra,19
2008-02-11,23170.0,series.ar.bcra.peso_deposits_at_bcra,19
2008-02-12,24092.0,series.ar.bcra.peso_deposits_at_bcra,19
2008-02-13,23905.0,series.ar.bcra.peso_deposits_at_bcra,19
2008-02-14,24790.0,series.ar.bcra.peso_deposits_at_bcra,19
2008-02-15,25054.0,series.ar.bcra.peso_deposits_at_bcra,19
2008-02-18,24538.0,series.ar.bcra.peso_deposits_at_bcra,19
2008-02-19,24794.0,series.ar.bcra.peso_deposits_at_bcra,19
2008-02-20,25328.0,series.ar.bcra.peso_deposits_at_bcra,19
2008-02-21,26653.0,series.ar.bcra.peso_deposits_at_bcra,19
2008-02-22,25790.0,series.ar.bcra.peso_deposits_at_bcra,19
2008-02-25,26410.0,series.ar.bcra.peso_deposits_at_bcra,19
2008-02-26,26654.0,series.ar.bcra.peso_deposits_at_bcra,19
2008-02-27,25998.0,series.ar.bcra.peso_deposits_at_bcra,19
2008-02-28,25619.0,series.ar.bcra.peso_deposits_at_bcra,19
2008-02-29,26343.0,series.ar.bcra.peso_deposits_at_bcra,19
2008-03-03,27178.0,series.ar.bcra.peso_deposits_at_bcra,19
2008-03-04,26259.0,series.ar.bcra.peso_deposits_at_bcra,19
2008-03-05,26177.0,series.ar.bcra.peso_deposits_at_bcra,19
2008-03-06,25008.0,series.ar.bcra.peso_deposits_at_bcra,19
2008-03-07,25371.0,series.ar.bcra.peso_deposits_at_bcra,19
2008-03-10,25163.0,series.ar.bcra.peso_deposits_at_bcra,19
2008-03-11,25147.0,series.ar.bcra.peso_deposits_at_bcra,19
2008-03-12,24935.0,series.ar.bcra.peso_deposits_at_bcra,19
2008-03-13,25454.0,series.ar.bcra.peso_deposits_at_bcra,19
2008-03-14,26254.0,series.ar.bcra.peso_deposits_at_bcra,19
2008-03-17,26592.0,series.ar.bcra.peso_deposits_at_bcra,19
2008-03-18,25219.0,series.ar.bcra.peso_deposits_at_bcra,19
2008-03-19,25356.0,series.ar.bcra.peso_deposits_at_bcra,19
2008-03-25,25190.0,series.ar.bcra.peso_deposits_at_bcra,19
2008-03-26,26288.0,series.ar.bcra.peso_deposits_at_bcra,19
2008-03-27,25454.0,series.ar.bcra.peso_deposits_at_bcra,19
2008-03-28,25905.0,series.ar.bcra.peso_deposits_at_bcra,19
2008-03-31,26447.0,series.ar.bcra.peso_deposits_at_bcra,19
2008-04-01,27673.0,series.ar.bcra.peso_deposits_at_bcra,19
2008-04-03,27014.0,series.ar.bcra.peso_deposits_at_bcra,19
2008-04-04,26241.0,series.ar.bcra.peso_deposits_at_bcra,19
2008-04-07,25403.0,series.ar.bcra.peso_deposits_at_bcra,19
2008-04-08,24678.0,series.ar.bcra.peso_deposits_at_bcra,19
2008-04-09,24813.0,series.ar.bcra.peso_deposits_at_bcra,19
2008-04-10,24780.0,series.ar.bcra.peso_deposits_at_bcra,19
2008-04-11,25037.0,series.ar.bcra.peso_deposits_at_bcra,19
2008-04-14,24887.0,series.ar.bcra.peso_deposits_at_bcra,19
2008-04-15,25215.0,series.ar.bcra.peso_deposits_at_bcra,19
2008-04-16,24275.0,series.ar.bcra.peso_deposits_at_bcra,19
2008-04-17,24500.0,series.ar.bcra.peso_deposits_at_bcra,19
2008-04-18,24537.0,series.ar.bcra.peso_deposits_at_bcra,19
2008-04-21,26115.0,series.ar.bcra.peso_deposits_at_bcra,19
2008-04-22,27161.0,series.ar.bcra.peso_deposits_at_bcra,19
2008-04-23,28554.0,series.ar.bcra.peso_deposits_at_bcra,19
2008-04-24,28375.0,series.ar.bcra.peso_deposits_at_bcra,19
2008-04-25,28345.0,series.ar.bcra.peso_deposits_at_bcra,19
2008-04-28,26415.0,series.ar.bcra.peso_deposits_at_bcra,19
2008-04-29,25672.0,series.ar.bcra.peso_deposits_at_bcra,19
2008-04-30,25726.0,series.ar.bcra.peso_deposits_at_bcra,19
2008-05-02,27192.0,series.ar.bcra.peso_deposits_at_bcra,19
2008-05-05,26402.0,series.ar.bcra.peso_deposits_at_bcra,19
2008-05-06,25900.0,series.ar.bcra.peso_deposits_at_bcra,19
2008-05-07,26583.0,series.ar.bcra.peso_deposits_at_bcra,19
2008-05-08,25855.0,series.ar.bcra.peso_deposits_at_bcra,19
2008-05-09,25303.0,series.ar.bcra.peso_deposits_at_bcra,19
2008-05-12,25448.0,series.ar.bcra.peso_deposits_at_bcra,19
2008-05-13,26011.0,series.ar.bcra.peso_deposits_at_bcra,19
2008-05-14,26958.0,series.ar.bcra.peso_deposits_at_bcra,19
2008-05-15,27870.0,series.ar.bcra.peso_deposits_at_bcra,19
2008-05-16,26922.0,series.ar.bcra.peso_deposits_at_bcra,19
2008-05-19,27927.0,series.ar.bcra.peso_deposits_at_bcra,19
2008-05-20,25393.0,series.ar.bcra.peso_deposits_at_bcra,19
2008-05-21,26601.0,series.ar.bcra.peso_deposits_at_bcra,19
2008-05-22,26088.0,series.ar.bcra.peso_deposits_at_bcra,19
2008-05-23,25544.0,series.ar.bcra.peso_deposits_at_bcra,19
2008-05-26,26522.0,series.ar.bcra.peso_deposits_at_bcra,19
2008-05-27,25162.0,series.ar.bcra.peso_deposits_at_bcra,19
2008-05-28,24866.0,series.ar.bcra.peso_deposits_at_bcra,19
2008-05-29,24381.0,series.ar.bcra.peso_deposits_at_bcra,19
2008-05-30,24543.0,series.ar.bcra.peso_deposits_at_bcra,19
2008-06-02,26081.0,series.ar.bcra.peso_deposits_at_bcra,19
2008-06-03,26480.0,series.ar.bcra.peso_deposits_at_bcra,19
2008-06-04,26435.0,series.ar.bcra.peso_deposits_at_bcra,19
2008-06-05,25267.0,series.ar.bcra.peso_deposits_at_bcra,19
2008-06-06,25299.0,series.ar.bcra.peso_deposits_at_bcra,19
2008-06-09,24969.0,series.ar.bcra.peso_deposits_at_bcra,19
2008-06-10,25372.0,series.ar.bcra.peso_deposits_at_bcra,19
2008-06-11,26555.0,series.ar.bcra.peso_deposits_at_bcra,19
2008-06-12,26309.0,series.ar.bcra.peso_deposits_at_bcra,19
2008-06-13,26101.0,series.ar.bcra.peso_deposits_at_bcra,19
2008-06-17,26588.0,series.ar.bcra.peso_deposits_at_bcra,19
2008-06-18,26240.0,series.ar.bcra.peso_deposits_at_bcra,19
2008-06-19,26762.0,series.ar.bcra.peso_deposits_at_bcra,19
2008-06-20,29628.0,series.ar.bcra.peso_deposits_at_bcra,19
2008-06-23,29712.0,series.ar.bcra.peso_deposits_at_bcra,19
2008-06-24,30055.0,series.ar.bcra.peso_deposits_at_bcra,19
2008-06-25,29749.0,series.ar.bcra.peso_deposits_at_bcra,19
2008-06-26,29066.0,series.ar.bcra.peso_deposits_at_bcra,19
2008-06-27,27382.0,series.ar.bcra.peso_deposits_at_bcra,19
2008-06-30,27894.0,series.ar.bcra.peso_deposits_at_bcra,19
2008-07-01,26366.0,series.ar.bcra.peso_deposits_at_bcra,19
2008-07-02,25828.0,series.ar.bcra.peso_deposits_at_bcra,19
2008-07-03,25551.0,series.ar.bcra.peso_deposits_at_bcra,19
2008-07-04,24432.0,series.ar.bcra.peso_deposits_at_bcra,19
2008-07-07,24632.0,series.ar.bcra.peso_deposits_at_bcra,19
2008-07-08,24052.0,series.ar.bcra.peso_deposits_at_bcra,19
2008-07-10,25590.0,series.ar.bcra.peso_deposits_at_bcra,19
2008-07-11,26015.0,series.ar.bcra.peso_deposits_at_bcra,19
2008-07-14,26718.0,series.ar.bcra.peso_deposits_at_bcra,19
2008-07-15,27965.0,series.ar.bcra.peso_deposits_at_bcra,19
2008-07-16,28197.0,series.ar.bcra.peso_deposits_at_bcra,19
2008-07-17,26321.0,series.ar.bcra.peso_deposits_at_bcra,19
2008-07-18,26652.0,series.ar.bcra.peso_deposits_at_bcra,19
2008-07-21,27322.0,series.ar.bcra.peso_deposits_at_bcra,19
2008-07-22,26690.0,series.ar.bcra.peso_deposits_at_bcra,19
2008-07-23,27077.0,series.ar.bcra.peso_deposits_at_bcra,19
2008-07-24,26192.0,series.ar.bcra.peso_deposits_at_bcra,19
2008-07-25,24957.0,series.ar.bcra.peso_deposits_at_bcra,19
2008-07-28,23900.0,series.ar.bcra.peso_deposits_at_bcra,19
2008-07-29,23018.0,series.ar.bcra.peso_deposits_at_bcra,19
2008-07-30,22733.0,series.ar.bcra.peso_deposits_at_bcra,19
2008-07-31,23183.0,series.ar.bcra.peso_deposits_at_bcra,19
2008-08-01,28358.0,series.ar.bcra.peso_deposits_at_bcra,19
2008-08-04,27501.0,series.ar.bcra.peso_deposits_at_bcra,19
2008-08-05,25831.0,series.ar.bcra.peso_deposits_at_bcra,19
2008-08-06,25844.0,series.ar.bcra.peso_deposits_at_bcra,19
2008-08-07,25710.0,series.ar.bcra.peso_deposits_at_bcra,19
2008-08-08,25251.0,series.ar.bcra.peso_deposits_at_bcra,19
2008-08-11,26563.0,series.ar.bcra.peso_deposits_at_bcra,19
2008-08-12,26702.0,series.ar.bcra.peso_deposits_at_bcra,19
2008-08-13,26661.0,series.ar.bcra.peso_deposits_at_bcra,19
2008-08-14,26860.0,series.ar.bcra.peso_deposits_at_bcra,19
2008-08-15,26975.0,series.ar.bcra.peso_deposits_at_bcra,19
2008-08-19,26047.0,series.ar.bcra.peso_deposits_at_bcra,19
2008-08-20,25106.0,series.ar.bcra.peso_deposits_at_bcra,19
2008-08-21,24828.0,series.ar.bcra.peso_deposits_at_bcra,19
2008-08-22,25503.0,series.ar.bcra.peso_deposits_at_bcra,19
2008-08-25,27151.0,series.ar.bcra.peso_deposits_at_bcra,19
2008-08-26,26360.0,series.ar.bcra.peso_deposits_at_bcra,19
2008-08-27,25584.0,series.ar.bcra.peso_deposits_at_bcra,19
2008-08-28,25069.0,series.ar.bcra.peso_deposits_at_bcra,19
2008-08-29,25195.0,series.ar.bcra.peso_deposits_at_bcra,19
2008-09-01,27861.0,series.ar.bcra.peso_deposits_at_bcra,19
2008-09-02,28081.0,series.ar.bcra.peso_deposits_at_bcra,19
2008-09-03,28004.0,series.ar.bcra.peso_deposits_at_bcra,19
2008-09-04,27248.0,series.ar.bcra.peso_deposits_at_bcra,19
2008-09-05,26746.0,series.ar.bcra.peso_deposits_at_bcra,19
2008-09-08,27104.0,series.ar.bcra.peso_deposits_at_bcra,19
2008-09-09,28178.0,series.ar.bcra.peso_deposits_at_bcra,19
2008-09-10,28385.0,series.ar.bcra.peso_deposits_at_bcra,19
2008-09-11,27713.0,series.ar.bcra.peso_deposits_at_bcra,19
2008-09-12,27907.0,series.ar.bcra.peso_deposits_at_bcra,19
2008-09-15,28451.0,series.ar.bcra.peso_deposits_at_bcra,19
2008-09-16,28139.0,series.ar.bcra.peso_deposits_at_bcra,19
2008-09-17,28332.0,series.ar.bcra.peso_deposits_at_bcra,19
2008-09-18,28187.0,series.ar.bcra.peso_deposits_at_bcra,19
2008-09-19,27032.0,series.ar.bcra.peso_deposits_at_bcra,19
2008-09-22,27278.0,series.ar.bcra.peso_deposits_at_bcra,19
2008-09-23,27839.0,series.ar.bcra.peso_deposits_at_bcra,19
2008-09-24,27284.0,series.ar.bcra.peso_deposits_at_bcra,19
2008-09-25,26764.0,series.ar.bcra.peso_deposits_at_bcra,19
2008-09-26,26776.0,series.ar.bcra.peso_deposits_at_bcra,19
2008-09-29,27034.0,series.ar.bcra.peso_deposits_at_bcra,19
2008-09-30,27954.0,series.ar.bcra.peso_deposits_at_bcra,19
2008-10-01,30427.0,series.ar.bcra.peso_deposits_at_bcra,19
2008-10-02,29281.0,series.ar.bcra.peso_deposits_at_bcra,19
2008-10-03,26781.0,series.ar.bcra.peso_deposits_at_bcra,19
2008-10-06,26822.0,series.ar.bcra.peso_deposits_at_bcra,19
2008-10-07,26730.0,series.ar.bcra.peso_deposits_at_bcra,19
2008-10-08,26136.0,series.ar.bcra.peso_deposits_at_bcra,19
2008-10-09,26474.0,series.ar.bcra.peso_deposits_at_bcra,19
2008-10-10,27359.0,series.ar.bcra.peso_deposits_at_bcra,19
2008-10-14,27770.0,series.ar.bcra.peso_deposits_at_bcra,19
2008-10-15,28730.0,series.ar.bcra.peso_deposits_at_bcra,19
2008-10-16,29331.0,series.ar.bcra.peso_deposits_at_bcra,19
2008-10-17,28918.0,series.ar.bcra.peso_deposits_at_bcra,19
2008-10-20,28394.0,series.ar.bcra.peso_deposits_at_bcra,19
2008-10-21,27401.0,series.ar.bcra.peso_deposits_at_bcra,19
2008-10-22,27282.0,series.ar.bcra.peso_deposits_at_bcra,19
2008-10-23,28531.0,series.ar.bcra.peso_deposits_at_bcra,19
2008-10-24,27908.0,series.ar.bcra.peso_deposits_at_bcra,19
2008-10-27,27307.0,series.ar.bcra.peso_deposits_at_bcra,19
2008-10-28,26684.0,series.ar.bcra.peso_deposits_at_bcra,19
2008-10-29,29854.0,series.ar.bcra.peso_deposits_at_bcra,19
2008-10-30,30643.0,series.ar.bcra.peso_deposits_at_bcra,19
2008-10-31,29645.0,series.ar.bcra.peso_deposits_at_bcra,19
2008-11-03,28467.0,series.ar.bcra.peso_deposits_at_bcra,19
2008-11-04,26204.0,series.ar.bcra.peso_deposits_at_bcra,19
2008-11-05,25646.0,series.ar.bcra.peso_deposits_at_bcra,19
2008-11-07,25317.0,series.ar.bcra.peso_deposits_at_bcra,19
2008-11-10,24158.0,series.ar.bcra.peso_deposits_at_bcra,19
2008-11-11,25073.0,series.ar.bcra.peso_deposits_at_bcra,19
2008-11-12,26212.0,series.ar.bcra.peso_deposits_at_bcra,19
2008-11-13,26042.0,series.ar.bcra.peso_deposits_at_bcra,19
2008-11-14,26575.0,series.ar.bcra.peso_deposits_at_bcra,19
2008-11-17,25972.0,series.ar.bcra.peso_deposits_at_bcra,19
2008-11-18,25983.0,series.ar.bcra.peso_deposits_at_bcra,19
2008-11-19,27320.0,series.ar.bcra.peso_deposits_at_bcra,19
2008-11-20,25483.0,series.ar.bcra.peso_deposits_at_bcra,19
2008-11-21,26895.0,series.ar.bcra.peso_deposits_at_bcra,19
2008-11-24,27661.0,series.ar.bcra.peso_deposits_at_bcra,19
2008-11-25,28560.0,series.ar.bcra.peso_deposits_at_bcra,19
2008-11-26,28666.0,series.ar.bcra.peso_deposits_at_bcra,19
2008-11-27,27991.0,series.ar.bcra.peso_deposits_at_bcra,19
2008-11-28,26847.0,series.ar.bcra.peso_deposits_at_bcra,19
2008-12-01,28828.0,series.ar.bcra.peso_deposits_at_bcra,19
2008-12-02,27994.0,series.ar.bcra.peso_deposits_at_bcra,19
2008-12-03,26943.0,series.ar.bcra.peso_deposits_at_bcra,19
2008-12-04,26078.0,series.ar.bcra.peso_deposits_at_bcra,19
2008-12-05,26739.0,series.ar.bcra.peso_deposits_at_bcra,19
2008-12-09,23142.0,series.ar.bcra.peso_deposits_at_bcra,19
2008-12-10,24364.0,series.ar.bcra.peso_deposits_at_bcra,19
2008-12-11,24250.0,series.ar.bcra.peso_deposits_at_bcra,19
2008-12-12,26068.0,series.ar.bcra.peso_deposits_at_bcra,19
2008-12-15,25439.0,series.ar.bcra.peso_deposits_at_bcra,19
2008-12-16,24862.0,series.ar.bcra.peso_deposits_at_bcra,19
2008-12-17,22612.0,series.ar.bcra.peso_deposits_at_bcra,19
2008-12-18,25693.0,series.ar.bcra.peso_deposits_at_bcra,19
2008-12-19,27699.0,series.ar.bcra.peso_deposits_at_bcra,19
2008-12-22,27016.0,series.ar.bcra.peso_deposits_at_bcra,19
2008-12-23,24079.0,series.ar.bcra.peso_deposits_at_bcra,19
2008-12-24,26730.0,series.ar.bcra.peso_deposits_at_bcra,19
2008-12-26,26884.0,series.ar.bcra.peso_deposits_at_bcra,19
2008-12-29,26418.0,series.ar.bcra.peso_deposits_at_bcra,19
2008-12-30,26491.0,series.ar.bcra.peso_deposits_at_bcra,19
2008-12-31,25363.0,series.ar.bcra.peso_deposits_at_bcra,19
2009-01-02,25384.0,series.ar.bcra.peso_deposits_at_bcra,19
2009-01-05,23288.0,series.ar.bcra.peso_deposits_at_bcra,19
2009-01-06,22124.0,series.ar.bcra.peso_deposits_at_bcra,19
2009-01-07,22639.0,series.ar.bcra.peso_deposits_at_bcra,19
2009-01-08,21934.0,series.ar.bcra.peso_deposits_at_bcra,19
2009-01-09,22307.0,series.ar.bcra.peso_deposits_at_bcra,19
2009-01-12,22939.0,series.ar.bcra.peso_deposits_at_bcra,19
2009-01-13,24258.0,series.ar.bcra.peso_deposits_at_bcra,19
2009-01-14,24679.0,series.ar.bcra.peso_deposits_at_bcra,19
2009-01-15,24643.0,series.ar.bcra.peso_deposits_at_bcra,19
2009-01-16,24032.0,series.ar.bcra.peso_deposits_at_bcra,19
2009-01-19,23442.0,series.ar.bcra.peso_deposits_at_bcra,19
2009-01-20,23342.0,series.ar.bcra.peso_deposits_at_bcra,19
2009-01-21,24627.0,series.ar.bcra.peso_deposits_at_bcra,19
2009-01-22,25352.0,series.ar.bcra.peso_deposits_at_bcra,19
2009-01-23,25962.0,series.ar.bcra.peso_deposits_at_bcra,19
2009-01-26,25892.0,series.ar.bcra.peso_deposits_at_bcra,19
2009-01-27,26093.0,series.ar.bcra.peso_deposits_at_bcra,19
2009-01-28,23735.0,series.ar.bcra.peso_deposits_at_bcra,19
2009-01-29,22316.0,series.ar.bcra.peso_deposits_at_bcra,19
2009-01-30,25264.0,series.ar.bcra.peso_deposits_at_bcra,19
2009-02-02,24504.0,series.ar.bcra.peso_deposits_at_bcra,19
2009-02-03,24053.0,series.ar.bcra.peso_deposits_at_bcra,19
2009-02-04,22738.0,series.ar.bcra.peso_deposits_at_bcra,19
2009-02-05,22280.0,series.ar.bcra.peso_deposits_at_bcra,19
2009-02-06,21515.0,series.ar.bcra.peso_deposits_at_bcra,19
2009-02-09,21638.0,series.ar.bcra.peso_deposits_at_bcra,19
2009-02-10,23230.0,series.ar.bcra.peso_deposits_at_bcra,19
2009-02-11,24999.0,series.ar.bcra.peso_deposits_at_bcra,19
2009-02-12,25385.0,series.ar.bcra.peso_deposits_at_bcra,19
2009-02-13,24489.0,series.ar.bcra.peso_deposits_at_bcra,19
2009-02-16,24518.0,series.ar.bcra.peso_deposits_at_bcra,19
2009-02-17,22445.0,series.ar.bcra.peso_deposits_at_bcra,19
2009-02-18,22313.0,series.ar.bcra.peso_deposits_at_bcra,19
2009-02-19,24279.0,series.ar.bcra.peso_deposits_at_bcra,19
2009-02-20,23967.0,series.ar.bcra.peso_deposits_at_bcra,19
2009-02-23,24402.0,series.ar.bcra.peso_deposits_at_bcra,19
2009-02-24,24509.0,series.ar.bcra.peso_deposits_at_bcra,19
2009-02-25,25014.0,series.ar.bcra.peso_deposits_at_bcra,19
2009-02-26,23863.0,series.ar.bcra.peso_deposits_at_bcra,19
2009-02-27,23941.0,series.ar.bcra.peso_deposits_at_bcra,19
2009-03-02,27127.0,series.ar.bcra.peso_deposits_at_bcra,19
2009-03-03,25883.0,series.ar.bcra.peso_deposits_at_bcra,19
2009-03-04,26219.0,series.ar.bcra.peso_deposits_at_bcra,19
2009-03-05,24812.0,series.ar.bcra.peso_deposits_at_bcra,19
2009-03-06,23235.0,series.ar.bcra.peso_deposits_at_bcra,19
2009-03-09,22930.0,series.ar.bcra.peso_deposits_at_bcra,19
2009-03-10,21882.0,series.ar.bcra.peso_deposits_at_bcra,19
2009-03-11,22801.0,series.ar.bcra.peso_deposits_at_bcra,19
2009-03-12,23071.0,series.ar.bcra.peso_deposits_at_bcra,19
2009-03-13,22394.0,series.ar.bcra.peso_deposits_at_bcra,19
2009-03-16,23319.0,series.ar.bcra.peso_deposits_at_bcra,19
2009-03-17,22725.0,series.ar.bcra.peso_deposits_at_bcra,19
2009-03-18,24767.0,series.ar.bcra.peso_deposits_at_bcra,19
2009-03-19,25097.0,series.ar.bcra.peso_deposits_at_bcra,19
2009-03-20,25782.0,series.ar.bcra.peso_deposits_at_bcra,19
2009-03-23,26401.0,series.ar.bcra.peso_deposits_at_bcra,19
2009-03-25,26886.0,series.ar.bcra.peso_deposits_at_bcra,19
2009-03-26,25450.0,series.ar.bcra.peso_deposits_at_bcra,19
2009-03-27,23966.0,series.ar.bcra.peso_deposits_at_bcra,19
2009-03-30,21338.0,series.ar.bcra.peso_deposits_at_bcra,19
2009-03-31,21716.0,series.ar.bcra.peso_deposits_at_bcra,19
2009-04-01,26910.0,series.ar.bcra.peso_deposits_at_bcra,19
2009-04-03,26147.0,series.ar.bcra.peso_deposits_at_bcra,19
2009-04-06,23568.0,series.ar.bcra.peso_deposits_at_bcra,19
2009-04-07,23444.0,series.ar.bcra.peso_deposits_at_bcra,19
2009-04-08,21651.0,series.ar.bcra.peso_deposits_at_bcra,19
2009-04-13,21649.0,series.ar.bcra.peso_deposits_at_bcra,19
2009-04-14,21964.0,series.ar.bcra.peso_deposits_at_bcra,19
2009-04-15,22922.0,series.ar.bcra.peso_deposits_at_bcra,19
2009-04-16,23299.0,series.ar.bcra.peso_deposits_at_bcra,19
2009-04-17,22036.0,series.ar.bcra.peso_deposits_at_bcra,19
2009-04-20,22908.0,series.ar.bcra.peso_deposits_at_bcra,19
2009-04-21,23124.0,series.ar.bcra.peso_deposits_at_bcra,19
2009-04-22,23431.0,series.ar.bcra.peso_deposits_at_bcra,19
2009-04-23,24085.0,series.ar.bcra.peso_deposits_at_bcra,19
2009-04-24,24362.0,series.ar.bcra.peso_deposits_at_bcra,19
2009-04-27,24283.0,series.ar.bcra.peso_deposits_at_bcra,19
2009-04-28,23613.0,series.ar.bcra.peso_deposits_at_bcra,19
2009-04-29,21074.0,series.ar.bcra.peso_deposits_at_bcra,19
2009-04-30,23278.0,series.ar.bcra.peso_deposits_at_bcra,19
2009-05-04,24723.0,series.ar.bcra.peso_deposits_at_bcra,19
2009-05-05,24872.0,series.ar.bcra.peso_deposits_at_bcra,19
2009-05-06,24874.0,series.ar.bcra.peso_deposits_at_bcra,19
2009-05-07,23865.0,series.ar.bcra.peso_deposits_at_bcra,19
2009-05-08,21591.0,series.ar.bcra.peso_deposits_at_bcra,19
2009-05-11,23468.0,series.ar.bcra.peso_deposits_at_bcra,19
2009-05-12,23716.0,series.ar.bcra.peso_deposits_at_bcra,19
2009-05-13,24961.0,series.ar.bcra.peso_deposits_at_bcra,19
2009-05-14,24963.0,series.ar.bcra.peso_deposits_at_bcra,19
2009-05-15,24687.0,series.ar.bcra.peso_deposits_at_bcra,19
2009-05-18,24178.0,series.ar.bcra.peso_deposits_at_bcra,19
2009-05-19,22514.0,series.ar.bcra.peso_deposits_at_bcra,19
2009-05-20,23936.0,series.ar.bcra.peso_deposits_at_bcra,19
2009-05-21,23932.0,series.ar.bcra.peso_deposits_at_bcra,19
2009-05-22,24433.0,series.ar.bcra.peso_deposits_at_bcra,19
2009-05-26,26459.0,series.ar.bcra.peso_deposits_at_bcra,19
2009-05-27,24953.0,series.ar.bcra.peso_deposits_at_bcra,19
2009-05-28,24376.0,series.ar.bcra.peso_deposits_at_bcra,19
2009-05-29,22712.0,series.ar.bcra.peso_deposits_at_bcra,19
2009-06-01,28087.0,series.ar.bcra.peso_deposits_at_bcra,19
2009-06-02,28431.0,series.ar.bcra.peso_deposits_at_bcra,19
2009-06-03,28328.0,series.ar.bcra.peso_deposits_at_bcra,19
2009-06-04,29260.0,series.ar.bcra.peso_deposits_at_bcra,19
2009-06-05,28118.0,series.ar.bcra.peso_deposits_at_bcra,19
2009-06-08,25696.0,series.ar.bcra.peso_deposits_at_bcra,19
2009-06-09,26672.0,series.ar.bcra.peso_deposits_at_bcra,19
2009-06-10,25084.0,series.ar.bcra.peso_deposits_at_bcra,19
2009-06-11,25205.0,series.ar.bcra.peso_deposits_at_bcra,19
2009-06-12,24278.0,series.ar.bcra.peso_deposits_at_bcra,19
2009-06-16,24031.0,series.ar.bcra.peso_deposits_at_bcra,19
2009-06-17,23472.0,series.ar.bcra.peso_deposits_at_bcra,19
2009-06-18,20587.0,series.ar.bcra.peso_deposits_at_bcra,19
2009-06-19,21869.0,series.ar.bcra.peso_deposits_at_bcra,19
2009-06-22,22080.0,series.ar.bcra.peso_deposits_at_bcra,19
2009-06-23,21631.0,series.ar.bcra.peso_deposits_at_bcra,19
2009-06-24,20677.0,series.ar.bcra.peso_deposits_at_bcra,19
2009-06-25,21731.0,series.ar.bcra.peso_deposits_at_bcra,19
2009-06-26,21039.0,series.ar.bcra.peso_deposits_at_bcra,19
2009-06-29,20206.0,series.ar.bcra.peso_deposits_at_bcra,19
2009-06-30,22403.0,series.ar.bcra.peso_deposits_at_bcra,19
2009-07-01,26588.0,series.ar.bcra.peso_deposits_at_bcra,19
2009-07-02,25407.0,series.ar.bcra.peso_deposits_at_bcra,19
2009-07-03,24577.0,series.ar.bcra.peso_deposits_at_bcra,19
2009-07-06,23901.0,series.ar.bcra.peso_deposits_at_bcra,19
2009-07-07,22580.0,series.ar.bcra.peso_deposits_at_bcra,19
2009-07-08,22258.0,series.ar.bcra.peso_deposits_at_bcra,19
2009-07-13,23108.0,series.ar.bcra.peso_deposits_at_bcra,19
2009-07-14,24124.0,series.ar.bcra.peso_deposits_at_bcra,19
2009-07-15,24624.0,series.ar.bcra.peso_deposits_at_bcra,19
2009-07-16,23641.0,series.ar.bcra.peso_deposits_at_bcra,19
2009-07-17,20657.0,series.ar.bcra.peso_deposits_at_bcra,19
2009-07-20,21637.0,series.ar.bcra.peso_deposits_at_bcra,19
2009-07-21,21827.0,series.ar.bcra.peso_deposits_at_bcra,19
2009-07-22,21914.0,series.ar.bcra.peso_deposits_at_bcra,19
2009-07-23,22524.0,series.ar.bcra.peso_deposits_at_bcra,19
2009-07-24,23815.0,series.ar.bcra.peso_deposits_at_bcra,19
2009-07-27,22860.0,series.ar.bcra.peso_deposits_at_bcra,19
2009-07-28,23385.0,series.ar.bcra.peso_deposits_at_bcra,19
2009-07-29,23862.0,series.ar.bcra.peso_deposits_at_bcra,19
2009-07-30,22028.0,series.ar.bcra.peso_deposits_at_bcra,19
2009-07-31,19335.0,series.ar.bcra.peso_deposits_at_bcra,19
2009-08-03,25302.0,series.ar.bcra.peso_deposits_at_bcra,19
2009-08-04,26005.0,series.ar.bcra.peso_deposits_at_bcra,19
2009-08-05,24947.0,series.ar.bcra.peso_deposits_at_bcra,19
2009-08-06,23340.0,series.ar.bcra.peso_deposits_at_bcra,19
2009-08-07,22460.0,series.ar.bcra.peso_deposits_at_bcra,19
2009-08-10,22386.0,series.ar.bcra.peso_deposits_at_bcra,19
2009-08-11,22845.0,series.ar.bcra.peso_deposits_at_bcra,19
2009-08-12,24020.0,series.ar.bcra.peso_deposits_at_bcra,19
2009-08-13,22829.0,series.ar.bcra.peso_deposits_at_bcra,19
2009-08-14,22681.0,series.ar.bcra.peso_deposits_at_bcra,19
2009-08-18,23415.0,series.ar.bcra.peso_deposits_at_bcra,19
2009-08-19,22679.0,series.ar.bcra.peso_deposits_at_bcra,19
2009-08-20,23691.0,series.ar.bcra.peso_deposits_at_bcra,19
2009-08-21,24125.0,series.ar.bcra.peso_deposits_at_bcra,19
2009-08-24,24724.0,series.ar.bcra.peso_deposits_at_bcra,19
2009-08-25,25646.0,series.ar.bcra.peso_deposits_at_bcra,19
2009-08-26,24707.0,series.ar.bcra.peso_deposits_at_bcra,19
2009-08-27,23188.0,series.ar.bcra.peso_deposits_at_bcra,19
2009-08-28,22702.0,series.ar.bcra.peso_deposits_at_bcra,19
2009-08-31,23175.0,series.ar.bcra.peso_deposits_at_bcra,19
2009-09-01,26154.0,series.ar.bcra.peso_deposits_at_bcra,19
2009-09-02,25920.0,series.ar.bcra.peso_deposits_at_bcra,19
2009-09-03,26440.0,series.ar.bcra.peso_deposits_at_bcra,19
2009-09-04,24442.0,series.ar.bcra.peso_deposits_at_bcra,19
2009-09-07,23783.0,series.ar.bcra.peso_deposits_at_bcra,19
2009-09-08,23150.0,series.ar.bcra.peso_deposits_at_bcra,19
2009-09-09,23959.0,series.ar.bcra.peso_deposits_at_bcra,19
2009-09-10,24306.0,series.ar.bcra.peso_deposits_at_bcra,19
2009-09-11,23248.0,series.ar.bcra.peso_deposits_at_bcra,19
2009-09-14,24312.0,series.ar.bcra.peso_deposits_at_bcra,19
2009-09-15,24688.0,series.ar.bcra.peso_deposits_at_bcra,19
2009-09-16,24847.0,series.ar.bcra.peso_deposits_at_bcra,19
2009-09-17,23568.0,series.ar.bcra.peso_deposits_at_bcra,19
2009-09-18,24472.0,series.ar.bcra.peso_deposits_at_bcra,19
2009-09-21,24916.0,series.ar.bcra.peso_deposits_at_bcra,19
2009-09-22,25100.0,series.ar.bcra.peso_deposits_at_bcra,19
2009-09-23,25845.0,series.ar.bcra.peso_deposits_at_bcra,19
2009-09-24,24975.0,series.ar.bcra.peso_deposits_at_bcra,19
2009-09-25,25295.0,series.ar.bcra.peso_deposits_at_bcra,19
2009-09-28,24613.0,series.ar.bcra.peso_deposits_at_bcra,19
2009-09-29,23031.0,series.ar.bcra.peso_deposits_at_bcra,19
2009-09-30,22548.0,series.ar.bcra.peso_deposits_at_bcra,19
2009-10-01,25263.0,series.ar.bcra.peso_deposits_at_bcra,19
2009-10-02,24677.0,series.ar.bcra.peso_deposits_at_bcra,19
2009-10-05,23736.0,series.ar.bcra.peso_deposits_at_bcra,19
2009-10-06,23974.0,series.ar.bcra.peso_deposits_at_bcra,19
2009-10-07,23257.0,series.ar.bcra.peso_deposits_at_bcra,19
2009-10-08,23163.0,series.ar.bcra.peso_deposits_at_bcra,19
2009-10-09,21986.0,series.ar.bcra.peso_deposits_at_bcra,19
2009-10-13,23535.0,series.ar.bcra.peso_deposits_at_bcra,19
2009-10-14,24223.0,series.ar.bcra.peso_deposits_at_bcra,19
2009-10-15,24671.0,series.ar.bcra.peso_deposits_at_bcra,19
2009-10-16,24578.0,series.ar.bcra.peso_deposits_at_bcra,19
2009-10-19,22545.0,series.ar.bcra.peso_deposits_at_bcra,19
2009-10-20,23899.0,series.ar.bcra.peso_deposits_at_bcra,19
2009-10-21,26009.0,series.ar.bcra.peso_deposits_at_bcra,19
2009-10-22,26581.0,series.ar.bcra.peso_deposits_at_bcra,19
2009-10-23,25525.0,series.ar.bcra.peso_deposits_at_bcra,19
2009-10-26,26623.0,series.ar.bcra.peso_deposits_at_bcra,19
2009-10-27,27192.0,series.ar.bcra.peso_deposits_at_bcra,19
2009-10-28,25905.0,series.ar.bcra.peso_deposits_at_bcra,19
2009-10-29,26026.0,series.ar.bcra.peso_deposits_at_bcra,19
2009-10-30,25356.0,series.ar.bcra.peso_deposits_at_bcra,19
2009-11-02,27848.0,series.ar.bcra.peso_deposits_at_bcra,19
2009-11-03,26673.0,series.ar.bcra.peso_deposits_at_bcra,19
2009-11-04,25479.0,series.ar.bcra.peso_deposits_at_bcra,19
2009-11-05,23795.0,series.ar.bcra.peso_deposits_at_bcra,19
2009-11-09,23640.0,series.ar.bcra.peso_deposits_at_bcra,19
2009-11-10,24307.0,series.ar.bcra.peso_deposits_at_bcra,19
2009-11-11,24316.0,series.ar.bcra.peso_deposits_at_bcra,19
2009-11-12,25635.0,series.ar.bcra.peso_deposits_at_bcra,19
2009-11-13,25285.0,series.ar.bcra.peso_deposits_at_bcra,19
2009-11-16,25459.0,series.ar.bcra.peso_deposits_at_bcra,19
2009-11-17,24334.0,series.ar.bcra.peso_deposits_at_bcra,19
2009-11-18,24978.0,series.ar.bcra.peso_deposits_at_bcra,19
2009-11-19,26731.0,series.ar.bcra.peso_deposits_at_bcra,19
2009-11-20,24911.0,series.ar.bcra.peso_deposits_at_bcra,19
2009-11-23,24435.0,series.ar.bcra.peso_deposits_at_bcra,19
2009-11-24,25144.0,series.ar.bcra.peso_deposits_at_bcra,19
2009-11-25,26435.0,series.ar.bcra.peso_deposits_at_bcra,19
2009-11-26,28914.0,series.ar.bcra.peso_deposits_at_bcra,19
2009-11-27,26986.0,series.ar.bcra.peso_deposits_at_bcra,19
2009-11-30,25967.0,series.ar.bcra.peso_deposits_at_bcra,19
2009-12-01,28642.0,series.ar.bcra.peso_deposits_at_bcra,19
2009-12-02,28137.0,series.ar.bcra.peso_deposits_at_bcra,19
2009-12-03,27142.0,series.ar.bcra.peso_deposits_at_bcra,19
2009-12-04,25801.0,series.ar.bcra.peso_deposits_at_bcra,19
2009-12-07,24129.0,series.ar.bcra.peso_deposits_at_bcra,19
2009-12-09,24329.0,series.ar.bcra.peso_deposits_at_bcra,19
2009-12-10,24302.0,series.ar.bcra.peso_deposits_at_bcra,19
2009-12-11,27581.0,series.ar.bcra.peso_deposits_at_bcra,19
2009-12-14,29273.0,series.ar.bcra.peso_deposits_at_bcra,19
2009-12-15,29783.0,series.ar.bcra.peso_deposits_at_bcra,19
2009-12-16,29230.0,series.ar.bcra.peso_deposits_at_bcra,19
2009-12-17,27217.0,series.ar.bcra.peso_deposits_at_bcra,19
2009-12-18,24725.0,series.ar.bcra.peso_deposits_at_bcra,19
2009-12-21,24975.0,series.ar.bcra.peso_deposits_at_bcra,19
2009-12-22,25231.0,series.ar.bcra.peso_deposits_at_bcra,19
2009-12-23,24549.0,series.ar.bcra.peso_deposits_at_bcra,19
2009-12-24,24060.0,series.ar.bcra.peso_deposits_at_bcra,19
2009-12-28,25251.0,series.ar.bcra.peso_deposits_at_bcra,19
2009-12-29,25381.0,series.ar.bcra.peso_deposits_at_bcra,19
2009-12-30,25354.0,series.ar.bcra.peso_deposits_at_bcra,19
2009-12-31,24285.0,series.ar.bcra.peso_deposits_at_bcra,19
2010-01-04,25589.0,series.ar.bcra.peso_deposits_at_bcra,19
2010-01-05,24440.0,series.ar.bcra.peso_deposits_at_bcra,19
2010-01-06,24499.0,series.ar.bcra.peso_deposits_at_bcra,19
2010-01-07,24120.0,series.ar.bcra.peso_deposits_at_bcra,19
2010-01-08,23758.0,series.ar.bcra.peso_deposits_at_bcra,19
2010-01-11,23556.0,series.ar.bcra.peso_deposits_at_bcra,19
2010-01-12,24780.0,series.ar.bcra.peso_deposits_at_bcra,19
2010-01-13,26321.0,series.ar.bcra.peso_deposits_at_bcra,19
2010-01-14,26908.0,series.ar.bcra.peso_deposits_at_bcra,19
2010-01-15,26261.0,series.ar.bcra.peso_deposits_at_bcra,19
2010-01-18,25601.0,series.ar.bcra.peso_deposits_at_bcra,19
2010-01-19,25573.0,series.ar.bcra.peso_deposits_at_bcra,19
2010-01-20,26858.0,series.ar.bcra.peso_deposits_at_bcra,19
2010-01-21,27784.0,series.ar.bcra.peso_deposits_at_bcra,19
2010-01-22,28331.0,series.ar.bcra.peso_deposits_at_bcra,19
2010-01-25,28469.0,series.ar.bcra.peso_deposits_at_bcra,19
2010-01-26,27655.0,series.ar.bcra.peso_deposits_at_bcra,19
2010-01-27,27600.0,series.ar.bcra.peso_deposits_at_bcra,19
2010-01-28,26583.0,series.ar.bcra.peso_deposits_at_bcra,19
2010-01-29,27266.0,series.ar.bcra.peso_deposits_at_bcra,19
2010-02-01,28470.0,series.ar.bcra.peso_deposits_at_bcra,19
2010-02-02,26226.0,series.ar.bcra.peso_deposits_at_bcra,19
2010-02-03,25532.0,series.ar.bcra.peso_deposits_at_bcra,19
2010-02-04,24809.0,series.ar.bcra.peso_deposits_at_bcra,19
2010-02-05,24631.0,series.ar.bcra.peso_deposits_at_bcra,19
2010-02-08,24468.0,series.ar.bcra.peso_deposits_at_bcra,19
2010-02-09,24972.0,series.ar.bcra.peso_deposits_at_bcra,19
2010-02-10,26652.0,series.ar.bcra.peso_deposits_at_bcra,19
2010-02-11,27621.0,series.ar.bcra.peso_deposits_at_bcra,19
2010-02-12,27560.0,series.ar.bcra.peso_deposits_at_bcra,19
2010-02-15,27615.0,series.ar.bcra.peso_deposits_at_bcra,19
2010-02-16,27208.0,series.ar.bcra.peso_deposits_at_bcra,19
2010-02-17,25771.0,series.ar.bcra.peso_deposits_at_bcra,19
2010-02-18,25418.0,series.ar.bcra.peso_deposits_at_bcra,19
2010-02-19,24244.0,series.ar.bcra.peso_deposits_at_bcra,19
2010-02-22,23960.0,series.ar.bcra.peso_deposits_at_bcra,19
2010-02-23,23676.0,series.ar.bcra.peso_deposits_at_bcra,19
2010-02-24,22783.0,series.ar.bcra.peso_deposits_at_bcra,19
2010-02-25,23400.0,series.ar.bcra.peso_deposits_at_bcra,19
2010-02-26,23739.0,series.ar.bcra.peso_deposits_at_bcra,19
2010-03-01,27346.0,series.ar.bcra.peso_deposits_at_bcra,19
2010-03-02,28633.0,series.ar.bcra.peso_deposits_at_bcra,19
2010-03-03,29365.0,series.ar.bcra.peso_deposits_at_bcra,19
2010-03-04,28085.0,series.ar.bcra.peso_deposits_at_bcra,19
2010-03-05,26065.0,series.ar.bcra.peso_deposits_at_bcra,19
2010-03-08,25200.0,series.ar.bcra.peso_deposits_at_bcra,19
2010-03-09,25582.0,series.ar.bcra.peso_deposits_at_bcra,19
2010-03-10,25807.0,series.ar.bcra.peso_deposits_at_bcra,19
2010-03-11,26662.0,series.ar.bcra.peso_deposits_at_bcra,19
2010-03-12,26690.0,series.ar.bcra.peso_deposits_at_bcra,19
2010-03-15,26346.0,series.ar.bcra.peso_deposits_at_bcra,19
2010-03-16,25987.0,series.ar.bcra.peso_deposits_at_bcra,19
2010-03-17,24912.0,series.ar.bcra.peso_deposits_at_bcra,19
2010-03-18,27273.0,series.ar.bcra.peso_deposits_at_bcra,19
2010-03-19,26443.0,series.ar.bcra.peso_deposits_at_bcra,19
2010-03-22,25435.0,series.ar.bcra.peso_deposits_at_bcra,19
2010-03-23,26399.0,series.ar.bcra.peso_deposits_at_bcra,19
2010-03-25,27608.0,series.ar.bcra.peso_deposits_at_bcra,19
2010-03-26,28997.0,series.ar.bcra.peso_deposits_at_bcra,19
2010-03-29,27263.0,series.ar.bcra.peso_deposits_at_bcra,19
2010-03-30,27178.0,series.ar.bcra.peso_deposits_at_bcra,19
2010-03-31,28668.0,series.ar.bcra.peso_deposits_at_bcra,19
2010-04-05,30579.0,series.ar.bcra.peso_deposits_at_bcra,19
2010-04-06,30226.0,series.ar.bcra.peso_deposits_at_bcra,19
2010-04-07,28338.0,series.ar.bcra.peso_deposits_at_bcra,19
2010-04-08,26660.0,series.ar.bcra.peso_deposits_at_bcra,19
2010-04-09,26387.0,series.ar.bcra.peso_deposits_at_bcra,19
2010-04-12,27160.0,series.ar.bcra.peso_deposits_at_bcra,19
2010-04-13,28391.0,series.ar.bcra.peso_deposits_at_bcra,19
2010-04-14,28452.0,series.ar.bcra.peso_deposits_at_bcra,19
2010-04-15,27888.0,series.ar.bcra.peso_deposits_at_bcra,19
2010-04-16,26005.0,series.ar.bcra.peso_deposits_at_bcra,19
2010-04-19,26329.0,series.ar.bcra.peso_deposits_at_bcra,19
2010-04-20,27658.0,series.ar.bcra.peso_deposits_at_bcra,19
2010-04-21,28403.0,series.ar.bcra.peso_deposits_at_bcra,19
2010-04-22,28685.0,series.ar.bcra.peso_deposits_at_bcra,19
2010-04-23,29253.0,series.ar.bcra.peso_deposits_at_bcra,19
2010-04-26,29088.0,series.ar.bcra.peso_deposits_at_bcra,19
2010-04-27,26251.0,series.ar.bcra.peso_deposits_at_bcra,19
2010-04-28,26824.0,series.ar.bcra.peso_deposits_at_bcra,19
2010-04-29,25094.0,series.ar.bcra.peso_deposits_at_bcra,19
2010-04-30,26918.0,series.ar.bcra.peso_deposits_at_bcra,19
2010-05-03,28565.0,series.ar.bcra.peso_deposits_at_bcra,19
2010-05-04,30304.0,series.ar.bcra.peso_deposits_at_bcra,19
2010-05-05,29813.0,series.ar.bcra.peso_deposits_at_bcra,19
2010-05-06,27689.0,series.ar.bcra.peso_deposits_at_bcra,19
2010-05-07,28690.0,series.ar.bcra.peso_deposits_at_bcra,19
2010-05-10,27424.0,series.ar.bcra.peso_deposits_at_bcra,19
2010-05-11,27604.0,series.ar.bcra.peso_deposits_at_bcra,19
2010-05-12,29095.0,series.ar.bcra.peso_deposits_at_bcra,19
2010-05-13,29927.0,series.ar.bcra.peso_deposits_at_bcra,19
2010-05-14,30460.0,series.ar.bcra.peso_deposits_at_bcra,19
2010-05-17,29372.0,series.ar.bcra.peso_deposits_at_bcra,19
2010-05-18,27597.0,series.ar.bcra.peso_deposits_at_bcra,19
2010-05-19,28105.0,series.ar.bcra.peso_deposits_at_bcra,19
2010-05-20,29722.0,series.ar.bcra.peso_deposits_at_bcra,19
2010-05-21,29409.0,series.ar.bcra.peso_deposits_at_bcra,19
2010-05-26,30118.0,series.ar.bcra.peso_deposits_at_bcra,19
2010-05-27,28935.0,series.ar.bcra.peso_deposits_at_bcra,19
2010-05-28,26984.0,series.ar.bcra.peso_deposits_at_bcra,19
2010-05-31,26081.0,series.ar.bcra.peso_deposits_at_bcra,19
2010-06-01,31831.0,series.ar.bcra.peso_deposits_at_bcra,19
2010-06-02,30350.0,series.ar.bcra.peso_deposits_at_bcra,19
2010-06-03,30513.0,series.ar.bcra.peso_deposits_at_bcra,19
2010-06-04,29726.0,series.ar.bcra.peso_deposits_at_bcra,19
2010-06-07,27058.0,series.ar.bcra.peso_deposits_at_bcra,19
2010-06-08,26468.0,series.ar.bcra.peso_deposits_at_bcra,19
2010-06-09,26519.0,series.ar.bcra.peso_deposits_at_bcra,19
2010-06-10,27761.0,series.ar.bcra.peso_deposits_at_bcra,19
2010-06-11,27564.0,series.ar.bcra.peso_deposits_at_bcra,19
2010-06-14,27967.0,series.ar.bcra.peso_deposits_at_bcra,19
2010-06-15,28982.0,series.ar.bcra.peso_deposits_at_bcra,19
2010-06-16,28968.0,series.ar.bcra.peso_deposits_at_bcra,19
2010-06-17,29178.0,series.ar.bcra.peso_deposits_at_bcra,19
2010-06-18,27027.0,series.ar.bcra.peso_deposits_at_bcra,19
2010-06-22,29705.0,series.ar.bcra.peso_deposits_at_bcra,19
2010-06-23,30839.0,series.ar.bcra.peso_deposits_at_bcra,19
2010-06-24,31661.0,series.ar.bcra.peso_deposits_at_bcra,19
2010-06-25,30286.0,series.ar.bcra.peso_deposits_at_bcra,19
2010-06-28,30775.0,series.ar.bcra.peso_deposits_at_bcra,19
2010-06-29,29569.0,series.ar.bcra.peso_deposits_at_bcra,19
2010-06-30,27411.0,series.ar.bcra.peso_deposits_at_bcra,19
2010-07-01,31241.0,series.ar.bcra.peso_deposits_at_bcra,19
2010-07-02,29583.0,series.ar.bcra.peso_deposits_at_bcra,19
2010-07-05,30616.0,series.ar.bcra.peso_deposits_at_bcra,19
2010-07-06,30615.0,series.ar.bcra.peso_deposits_at_bcra,19
2010-07-07,29579.0,series.ar.bcra.peso_deposits_at_bcra,19
2010-07-08,28712.0,series.ar.bcra.peso_deposits_at_bcra,19
2010-07-12,29134.0,series.ar.bcra.peso_deposits_at_bcra,19
2010-07-13,29141.0,series.ar.bcra.peso_deposits_at_bcra,19
2010-07-14,30713.0,series.ar.bcra.peso_deposits_at_bcra,19
2010-07-15,31681.0,series.ar.bcra.peso_deposits_at_bcra,19
2010-07-16,31452.0,series.ar.bcra.peso_deposits_at_bcra,19
2010-07-19,31539.0,series.ar.bcra.peso_deposits_at_bcra,19
2010-07-20,30559.0,series.ar.bcra.peso_deposits_at_bcra,19
2010-07-21,32027.0,series.ar.bcra.peso_deposits_at_bcra,19
2010-07-22,32702.0,series.ar.bcra.peso_deposits_at_bcra,19
2010-07-23,30619.0,series.ar.bcra.peso_deposits_at_bcra,19
2010-07-26,30084.0,series.ar.bcra.peso_deposits_at_bcra,19
2010-07-27,30818.0,series.ar.bcra.peso_deposits_at_bcra,19
2010-07-28,30291.0,series.ar.bcra.peso_deposits_at_bcra,19
2010-07-29,31341.0,series.ar.bcra.peso_deposits_at_bcra,19
2010-07-30,30329.0,series.ar.bcra.peso_deposits_at_bcra,19
2010-08-02,31555.0,series.ar.bcra.peso_deposits_at_bcra,19
2010-08-03,31234.0,series.ar.bcra.peso_deposits_at_bcra,19
2010-08-04,30133.0,series.ar.bcra.peso_deposits_at_bcra,19
2010-08-05,28863.0,series.ar.bcra.peso_deposits_at_bcra,19
2010-08-06,27970.0,series.ar.bcra.peso_deposits_at_bcra,19
2010-08-09,28184.0,series.ar.bcra.peso_deposits_at_bcra,19
2010-08-10,28345.0,series.ar.bcra.peso_deposits_at_bcra,19
2010-08-11,28475.0,series.ar.bcra.peso_deposits_at_bcra,19
2010-08-12,29897.0,series.ar.bcra.peso_deposits_at_bcra,19
2010-08-13,29415.0,series.ar.bcra.peso_deposits_at_bcra,19
2010-08-17,30776.0,series.ar.bcra.peso_deposits_at_bcra,19
2010-08-18,29814.0,series.ar.bcra.peso_deposits_at_bcra,19
2010-08-19,30273.0,series.ar.bcra.peso_deposits_at_bcra,19
2010-08-20,31328.0,series.ar.bcra.peso_deposits_at_bcra,19
2010-08-23,32969.0,series.ar.bcra.peso_deposits_at_bcra,19
2010-08-24,33768.0,series.ar.bcra.peso_deposits_at_bcra,19
2010-08-25,34452.0,series.ar.bcra.peso_deposits_at_bcra,19
2010-08-26,34783.0,series.ar.bcra.peso_deposits_at_bcra,19
2010-08-27,33127.0,series.ar.bcra.peso_deposits_at_bcra,19
2010-08-30,29914.0,series.ar.bcra.peso_deposits_at_bcra,19
2010-08-31,32307.0,series.ar.bcra.peso_deposits_at_bcra,19
2010-09-01,34206.0,series.ar.bcra.peso_deposits_at_bcra,19
2010-09-02,33463.0,series.ar.bcra.peso_deposits_at_bcra,19
2010-09-03,32166.0,series.ar.bcra.peso_deposits_at_bcra,19
2010-09-06,31434.0,series.ar.bcra.peso_deposits_at_bcra,19
2010-09-07,30688.0,series.ar.bcra.peso_deposits_at_bcra,19
2010-09-08,29754.0,series.ar.bcra.peso_deposits_at_bcra,19
2010-09-09,30436.0,series.ar.bcra.peso_deposits_at_bcra,19
2010-09-10,31017.0,series.ar.bcra.peso_deposits_at_bcra,19
2010-09-13,31106.0,series.ar.bcra.peso_deposits_at_bcra,19
2010-09-14,32161.0,series.ar.bcra.peso_deposits_at_bcra,19
2010-09-15,31102.0,series.ar.bcra.peso_deposits_at_bcra,19
2010-09-16,29912.0,series.ar.bcra.peso_deposits_at_bcra,19
2010-09-17,29779.0,series.ar.bcra.peso_deposits_at_bcra,19
2010-09-20,30629.0,series.ar.bcra.peso_deposits_at_bcra,19
2010-09-21,31614.0,series.ar.bcra.peso_deposits_at_bcra,19
2010-09-22,31616.0,series.ar.bcra.peso_deposits_at_bcra,19
2010-09-23,32796.0,series.ar.bcra.peso_deposits_at_bcra,19
2010-09-24,32393.0,series.ar.bcra.peso_deposits_at_bcra,19
2010-09-27,32292.0,series.ar.bcra.peso_deposits_at_bcra,19
2010-09-28,32829.0,series.ar.bcra.peso_deposits_at_bcra,19
2010-09-29,34076.0,series.ar.bcra.peso_deposits_at_bcra,19
2010-09-30,32821.0,series.ar.bcra.peso_deposits_at_bcra,19
2010-10-01,33672.0,series.ar.bcra.peso_deposits_at_bcra,19
2010-10-04,33328.0,series.ar.bcra.peso_deposits_at_bcra,19
2010-10-05,34055.0,series.ar.bcra.peso_deposits_at_bcra,19
2010-10-06,33745.0,series.ar.bcra.peso_deposits_at_bcra,19
2010-10-07,33619.0,series.ar.bcra.peso_deposits_at_bcra,19
2010-10-08,32086.0,series.ar.bcra.peso_deposits_at_bcra,19
2010-10-12,31840.0,series.ar.bcra.peso_deposits_at_bcra,19
2010-10-13,30938.0,series.ar.bcra.peso_deposits_at_bcra,19
2010-10-14,31509.0,series.ar.bcra.peso_deposits_at_bcra,19
2010-10-15,32005.0,series.ar.bcra.peso_deposits_at_bcra,19
2010-10-18,31150.0,series.ar.bcra.peso_deposits_at_bcra,19
2010-10-19,29551.0,series.ar.bcra.peso_deposits_at_bcra,19
2010-10-20,29404.0,series.ar.bcra.peso_deposits_at_bcra,19
2010-10-21,30770.0,series.ar.bcra.peso_deposits_at_bcra,19
2010-10-22,31887.0,series.ar.bcra.peso_deposits_at_bcra,19
2010-10-25,31196.0,series.ar.bcra.peso_deposits_at_bcra,19
2010-10-26,28793.0,series.ar.bcra.peso_deposits_at_bcra,19
2010-10-28,29362.0,series.ar.bcra.peso_deposits_at_bcra,19
2010-10-29,28889.0,series.ar.bcra.peso_deposits_at_bcra,19
2010-11-01,33163.0,series.ar.bcra.peso_deposits_at_bcra,19
2010-11-02,32203.0,series.ar.bcra.peso_deposits_at_bcra,19
2010-11-03,33042.0,series.ar.bcra.peso_deposits_at_bcra,19
2010-11-04,32576.0,series.ar.bcra.peso_deposits_at_bcra,19
2010-11-05,30216.0,series.ar.bcra.peso_deposits_at_bcra,19
2010-11-08,31086.0,series.ar.bcra.peso_deposits_at_bcra,19
2010-11-09,30660.0,series.ar.bcra.peso_deposits_at_bcra,19
2010-11-10,30742.0,series.ar.bcra.peso_deposits_at_bcra,19
2010-11-11,31771.0,series.ar.bcra.peso_deposits_at_bcra,19
2010-11-12,32522.0,series.ar.bcra.peso_deposits_at_bcra,19
2010-11-15,32405.0,series.ar.bcra.peso_deposits_at_bcra,19
2010-11-16,31133.0,series.ar.bcra.peso_deposits_at_bcra,19
2010-11-17,31346.0,series.ar.bcra.peso_deposits_at_bcra,19
2010-11-18,32063.0,series.ar.bcra.peso_deposits_at_bcra,19
2010-11-19,33634.0,series.ar.bcra.peso_deposits_at_bcra,19
2010-11-23,35174.0,series.ar.bcra.peso_deposits_at_bcra,19
2010-11-24,35728.0,series.ar.bcra.peso_deposits_at_bcra,19
2010-11-25,35985.0,series.ar.bcra.peso_deposits_at_bcra,19
2010-11-26,33769.0,series.ar.bcra.peso_deposits_at_bcra,19
2010-11-29,32685.0,series.ar.bcra.peso_deposits_at_bcra,19
2010-11-30,31348.0,series.ar.bcra.peso_deposits_at_bcra,19
2010-12-01,40064.0,series.ar.bcra.peso_deposits_at_bcra,19
2010-12-02,40213.0,series.ar.bcra.peso_deposits_at_bcra,19
2010-12-03,39441.0,series.ar.bcra.peso_deposits_at_bcra,19
2010-12-06,39318.0,series.ar.bcra.peso_deposits_at_bcra,19
2010-12-07,39495.0,series.ar.bcra.peso_deposits_at_bcra,19
2010-12-09,37157.0,series.ar.bcra.peso_deposits_at_bcra,19
2010-12-10,37595.0,series.ar.bcra.peso_deposits_at_bcra,19
2010-12-13,37147.0,series.ar.bcra.peso_deposits_at_bcra,19
2010-12-14,36187.0,series.ar.bcra.peso_deposits_at_bcra,19
2010-12-15,35014.0,series.ar.bcra.peso_deposits_at_bcra,19
2010-12-16,35177.0,series.ar.bcra.peso_deposits_at_bcra,19
2010-12-17,34702.0,series.ar.bcra.peso_deposits_at_bcra,19
2010-12-20,34532.0,series.ar.bcra.peso_deposits_at_bcra,19
2010-12-21,34410.0,series.ar.bcra.peso_deposits_at_bcra,19
2010-12-22,34625.0,series.ar.bcra.peso_deposits_at_bcra,19
2010-12-23,35261.0,series.ar.bcra.peso_deposits_at_bcra,19
2010-12-27,34733.0,series.ar.bcra.peso_deposits_at_bcra,19
2010-12-28,31707.0,series.ar.bcra.peso_deposits_at_bcra,19
2010-12-29,31426.0,series.ar.bcra.peso_deposits_at_bcra,19
2010-12-30,35873.0,series.ar.bcra.peso_deposits_at_bcra,19
2011-01-03,38112.0,series.ar.bcra.peso_deposits_at_bcra,19
2011-01-04,39349.0,series.ar.bcra.peso_deposits_at_bcra,19
2011-01-05,38207.0,series.ar.bcra.peso_deposits_at_bcra,19
2011-01-06,37690.0,series.ar.bcra.peso_deposits_at_bcra,19
2011-01-07,37062.0,series.ar.bcra.peso_deposits_at_bcra,19
2011-01-10,36548.0,series.ar.bcra.peso_deposits_at_bcra,19
2011-01-11,36511.0,series.ar.bcra.peso_deposits_at_bcra,19
2011-01-12,36663.0,series.ar.bcra.peso_deposits_at_bcra,19
2011-01-13,37390.0,series.ar.bcra.peso_deposits_at_bcra,19
2011-01-14,38304.0,series.ar.bcra.peso_deposits_at_bcra,19
2011-01-17,37192.0,series.ar.bcra.peso_deposits_at_bcra,19
2011-01-18,36237.0,series.ar.bcra.peso_deposits_at_bcra,19
2011-01-19,35367.0,series.ar.bcra.peso_deposits_at_bcra,19
2011-01-20,35892.0,series.ar.bcra.peso_deposits_at_bcra,19
2011-01-21,36115.0,series.ar.bcra.peso_deposits_at_bcra,19
2011-01-24,36342.0,series.ar.bcra.peso_deposits_at_bcra,19
2011-01-25,36530.0,series.ar.bcra.peso_deposits_at_bcra,19
2011-01-26,34411.0,series.ar.bcra.peso_deposits_at_bcra,19
2011-01-27,31888.0,series.ar.bcra.peso_deposits_at_bcra,19
2011-01-28,31122.0,series.ar.bcra.peso_deposits_at_bcra,19
2011-01-31,31452.0,series.ar.bcra.peso_deposits_at_bcra,19
2011-02-01,33113.0,series.ar.bcra.peso_deposits_at_bcra,19
2011-02-02,34535.0,series.ar.bcra.peso_deposits_at_bcra,19
2011-02-03,34009.0,series.ar.bcra.peso_deposits_at_bcra,19
2011-02-04,33044.0,series.ar.bcra.peso_deposits_at_bcra,19
2011-02-07,34619.0,series.ar.bcra.peso_deposits_at_bcra,19
2011-02-08,34485.0,series.ar.bcra.peso_deposits_at_bcra,19
2011-02-09,35364.0,series.ar.bcra.peso_deposits_at_bcra,19
2011-02-10,35538.0,series.ar.bcra.peso_deposits_at_bcra,19
2011-02-11,35711.0,series.ar.bcra.peso_deposits_at_bcra,19
2011-02-14,36336.0,series.ar.bcra.peso_deposits_at_bcra,19
2011-02-15,36241.0,series.ar.bcra.peso_deposits_at_bcra,19
2011-02-16,35403.0,series.ar.bcra.peso_deposits_at_bcra,19
2011-02-17,36066.0,series.ar.bcra.peso_deposits_at_bcra,19
2011-02-18,35003.0,series.ar.bcra.peso_deposits_at_bcra,19
2011-02-21,35211.0,series.ar.bcra.peso_deposits_at_bcra,19
2011-02-22,36412.0,series.ar.bcra.peso_deposits_at_bcra,19
2011-02-23,33447.0,series.ar.bcra.peso_deposits_at_bcra,19
2011-02-24,35112.0,series.ar.bcra.peso_deposits_at_bcra,19
2011-02-25,35040.0,series.ar.bcra.peso_deposits_at_bcra,19
2011-02-28,32308.0,series.ar.bcra.peso_deposits_at_bcra,19
2011-03-01,36259.0,series.ar.bcra.peso_deposits_at_bcra,19
2011-03-02,36995.0,series.ar.bcra.peso_deposits_at_bcra,19
2011-03-03,37822.0,series.ar.bcra.peso_deposits_at_bcra,19
2011-03-04,37123.0,series.ar.bcra.peso_deposits_at_bcra,19
2011-03-09,37797.0,series.ar.bcra.peso_deposits_at_bcra,19
2011-03-10,36810.0,series.ar.bcra.peso_deposits_at_bcra,19
2011-03-11,36743.0,series.ar.bcra.peso_deposits_at_bcra,19
2011-03-14,37363.0,series.ar.bcra.peso_deposits_at_bcra,19
2011-03-15,37518.0,series.ar.bcra.peso_deposits_at_bcra,19
2011-03-16,35322.0,series.ar.bcra.peso_deposits_at_bcra,19
2011-03-17,36703.0,series.ar.bcra.peso_deposits_at_bcra,19
2011-03-18,35023.0,series.ar.bcra.peso_deposits_at_bcra,19
2011-03-21,34854.0,series.ar.bcra.peso_deposits_at_bcra,19
2011-03-22,35444.0,series.ar.bcra.peso_deposits_at_bcra,19
2011-03-23,34078.0,series.ar.bcra.peso_deposits_at_bcra,19
2011-03-28,35324.0,series.ar.bcra.peso_deposits_at_bcra,19
2011-03-29,33617.0,series.ar.bcra.peso_deposits_at_bcra,19
2011-03-30,29676.0,series.ar.bcra.peso_deposits_at_bcra,19
2011-03-31,31407.0,series.ar.bcra.peso_deposits_at_bcra,19
2011-04-01,37901.0,series.ar.bcra.peso_deposits_at_bcra,19
2011-04-04,37704.0,series.ar.bcra.peso_deposits_at_bcra,19
2011-04-05,38429.0,series.ar.bcra.peso_deposits_at_bcra,19
2011-04-06,37993.0,series.ar.bcra.peso_deposits_at_bcra,19
2011-04-07,36721.0,series.ar.bcra.peso_deposits_at_bcra,19
2011-04-08,35552.0,series.ar.bcra.peso_deposits_at_bcra,19
2011-04-11,37779.0,series.ar.bcra.peso_deposits_at_bcra,19
2011-04-12,37750.0,series.ar.bcra.peso_deposits_at_bcra,19
2011-04-13,38019.0,series.ar.bcra.peso_deposits_at_bcra,19
2011-04-14,40014.0,series.ar.bcra.peso_deposits_at_bcra,19
2011-04-15,39277.0,series.ar.bcra.peso_deposits_at_bcra,19
2011-04-18,38848.0,series.ar.bcra.peso_deposits_at_bcra,19
2011-04-19,38488.0,series.ar.bcra.peso_deposits_at_bcra,19
2011-04-20,39036.0,series.ar.bcra.peso_deposits_at_bcra,19
2011-04-25,37610.0,series.ar.bcra.peso_deposits_at_bcra,19
2011-04-26,37474.0,series.ar.bcra.peso_deposits_at_bcra,19
2011-04-27,37170.0,series.ar.bcra.peso_deposits_at_bcra,19
2011-04-28,36808.0,series.ar.bcra.peso_deposits_at_bcra,19
2011-04-29,37388.0,series.ar.bcra.peso_deposits_at_bcra,19
2011-05-02,40126.0,series.ar.bcra.peso_deposits_at_bcra,19
2011-05-03,40564.0,series.ar.bcra.peso_deposits_at_bcra,19
2011-05-04,40526.0,series.ar.bcra.peso_deposits_at_bcra,19
2011-05-05,38678.0,series.ar.bcra.peso_deposits_at_bcra,19
2011-05-06,36840.0,series.ar.bcra.peso_deposits_at_bcra,19
2011-05-09,37285.0,series.ar.bcra.peso_deposits_at_bcra,19
2011-05-10,36004.0,series.ar.bcra.peso_deposits_at_bcra,19
2011-05-11,37035.0,series.ar.bcra.peso_deposits_at_bcra,19
2011-05-12,38500.0,series.ar.bcra.peso_deposits_at_bcra,19
2011-05-13,40214.0,series.ar.bcra.peso_deposits_at_bcra,19
2011-05-16,41455.0,series.ar.bcra.peso_deposits_at_bcra,19
2011-05-17,41415.0,series.ar.bcra.peso_deposits_at_bcra,19
2011-05-18,41643.0,series.ar.bcra.peso_deposits_at_bcra,19
2011-05-19,42496.0,series.ar.bcra.peso_deposits_at_bcra,19
2011-05-20,41469.0,series.ar.bcra.peso_deposits_at_bcra,19
2011-05-23,41742.0,series.ar.bcra.peso_deposits_at_bcra,19
2011-05-24,42676.0,series.ar.bcra.peso_deposits_at_bcra,19
2011-05-26,42004.0,series.ar.bcra.peso_deposits_at_bcra,19
2011-05-27,40592.0,series.ar.bcra.peso_deposits_at_bcra,19
2011-05-30,37403.0,series.ar.bcra.peso_deposits_at_bcra,19
2011-05-31,40203.0,series.ar.bcra.peso_deposits_at_bcra,19
2011-06-01,45031.0,series.ar.bcra.peso_deposits_at_bcra,19
2011-06-02,43924.0,series.ar.bcra.peso_deposits_at_bcra,19
2011-06-03,43739.0,series.ar.bcra.peso_deposits_at_bcra,19
2011-06-06,43067.0,series.ar.bcra.peso_deposits_at_bcra,19
2011-06-07,42153.0,series.ar.bcra.peso_deposits_at_bcra,19
2011-06-08,40444.0,series.ar.bcra.peso_deposits_at_bcra,19
2011-06-09,39684.0,series.ar.bcra.peso_deposits_at_bcra,19
2011-06-10,40505.0,series.ar.bcra.peso_deposits_at_bcra,19
2011-06-13,41165.0,series.ar.bcra.peso_deposits_at_bcra,19
2011-06-14,40948.0,series.ar.bcra.peso_deposits_at_bcra,19
2011-06-15,42237.0,series.ar.bcra.peso_deposits_at_bcra,19
2011-06-16,39334.0,series.ar.bcra.peso_deposits_at_bcra,19
2011-06-17,39495.0,series.ar.bcra.peso_deposits_at_bcra,19
2011-06-21,39541.0,series.ar.bcra.peso_deposits_at_bcra,19
2011-06-22,39281.0,series.ar.bcra.peso_deposits_at_bcra,19
2011-06-23,39052.0,series.ar.bcra.peso_deposits_at_bcra,19
2011-06-24,36147.0,series.ar.bcra.peso_deposits_at_bcra,19
2011-06-27,35542.0,series.ar.bcra.peso_deposits_at_bcra,19
2011-06-28,34636.0,series.ar.bcra.peso_deposits_at_bcra,19
2011-06-29,32054.0,series.ar.bcra.peso_deposits_at_bcra,19
2011-06-30,34858.0,series.ar.bcra.peso_deposits_at_bcra,19
2011-07-01,40327.0,series.ar.bcra.peso_deposits_at_bcra,19
2011-07-04,38268.0,series.ar.bcra.peso_deposits_at_bcra,19
2011-07-05,37148.0,series.ar.bcra.peso_deposits_at_bcra,19
2011-07-06,39226.0,series.ar.bcra.peso_deposits_at_bcra,19
2011-07-07,38140.0,series.ar.bcra.peso_deposits_at_bcra,19
2011-07-08,37538.0,series.ar.bcra.peso_deposits_at_bcra,19
2011-07-11,40847.0,series.ar.bcra.peso_deposits_at_bcra,19
2011-07-12,41228.0,series.ar.bcra.peso_deposits_at_bcra,19
2011-07-13,43933.0,series.ar.bcra.peso_deposits_at_bcra,19
2011-07-14,45162.0,series.ar.bcra.peso_deposits_at_bcra,19
2011-07-15,43293.0,series.ar.bcra.peso_deposits_at_bcra,19
2011-07-18,43437.0,series.ar.bcra.peso_deposits_at_bcra,19
2011-07-19,43546.0,series.ar.bcra.peso_deposits_at_bcra,19
2011-07-20,43667.0,series.ar.bcra.peso_deposits_at_bcra,19
2011-07-21,43003.0,series.ar.bcra.peso_deposits_at_bcra,19
2011-07-22,41863.0,series.ar.bcra.peso_deposits_at_bcra,19
2011-07-25,41693.0,series.ar.bcra.peso_deposits_at_bcra,19
2011-07-26,40434.0,series.ar.bcra.peso_deposits_at_bcra,19
2011-07-27,41038.0,series.ar.bcra.peso_deposits_at_bcra,19
2011-07-28,39116.0,series.ar.bcra.peso_deposits_at_bcra,19
2011-07-29,39130.0,series.ar.bcra.peso_deposits_at_bcra,19
2011-08-01,45518.0,series.ar.bcra.peso_deposits_at_bcra,19
2011-08-02,45692.0,series.ar.bcra.peso_deposits_at_bcra,19
2011-08-03,44563.0,series.ar.bcra.peso_deposits_at_bcra,19
2011-08-04,43308.0,series.ar.bcra.peso_deposits_at_bcra,19
2011-08-05,41390.0,series.ar.bcra.peso_deposits_at_bcra,19
2011-08-08,40778.0,series.ar.bcra.peso_deposits_at_bcra,19
2011-08-09,40741.0,series.ar.bcra.peso_deposits_at_bcra,19
2011-08-10,41073.0,series.ar.bcra.peso_deposits_at_bcra,19
2011-08-11,42397.0,series.ar.bcra.peso_deposits_at_bcra,19
2011-08-12,41814.0,series.ar.bcra.peso_deposits_at_bcra,19
2011-08-15,42475.0,series.ar.bcra.peso_deposits_at_bcra,19
2011-08-16,40058.0,series.ar.bcra.peso_deposits_at_bcra,19
2011-08-17,40574.0,series.ar.bcra.peso_deposits_at_bcra,19
2011-08-18,40710.0,series.ar.bcra.peso_deposits_at_bcra,19
2011-08-19,42303.0,series.ar.bcra.peso_deposits_at_bcra,19
2011-08-23,43293.0,series.ar.bcra.peso_deposits_at_bcra,19
2011-08-24,40971.0,series.ar.bcra.peso_deposits_at_bcra,19
2011-08-25,39566.0,series.ar.bcra.peso_deposits_at_bcra,19
2011-08-26,38745.0,series.ar.bcra.peso_deposits_at_bcra,19
2011-08-29,37984.0,series.ar.bcra.peso_deposits_at_bcra,19
2011-08-30,37363.0,series.ar.bcra.peso_deposits_at_bcra,19
2011-08-31,38920.0,series.ar.bcra.peso_deposits_at_bcra,19
2011-09-01,44831.0,series.ar.bcra.peso_deposits_at_bcra,19
2011-09-02,45977.0,series.ar.bcra.peso_deposits_at_bcra,19
2011-09-05,45867.0,series.ar.bcra.peso_deposits_at_bcra,19
2011-09-06,42845.0,series.ar.bcra.peso_deposits_at_bcra,19
2011-09-07,41405.0,series.ar.bcra.peso_deposits_at_bcra,19
2011-09-08,41315.0,series.ar.bcra.peso_deposits_at_bcra,19
2011-09-09,41272.0,series.ar.bcra.peso_deposits_at_bcra,19
2011-09-12,42689.0,series.ar.bcra.peso_deposits_at_bcra,19
2011-09-13,43504.0,series.ar.bcra.peso_deposits_at_bcra,19
2011-09-14,44437.0,series.ar.bcra.peso_deposits_at_bcra,19
2011-09-15,43099.0,series.ar.bcra.peso_deposits_at_bcra,19
2011-09-16,41420.0,series.ar.bcra.peso_deposits_at_bcra,19
2011-09-19,41427.0,series.ar.bcra.peso_deposits_at_bcra,19
2011-09-20,39940.0,series.ar.bcra.peso_deposits_at_bcra,19
2011-09-21,38607.0,series.ar.bcra.peso_deposits_at_bcra,19
2011-09-22,39180.0,series.ar.bcra.peso_deposits_at_bcra,19
2011-09-23,38664.0,series.ar.bcra.peso_deposits_at_bcra,19
2011-09-26,40563.0,series.ar.bcra.peso_deposits_at_bcra,19
2011-09-27,39584.0,series.ar.bcra.peso_deposits_at_bcra,19
2011-09-28,39518.0,series.ar.bcra.peso_deposits_at_bcra,19
2011-09-29,41596.0,series.ar.bcra.peso_deposits_at_bcra,19
2011-09-30,44408.0,series.ar.bcra.peso_deposits_at_bcra,19
2011-10-03,46158.0,series.ar.bcra.peso_deposits_at_bcra,19
2011-10-04,45125.0,series.ar.bcra.peso_deposits_at_bcra,19
2011-10-05,44536.0,series.ar.bcra.peso_deposits_at_bcra,19
2011-10-06,44048.0,series.ar.bcra.peso_deposits_at_bcra,19
2011-10-07,42215.0,series.ar.bcra.peso_deposits_at_bcra,19
2011-10-11,40858.0,series.ar.bcra.peso_deposits_at_bcra,19
2011-10-12,42575.0,series.ar.bcra.peso_deposits_at_bcra,19
2011-10-13,43015.0,series.ar.bcra.peso_deposits_at_bcra,19
2011-10-14,43849.0,series.ar.bcra.peso_deposits_at_bcra,19
2011-10-17,43737.0,series.ar.bcra.peso_deposits_at_bcra,19
2011-10-18,43864.0,series.ar.bcra.peso_deposits_at_bcra,19
2011-10-19,43051.0,series.ar.bcra.peso_deposits_at_bcra,19
2011-10-20,44537.0,series.ar.bcra.peso_deposits_at_bcra,19
2011-10-21,42772.0,series.ar.bcra.peso_deposits_at_bcra,19
2011-10-24,42044.0,series.ar.bcra.peso_deposits_at_bcra,19
2011-10-25,41438.0,series.ar.bcra.peso_deposits_at_bcra,19
2011-10-26,40069.0,series.ar.bcra.peso_deposits_at_bcra,19
2011-10-27,40661.0,series.ar.bcra.peso_deposits_at_bcra,19
2011-10-28,38824.0,series.ar.bcra.peso_deposits_at_bcra,19
2011-10-31,41500.0,series.ar.bcra.peso_deposits_at_bcra,19
2011-11-01,47002.0,series.ar.bcra.peso_deposits_at_bcra,19
2011-11-02,47871.0,series.ar.bcra.peso_deposits_at_bcra,19
2011-11-03,46436.0,series.ar.bcra.peso_deposits_at_bcra,19
2011-11-04,42309.0,series.ar.bcra.peso_deposits_at_bcra,19
2011-11-07,40493.0,series.ar.bcra.peso_deposits_at_bcra,19
2011-11-08,39088.0,series.ar.bcra.peso_deposits_at_bcra,19
2011-11-09,41155.0,series.ar.bcra.peso_deposits_at_bcra,19
2011-11-10,41809.0,series.ar.bcra.peso_deposits_at_bcra,19
2011-11-11,41871.0,series.ar.bcra.peso_deposits_at_bcra,19
2011-11-14,39990.0,series.ar.bcra.peso_deposits_at_bcra,19
2011-11-15,40194.0,series.ar.bcra.peso_deposits_at_bcra,19
2011-11-16,39917.0,series.ar.bcra.peso_deposits_at_bcra,19
2011-11-17,40454.0,series.ar.bcra.peso_deposits_at_bcra,19
2011-11-18,44178.0,series.ar.bcra.peso_deposits_at_bcra,19
2011-11-21,46630.0,series.ar.bcra.peso_deposits_at_bcra,19
2011-11-22,47161.0,series.ar.bcra.peso_deposits_at_bcra,19
2011-11-23,47262.0,series.ar.bcra.peso_deposits_at_bcra,19
2011-11-24,46003.0,series.ar.bcra.peso_deposits_at_bcra,19
2011-11-25,44350.0,series.ar.bcra.peso_deposits_at_bcra,19
2011-11-29,43491.0,series.ar.bcra.peso_deposits_at_bcra,19
2011-11-30,43141.0,series.ar.bcra.peso_deposits_at_bcra,19
2011-12-01,49852.0,series.ar.bcra.peso_deposits_at_bcra,19
2011-12-02,48720.0,series.ar.bcra.peso_deposits_at_bcra,19
2011-12-05,44034.0,series.ar.bcra.peso_deposits_at_bcra,19
2011-12-06,43578.0,series.ar.bcra.peso_deposits_at_bcra,19
2011-12-07,39704.0,series.ar.bcra.peso_deposits_at_bcra,19
2011-12-12,40605.0,series.ar.bcra.peso_deposits_at_bcra,19
2011-12-13,41461.0,series.ar.bcra.peso_deposits_at_bcra,19
2011-12-14,43809.0,series.ar.bcra.peso_deposits_at_bcra,19
2011-12-15,48443.0,series.ar.bcra.peso_deposits_at_bcra,19
2011-12-16,46633.0,series.ar.bcra.peso_deposits_at_bcra,19
2011-12-19,45664.0,series.ar.bcra.peso_deposits_at_bcra,19
2011-12-20,44939.0,series.ar.bcra.peso_deposits_at_bcra,19
2011-12-21,44746.0,series.ar.bcra.peso_deposits_at_bcra,19
2011-12-22,44479.0,series.ar.bcra.peso_deposits_at_bcra,19
2011-12-23,43490.0,series.ar.bcra.peso_deposits_at_bcra,19
2011-12-27,43386.0,series.ar.bcra.peso_deposits_at_bcra,19
2011-12-28,49347.0,series.ar.bcra.peso_deposits_at_bcra,19
2011-12-29,49882.0,series.ar.bcra.peso_deposits_at_bcra,19
2011-12-30,49866.0,series.ar.bcra.peso_deposits_at_bcra,19
2012-01-03,48559.0,series.ar.bcra.peso_deposits_at_bcra,19
2012-01-04,45115.0,series.ar.bcra.peso_deposits_at_bcra,19
2012-01-05,42973.0,series.ar.bcra.peso_deposits_at_bcra,19
2012-01-06,43072.0,series.ar.bcra.peso_deposits_at_bcra,19
2012-01-09,45334.0,series.ar.bcra.peso_deposits_at_bcra,19
2012-01-10,47773.0,series.ar.bcra.peso_deposits_at_bcra,19
2012-01-11,49037.0,series.ar.bcra.peso_deposits_at_bcra,19
2012-01-12,51796.0,series.ar.bcra.peso_deposits_at_bcra,19
2012-01-13,51938.0,series.ar.bcra.peso_deposits_at_bcra,19
2012-01-16,52573.0,series.ar.bcra.peso_deposits_at_bcra,19
2012-01-17,53034.0,series.ar.bcra.peso_deposits_at_bcra,19
2012-01-18,53665.0,series.ar.bcra.peso_deposits_at_bcra,19
2012-01-19,54136.0,series.ar.bcra.peso_deposits_at_bcra,19
2012-01-20,54081.0,series.ar.bcra.peso_deposits_at_bcra,19
2012-01-23,52067.0,series.ar.bcra.peso_deposits_at_bcra,19
2012-01-24,53783.0,series.ar.bcra.peso_deposits_at_bcra,19
2012-01-25,52625.0,series.ar.bcra.peso_deposits_at_bcra,19
2012-01-26,52186.0,series.ar.bcra.peso_deposits_at_bcra,19
2012-01-27,52863.0,series.ar.bcra.peso_deposits_at_bcra,19
2012-01-30,51132.0,series.ar.bcra.peso_deposits_at_bcra,19
2012-01-31,48730.0,series.ar.bcra.peso_deposits_at_bcra,19
2012-02-01,45915.0,series.ar.bcra.peso_deposits_at_bcra,19
2012-02-02,42334.0,series.ar.bcra.peso_deposits_at_bcra,19
2012-02-03,38276.0,series.ar.bcra.peso_deposits_at_bcra,19
2012-02-06,36449.0,series.ar.bcra.peso_deposits_at_bcra,19
2012-02-07,37449.0,series.ar.bcra.peso_deposits_at_bcra,19
2012-02-08,38845.0,series.ar.bcra.peso_deposits_at_bcra,19
2012-02-09,39089.0,series.ar.bcra.peso_deposits_at_bcra,19
2012-02-10,41883.0,series.ar.bcra.peso_deposits_at_bcra,19
2012-02-13,42985.0,series.ar.bcra.peso_deposits_at_bcra,19
2012-02-14,42186.0,series.ar.bcra.peso_deposits_at_bcra,19
2012-02-15,42909.0,series.ar.bcra.peso_deposits_at_bcra,19
2012-02-16,40168.0,series.ar.bcra.peso_deposits_at_bcra,19
2012-02-17,37455.0,series.ar.bcra.peso_deposits_at_bcra,19
2012-02-22,45563.0,series.ar.bcra.peso_deposits_at_bcra,19
2012-02-23,38667.0,series.ar.bcra.peso_deposits_at_bcra,19
2012-02-24,35144.0,series.ar.bcra.peso_deposits_at_bcra,19
2012-02-28,37923.0,series.ar.bcra.peso_deposits_at_bcra,19
2012-02-29,37825.0,series.ar.bcra.peso_deposits_at_bcra,19
2012-03-01,46979.0,series.ar.bcra.peso_deposits_at_bcra,19
2012-03-02,46752.0,series.ar.bcra.peso_deposits_at_bcra,19
2012-03-05,44846.0,series.ar.bcra.peso_deposits_at_bcra,19
2012-03-06,43971.0,series.ar.bcra.peso_deposits_at_bcra,19
2012-03-07,43754.0,series.ar.bcra.peso_deposits_at_bcra,19
2012-03-08,45076.0,series.ar.bcra.peso_deposits_at_bcra,19
2012-03-09,47615.0,series.ar.bcra.peso_deposits_at_bcra,19
2012-03-12,48734.0,series.ar.bcra.peso_deposits_at_bcra,19
2012-03-13,50280.0,series.ar.bcra.peso_deposits_at_bcra,19
2012-03-14,52767.0,series.ar.bcra.peso_deposits_at_bcra,19
2012-03-15,50222.0,series.ar.bcra.peso_deposits_at_bcra,19
2012-03-16,47695.0,series.ar.bcra.peso_deposits_at_bcra,19
2012-03-19,47747.0,series.ar.bcra.peso_deposits_at_bcra,19
2012-03-20,47142.0,series.ar.bcra.peso_deposits_at_bcra,19
2012-03-21,48736.0,series.ar.bcra.peso_deposits_at_bcra,19
2012-03-22,51626.0,series.ar.bcra.peso_deposits_at_bcra,19
2012-03-23,47653.0,series.ar.bcra.peso_deposits_at_bcra,19
2012-03-26,45555.0,series.ar.bcra.peso_deposits_at_bcra,19
2012-03-27,46685.0,series.ar.bcra.peso_deposits_at_bcra,19
2012-03-28,46888.0,series.ar.bcra.peso_deposits_at_bcra,19
2012-03-29,44704.0,series.ar.bcra.peso_deposits_at_bcra,19
2012-03-30,50199.0,series.ar.bcra.peso_deposits_at_bcra,19
2012-04-03,50877.0,series.ar.bcra.peso_deposits_at_bcra,19
2012-04-04,48279.0,series.ar.bcra.peso_deposits_at_bcra,19
2012-04-09,45569.0,series.ar.bcra.peso_deposits_at_bcra,19
2012-04-10,47152.0,series.ar.bcra.peso_deposits_at_bcra,19
2012-04-11,50061.0,series.ar.bcra.peso_deposits_at_bcra,19
2012-04-12,52616.0,series.ar.bcra.peso_deposits_at_bcra,19
2012-04-13,51395.0,series.ar.bcra.peso_deposits_at_bcra,19
2012-04-16,52830.0,series.ar.bcra.peso_deposits_at_bcra,19
2012-04-17,51202.0,series.ar.bcra.peso_deposits_at_bcra,19
2012-04-18,51948.0,series.ar.bcra.peso_deposits_at_bcra,19
2012-04-19,51585.0,series.ar.bcra.peso_deposits_at_bcra,19
2012-04-20,46668.0,series.ar.bcra.peso_deposits_at_bcra,19
2012-04-23,46402.0,series.ar.bcra.peso_deposits_at_bcra,19
2012-04-24,45161.0,series.ar.bcra.peso_deposits_at_bcra,19
2012-04-25,53963.0,series.ar.bcra.peso_deposits_at_bcra,19
2012-04-26,53057.0,series.ar.bcra.peso_deposits_at_bcra,19
2012-04-27,51947.0,series.ar.bcra.peso_deposits_at_bcra,19
2012-05-02,57629.0,series.ar.bcra.peso_deposits_at_bcra,19
2012-05-03,50092.0,series.ar.bcra.peso_deposits_at_bcra,19
2012-05-04,49030.0,series.ar.bcra.peso_deposits_at_bcra,19
2012-05-07,47422.0,series.ar.bcra.peso_deposits_at_bcra,19
2012-05-08,46846.0,series.ar.bcra.peso_deposits_at_bcra,19
2012-05-09,47627.0,series.ar.bcra.peso_deposits_at_bcra,19
2012-05-10,49845.0,series.ar.bcra.peso_deposits_at_bcra,19
2012-05-11,49842.0,series.ar.bcra.peso_deposits_at_bcra,19
2012-05-14,49680.0,series.ar.bcra.peso_deposits_at_bcra,19
2012-05-15,49896.0,series.ar.bcra.peso_deposits_at_bcra,19
2012-05-16,50570.0,series.ar.bcra.peso_deposits_at_bcra,19
2012-05-17,54816.0,series.ar.bcra.peso_deposits_at_bcra,19
2012-05-18,57313.0,series.ar.bcra.peso_deposits_at_bcra,19
2012-05-21,52476.0,series.ar.bcra.peso_deposits_at_bcra,19
2012-05-22,52758.0,series.ar.bcra.peso_deposits_at_bcra,19
2012-05-23,52569.0,series.ar.bcra.peso_deposits_at_bcra,19
2012-05-24,51273.0,series.ar.bcra.peso_deposits_at_bcra,19
2012-05-28,52131.0,series.ar.bcra.peso_deposits_at_bcra,19
2012-05-29,49217.0,series.ar.bcra.peso_deposits_at_bcra,19
2012-05-30,53200.0,series.ar.bcra.peso_deposits_at_bcra,19
2012-05-31,50364.0,series.ar.bcra.peso_deposits_at_bcra,19
2012-06-01,56681.0,series.ar.bcra.peso_deposits_at_bcra,19
2012-06-04,54377.0,series.ar.bcra.peso_deposits_at_bcra,19
2012-06-05,54322.0,series.ar.bcra.peso_deposits_at_bcra,19
2012-06-06,53607.0,series.ar.bcra.peso_deposits_at_bcra,19
2012-06-07,53374.0,series.ar.bcra.peso_deposits_at_bcra,19
2012-06-08,53163.0,series.ar.bcra.peso_deposits_at_bcra,19
2012-06-11,52941.0,series.ar.bcra.peso_deposits_at_bcra,19
2012-06-12,52825.0,series.ar.bcra.peso_deposits_at_bcra,19
2012-06-13,54688.0,series.ar.bcra.peso_deposits_at_bcra,19
2012-06-14,55922.0,series.ar.bcra.peso_deposits_at_bcra,19
2012-06-15,54517.0,series.ar.bcra.peso_deposits_at_bcra,19
2012-06-18,53544.0,series.ar.bcra.peso_deposits_at_bcra,19
2012-06-19,52366.0,series.ar.bcra.peso_deposits_at_bcra,19
2012-06-21,52073.0,series.ar.bcra.peso_deposits_at_bcra,19
2012-06-22,55156.0,series.ar.bcra.peso_deposits_at_bcra,19
2012-06-25,54798.0,series.ar.bcra.peso_deposits_at_bcra,19
2012-06-26,52639.0,series.ar.bcra.peso_deposits_at_bcra,19
2012-06-27,51929.0,series.ar.bcra.peso_deposits_at_bcra,19
2012-06-28,51050.0,series.ar.bcra.peso_deposits_at_bcra,19
2012-06-29,55791.0,series.ar.bcra.peso_deposits_at_bcra,19
2012-07-02,60192.0,series.ar.bcra.peso_deposits_at_bcra,19
2012-07-03,56361.0,series.ar.bcra.peso_deposits_at_bcra,19
2012-07-04,54125.0,series.ar.bcra.peso_deposits_at_bcra,19
2012-07-05,58126.0,series.ar.bcra.peso_deposits_at_bcra,19
2012-07-06,55218.0,series.ar.bcra.peso_deposits_at_bcra,19
2012-07-10,55603.0,series.ar.bcra.peso_deposits_at_bcra,19
2012-07-11,53276.0,series.ar.bcra.peso_deposits_at_bcra,19
2012-07-12,55269.0,series.ar.bcra.peso_deposits_at_bcra,19
2012-07-13,58032.0,series.ar.bcra.peso_deposits_at_bcra,19
2012-07-16,59482.0,series.ar.bcra.peso_deposits_at_bcra,19
2012-07-17,60559.0,series.ar.bcra.peso_deposits_at_bcra,19
2012-07-18,62360.0,series.ar.bcra.peso_deposits_at_bcra,19
2012-07-19,61996.0,series.ar.bcra.peso_deposits_at_bcra,19
2012-07-20,60039.0,series.ar.bcra.peso_deposits_at_bcra,19
2012-07-23,57975.0,series.ar.bcra.peso_deposits_at_bcra,19
2012-07-24,56814.0,series.ar.bcra.peso_deposits_at_bcra,19
2012-07-25,56933.0,series.ar.bcra.peso_deposits_at_bcra,19
2012-07-26,58722.0,series.ar.bcra.peso_deposits_at_bcra,19
2012-07-27,57333.0,series.ar.bcra.peso_deposits_at_bcra,19
2012-07-30,54425.0,series.ar.bcra.peso_deposits_at_bcra,19
2012-07-31,50055.0,series.ar.bcra.peso_deposits_at_bcra,19
2012-08-01,56420.0,series.ar.bcra.peso_deposits_at_bcra,19
2012-08-02,57970.0,series.ar.bcra.peso_deposits_at_bcra,19
2012-08-03,58068.0,series.ar.bcra.peso_deposits_at_bcra,19
2012-08-06,58046.0,series.ar.bcra.peso_deposits_at_bcra,19
2012-08-07,56355.0,series.ar.bcra.peso_deposits_at_bcra,19
2012-08-08,54804.0,series.ar.bcra.peso_deposits_at_bcra,19
2012-08-09,55918.0,series.ar.bcra.peso_deposits_at_bcra,19
2012-08-10,55189.0,series.ar.bcra.peso_deposits_at_bcra,19
2012-08-13,57118.0,series.ar.bcra.peso_deposits_at_bcra,19
2012-08-14,58464.0,series.ar.bcra.peso_deposits_at_bcra,19
2012-08-15,60762.0,series.ar.bcra.peso_deposits_at_bcra,19
2012-08-16,60142.0,series.ar.bcra.peso_deposits_at_bcra,19
2012-08-17,56166.0,series.ar.bcra.peso_deposits_at_bcra,19
2012-08-21,58806.0,series.ar.bcra.peso_deposits_at_bcra,19
2012-08-22,62262.0,series.ar.bcra.peso_deposits_at_bcra,19
2012-08-23,63931.0,series.ar.bcra.peso_deposits_at_bcra,19
2012-08-24,64870.0,series.ar.bcra.peso_deposits_at_bcra,19
2012-08-27,63381.0,series.ar.bcra.peso_deposits_at_bcra,19
2012-08-28,64575.0,series.ar.bcra.peso_deposits_at_bcra,19
2012-08-29,61244.0,series.ar.bcra.peso_deposits_at_bcra,19
2012-08-30,62736.0,series.ar.bcra.peso_deposits_at_bcra,19
2012-08-31,62005.0,series.ar.bcra.peso_deposits_at_bcra,19
2012-09-03,63324.0,series.ar.bcra.peso_deposits_at_bcra,19
2012-09-04,62202.0,series.ar.bcra.peso_deposits_at_bcra,19
2012-09-05,61435.0,series.ar.bcra.peso_deposits_at_bcra,19
2012-09-06,60583.0,series.ar.bcra.peso_deposits_at_bcra,19
2012-09-07,57853.0,series.ar.bcra.peso_deposits_at_bcra,19
2012-09-10,57467.0,series.ar.bcra.peso_deposits_at_bcra,19
2012-09-11,58050.0,series.ar.bcra.peso_deposits_at_bcra,19
2012-09-12,60103.0,series.ar.bcra.peso_deposits_at_bcra,19
2012-09-13,61162.0,series.ar.bcra.peso_deposits_at_bcra,19
2012-09-14,61628.0,series.ar.bcra.peso_deposits_at_bcra,19
2012-09-17,61188.0,series.ar.bcra.peso_deposits_at_bcra,19
2012-09-18,61212.0,series.ar.bcra.peso_deposits_at_bcra,19
2012-09-19,61671.0,series.ar.bcra.peso_deposits_at_bcra,19
2012-09-20,61668.0,series.ar.bcra.peso_deposits_at_bcra,19
2012-09-21,57990.0,series.ar.bcra.peso_deposits_at_bcra,19
2012-09-25,59394.0,series.ar.bcra.peso_deposits_at_bcra,19
2012-09-26,58987.0,series.ar.bcra.peso_deposits_at_bcra,19
2012-09-27,64149.0,series.ar.bcra.peso_deposits_at_bcra,19
2012-09-28,63982.0,series.ar.bcra.peso_deposits_at_bcra,19
2012-10-01,67500.0,series.ar.bcra.peso_deposits_at_bcra,19
2012-10-02,66043.0,series.ar.bcra.peso_deposits_at_bcra,19
2012-10-03,65241.0,series.ar.bcra.peso_deposits_at_bcra,19
2012-10-04,62857.0,series.ar.bcra.peso_deposits_at_bcra,19
2012-10-05,61031.0,series.ar.bcra.peso_deposits_at_bcra,19
2012-10-09,57822.0,series.ar.bcra.peso_deposits_at_bcra,19
2012-10-10,56205.0,series.ar.bcra.peso_deposits_at_bcra,19
2012-10-11,56890.0,series.ar.bcra.peso_deposits_at_bcra,19
2012-10-12,57809.0,series.ar.bcra.peso_deposits_at_bcra,19
2012-10-15,60063.0,series.ar.bcra.peso_deposits_at_bcra,19
2012-10-16,60654.0,series.ar.bcra.peso_deposits_at_bcra,19
2012-10-17,62909.0,series.ar.bcra.peso_deposits_at_bcra,19
2012-10-18,63515.0,series.ar.bcra.peso_deposits_at_bcra,19
2012-10-19,63877.0,series.ar.bcra.peso_deposits_at_bcra,19
2012-10-22,60100.0,series.ar.bcra.peso_deposits_at_bcra,19
2012-10-23,58177.0,series.ar.bcra.peso_deposits_at_bcra,19
2012-10-24,61059.0,series.ar.bcra.peso_deposits_at_bcra,19
2012-10-25,63803.0,series.ar.bcra.peso_deposits_at_bcra,19
2012-10-26,61598.0,series.ar.bcra.peso_deposits_at_bcra,19
2012-10-29,62502.0,series.ar.bcra.peso_deposits_at_bcra,19
2012-10-30,60386.0,series.ar.bcra.peso_deposits_at_bcra,19
2012-10-31,61852.0,series.ar.bcra.peso_deposits_at_bcra,19
2012-11-01,70041.0,series.ar.bcra.peso_deposits_at_bcra,19
2012-11-02,67222.0,series.ar.bcra.peso_deposits_at_bcra,19
2012-11-05,65640.0,series.ar.bcra.peso_deposits_at_bcra,19
2012-11-07,64047.0,series.ar.bcra.peso_deposits_at_bcra,19
2012-11-08,62509.0,series.ar.bcra.peso_deposits_at_bcra,19
2012-11-09,63600.0,series.ar.bcra.peso_deposits_at_bcra,19
2012-11-12,60769.0,series.ar.bcra.peso_deposits_at_bcra,19
2012-11-13,60506.0,series.ar.bcra.peso_deposits_at_bcra,19
2012-11-14,63414.0,series.ar.bcra.peso_deposits_at_bcra,19
2012-11-15,66686.0,series.ar.bcra.peso_deposits_at_bcra,19
2012-11-16,65093.0,series.ar.bcra.peso_deposits_at_bcra,19
2012-11-19,65088.0,series.ar.bcra.peso_deposits_at_bcra,19
2012-11-20,62237.0,series.ar.bcra.peso_deposits_at_bcra,19
2012-11-21,65801.0,series.ar.bcra.peso_deposits_at_bcra,19
2012-11-22,69050.0,series.ar.bcra.peso_deposits_at_bcra,19
2012-11-23,64784.0,series.ar.bcra.peso_deposits_at_bcra,19
2012-11-27,63376.0,series.ar.bcra.peso_deposits_at_bcra,19
2012-11-28,60866.0,series.ar.bcra.peso_deposits_at_bcra,19
2012-11-29,59424.0,series.ar.bcra.peso_deposits_at_bcra,19
2012-11-30,59933.0,series.ar.bcra.peso_deposits_at_bcra,19
2012-12-03,78108.0,series.ar.bcra.peso_deposits_at_bcra,19
2012-12-04,76946.0,series.ar.bcra.peso_deposits_at_bcra,19
2012-12-05,76290.0,series.ar.bcra.peso_deposits_at_bcra,19
2012-12-06,73535.0,series.ar.bcra.peso_deposits_at_bcra,19
2012-12-07,73403.0,series.ar.bcra.peso_deposits_at_bcra,19
2012-12-10,69359.0,series.ar.bcra.peso_deposits_at_bcra,19
2012-12-11,62461.0,series.ar.bcra.peso_deposits_at_bcra,19
2012-12-12,63839.0,series.ar.bcra.peso_deposits_at_bcra,19
2012-12-13,71142.0,series.ar.bcra.peso_deposits_at_bcra,19
2012-12-14,70527.0,series.ar.bcra.peso_deposits_at_bcra,19
2012-12-17,64678.0,series.ar.bcra.peso_deposits_at_bcra,19
2012-12-18,62951.0,series.ar.bcra.peso_deposits_at_bcra,19
2012-12-19,73628.0,series.ar.bcra.peso_deposits_at_bcra,19
2012-12-20,61197.0,series.ar.bcra.peso_deposits_at_bcra,19
2012-12-21,59795.0,series.ar.bcra.peso_deposits_at_bcra,19
2012-12-26,66406.0,series.ar.bcra.peso_deposits_at_bcra,19
2012-12-27,68835.0,series.ar.bcra.peso_deposits_at_bcra,19
2012-12-28,71792.0,series.ar.bcra.peso_deposits_at_bcra,19
2012-12-31,70342.0,series.ar.bcra.peso_deposits_at_bcra,19
2013-01-02,68177.0,series.ar.bcra.peso_deposits_at_bcra,19
2013-01-03,68327.0,series.ar.bcra.peso_deposits_at_bcra,19
2013-01-04,65761.0,series.ar.bcra.peso_deposits_at_bcra,19
2013-01-07,64598.0,series.ar.bcra.peso_deposits_at_bcra,19
2013-01-08,65240.0,series.ar.bcra.peso_deposits_at_bcra,19
2013-01-09,63367.0,series.ar.bcra.peso_deposits_at_bcra,19
2013-01-10,65386.0,series.ar.bcra.peso_deposits_at_bcra,19
2013-01-11,67667.0,series.ar.bcra.peso_deposits_at_bcra,19
2013-01-14,67196.0,series.ar.bcra.peso_deposits_at_bcra,19
2013-01-15,69932.0,series.ar.bcra.peso_deposits_at_bcra,19
2013-01-16,68990.0,series.ar.bcra.peso_deposits_at_bcra,19
2013-01-17,69304.0,series.ar.bcra.peso_deposits_at_bcra,19
2013-01-18,69142.0,series.ar.bcra.peso_deposits_at_bcra,19
2013-01-21,70885.0,series.ar.bcra.peso_deposits_at_bcra,19
2013-01-22,72191.0,series.ar.bcra.peso_deposits_at_bcra,19
2013-01-23,68012.0,series.ar.bcra.peso_deposits_at_bcra,19
2013-01-24,68173.0,series.ar.bcra.peso_deposits_at_bcra,19
2013-01-25,67314.0,series.ar.bcra.peso_deposits_at_bcra,19
2013-01-28,64916.0,series.ar.bcra.peso_deposits_at_bcra,19
2013-01-29,64227.0,series.ar.bcra.peso_deposits_at_bcra,19
2013-01-30,60782.0,series.ar.bcra.peso_deposits_at_bcra,19
2013-02-01,61437.0,series.ar.bcra.peso_deposits_at_bcra,19
2013-02-04,59395.0,series.ar.bcra.peso_deposits_at_bcra,19
2013-02-05,58151.0,series.ar.bcra.peso_deposits_at_bcra,19
2013-02-06,57625.0,series.ar.bcra.peso_deposits_at_bcra,19
2013-02-07,56212.0,series.ar.bcra.peso_deposits_at_bcra,19
2013-02-08,57242.0,series.ar.bcra.peso_deposits_at_bcra,19
2013-02-13,62394.0,series.ar.bcra.peso_deposits_at_bcra,19
2013-02-14,65229.0,series.ar.bcra.peso_deposits_at_bcra,19
2013-02-15,69553.0,series.ar.bcra.peso_deposits_at_bcra,19
2013-02-18,66277.0,series.ar.bcra.peso_deposits_at_bcra,19
2013-02-19,64639.0,series.ar.bcra.peso_deposits_at_bcra,19
2013-02-21,66157.0,series.ar.bcra.peso_deposits_at_bcra,19
2013-02-22,66273.0,series.ar.bcra.peso_deposits_at_bcra,19
2013-02-25,66068.0,series.ar.bcra.peso_deposits_at_bcra,19
2013-02-26,66405.0,series.ar.bcra.peso_deposits_at_bcra,19
2013-02-27,65338.0,series.ar.bcra.peso_deposits_at_bcra,19
2013-02-28,66092.0,series.ar.bcra.peso_deposits_at_bcra,19
2013-03-01,74035.0,series.ar.bcra.peso_deposits_at_bcra,19
2013-03-04,73103.0,series.ar.bcra.peso_deposits_at_bcra,19
2013-03-05,72209.0,series.ar.bcra.peso_deposits_at_bcra,19
2013-03-06,69636.0,series.ar.bcra.peso_deposits_at_bcra,19
2013-03-07,68401.0,series.ar.bcra.peso_deposits_at_bcra,19
2013-03-08,67795.0,series.ar.bcra.peso_deposits_at_bcra,19
2013-03-11,67227.0,series.ar.bcra.peso_deposits_at_bcra,19
2013-03-12,67745.0,series.ar.bcra.peso_deposits_at_bcra,19
2013-03-13,67419.0,series.ar.bcra.peso_deposits_at_bcra,19
2013-03-14,68786.0,series.ar.bcra.peso_deposits_at_bcra,19
2013-03-15,67218.0,series.ar.bcra.peso_deposits_at_bcra,19
2013-03-18,66148.0,series.ar.bcra.peso_deposits_at_bcra,19
2013-03-19,67083.0,series.ar.bcra.peso_deposits_at_bcra,19
2013-03-20,67842.0,series.ar.bcra.peso_deposits_at_bcra,19
2013-03-21,67102.0,series.ar.bcra.peso_deposits_at_bcra,19
2013-03-22,66658.0,series.ar.bcra.peso_deposits_at_bcra,19
2013-03-25,60693.0,series.ar.bcra.peso_deposits_at_bcra,19
2013-03-26,60087.0,series.ar.bcra.peso_deposits_at_bcra,19
2013-03-27,69202.0,series.ar.bcra.peso_deposits_at_bcra,19
2013-04-03,73009.0,series.ar.bcra.peso_deposits_at_bcra,19
2013-04-04,72546.0,series.ar.bcra.peso_deposits_at_bcra,19
2013-04-05,71410.0,series.ar.bcra.peso_deposits_at_bcra,19
2013-04-08,71145.0,series.ar.bcra.peso_deposits_at_bcra,19
2013-04-09,71962.0,series.ar.bcra.peso_deposits_at_bcra,19
2013-04-10,72258.0,series.ar.bcra.peso_deposits_at_bcra,19
2013-04-11,72399.0,series.ar.bcra.peso_deposits_at_bcra,19
2013-04-12,75128.0,series.ar.bcra.peso_deposits_at_bcra,19
2013-04-15,74382.0,series.ar.bcra.peso_deposits_at_bcra,19
2013-04-16,75018.0,series.ar.bcra.peso_deposits_at_bcra,19
2013-04-17,73148.0,series.ar.bcra.peso_deposits_at_bcra,19
2013-04-18,74755.0,series.ar.bcra.peso_deposits_at_bcra,19
2013-04-19,70702.0,series.ar.bcra.peso_deposits_at_bcra,19
2013-04-22,68367.0,series.ar.bcra.peso_deposits_at_bcra,19
2013-04-23,67387.0,series.ar.bcra.peso_deposits_at_bcra,19
2013-04-24,64594.0,series.ar.bcra.peso_deposits_at_bcra,19
2013-04-25,65905.0,series.ar.bcra.peso_deposits_at_bcra,19
2013-04-26,62552.0,series.ar.bcra.peso_deposits_at_bcra,19
2013-04-29,53404.0,series.ar.bcra.peso_deposits_at_bcra,19
2013-04-30,60028.0,series.ar.bcra.peso_deposits_at_bcra,19
2013-05-02,66858.0,series.ar.bcra.peso_deposits_at_bcra,19
2013-05-03,66891.0,series.ar.bcra.peso_deposits_at_bcra,19
2013-05-06,65966.0,series.ar.bcra.peso_deposits_at_bcra,19
2013-05-07,64991.0,series.ar.bcra.peso_deposits_at_bcra,19
2013-05-08,68544.0,series.ar.bcra.peso_deposits_at_bcra,19
2013-05-09,67885.0,series.ar.bcra.peso_deposits_at_bcra,19
2013-05-10,65512.0,series.ar.bcra.peso_deposits_at_bcra,19
2013-05-13,67800.0,series.ar.bcra.peso_deposits_at_bcra,19
2013-05-14,69887.0,series.ar.bcra.peso_deposits_at_bcra,19
2013-05-15,72040.0,series.ar.bcra.peso_deposits_at_bcra,19
2013-05-16,73618.0,series.ar.bcra.peso_deposits_at_bcra,19
2013-05-17,74145.0,series.ar.bcra.peso_deposits_at_bcra,19
2013-05-20,74011.0,series.ar.bcra.peso_deposits_at_bcra,19
2013-05-21,75506.0,series.ar.bcra.peso_deposits_at_bcra,19
2013-05-22,77706.0,series.ar.bcra.peso_deposits_at_bcra,19
2013-05-23,78796.0,series.ar.bcra.peso_deposits_at_bcra,19
2013-05-24,76621.0,series.ar.bcra.peso_deposits_at_bcra,19
2013-05-27,74584.0,series.ar.bcra.peso_deposits_at_bcra,19
2013-05-28,73791.0,series.ar.bcra.peso_deposits_at_bcra,19
2013-05-29,70462.0,series.ar.bcra.peso_deposits_at_bcra,19
2013-05-30,72908.0,series.ar.bcra.peso_deposits_at_bcra,19
2013-05-31,74104.0,series.ar.bcra.peso_deposits_at_bcra,19
2013-06-03,77457.0,series.ar.bcra.peso_deposits_at_bcra,19
2013-06-04,75686.0,series.ar.bcra.peso_deposits_at_bcra,19
2013-06-05,75112.0,series.ar.bcra.peso_deposits_at_bcra,19
2013-06-06,76994.0,series.ar.bcra.peso_deposits_at_bcra,19
2013-06-07,76183.0,series.ar.bcra.peso_deposits_at_bcra,19
2013-06-10,74774.0,series.ar.bcra.peso_deposits_at_bcra,19
2013-06-11,74180.0,series.ar.bcra.peso_deposits_at_bcra,19
2013-06-12,76540.0,series.ar.bcra.peso_deposits_at_bcra,19
2013-06-13,77405.0,series.ar.bcra.peso_deposits_at_bcra,19
2013-06-14,75248.0,series.ar.bcra.peso_deposits_at_bcra,19
2013-06-17,72445.0,series.ar.bcra.peso_deposits_at_bcra,19
2013-06-18,71675.0,series.ar.bcra.peso_deposits_at_bcra,19
2013-06-19,71859.0,series.ar.bcra.peso_deposits_at_bcra,19
2013-06-24,69838.0,series.ar.bcra.peso_deposits_at_bcra,19
2013-06-25,70929.0,series.ar.bcra.peso_deposits_at_bcra,19
2013-06-26,68318.0,series.ar.bcra.peso_deposits_at_bcra,19
2013-06-27,67335.0,series.ar.bcra.peso_deposits_at_bcra,19
2013-06-28,64925.0,series.ar.bcra.peso_deposits_at_bcra,19
2013-07-01,70407.0,series.ar.bcra.peso_deposits_at_bcra,19
2013-07-02,75291.0,series.ar.bcra.peso_deposits_at_bcra,19
2013-07-03,76101.0,series.ar.bcra.peso_deposits_at_bcra,19
2013-07-04,74085.0,series.ar.bcra.peso_deposits_at_bcra,19
2013-07-05,72770.0,series.ar.bcra.peso_deposits_at_bcra,19
2013-07-08,71502.0,series.ar.bcra.peso_deposits_at_bcra,19
2013-07-10,72836.0,series.ar.bcra.peso_deposits_at_bcra,19
2013-07-11,72326.0,series.ar.bcra.peso_deposits_at_bcra,19
2013-07-12,74297.0,series.ar.bcra.peso_deposits_at_bcra,19
2013-07-15,75700.0,series.ar.bcra.peso_deposits_at_bcra,19
2013-07-16,73804.0,series.ar.bcra.peso_deposits_at_bcra,19
2013-07-17,76417.0,series.ar.bcra.peso_deposits_at_bcra,19
2013-07-18,75917.0,series.ar.bcra.peso_deposits_at_bcra,19
2013-07-19,73263.0,series.ar.bcra.peso_deposits_at_bcra,19
2013-07-22,73401.0,series.ar.bcra.peso_deposits_at_bcra,19
2013-07-23,69413.0,series.ar.bcra.peso_deposits_at_bcra,19
2013-07-24,72189.0,series.ar.bcra.peso_deposits_at_bcra,19
2013-07-25,78482.0,series.ar.bcra.peso_deposits_at_bcra,19
2013-07-26,78460.0,series.ar.bcra.peso_deposits_at_bcra,19
2013-07-29,73415.0,series.ar.bcra.peso_deposits_at_bcra,19
2013-07-30,69670.0,series.ar.bcra.peso_deposits_at_bcra,19
2013-07-31,68053.0,series.ar.bcra.peso_deposits_at_bcra,19
2013-08-01,78084.0,series.ar.bcra.peso_deposits_at_bcra,19
2013-08-02,76543.0,series.ar.bcra.peso_deposits_at_bcra,19
2013-08-05,74355.0,series.ar.bcra.peso_deposits_at_bcra,19
2013-08-06,74687.0,series.ar.bcra.peso_deposits_at_bcra,19
2013-08-07,74232.0,series.ar.bcra.peso_deposits_at_bcra,19
2013-08-08,74631.0,series.ar.bcra.peso_deposits_at_bcra,19
2013-08-09,72612.0,series.ar.bcra.peso_deposits_at_bcra,19
2013-08-12,72731.0,series.ar.bcra.peso_deposits_at_bcra,19
2013-08-13,74643.0,series.ar.bcra.peso_deposits_at_bcra,19
2013-08-14,70708.0,series.ar.bcra.peso_deposits_at_bcra,19
2013-08-15,72391.0,series.ar.bcra.peso_deposits_at_bcra,19
2013-08-16,69808.0,series.ar.bcra.peso_deposits_at_bcra,19
2013-08-20,76546.0,series.ar.bcra.peso_deposits_at_bcra,19
2013-08-21,78640.0,series.ar.bcra.peso_deposits_at_bcra,19
2013-08-22,77232.0,series.ar.bcra.peso_deposits_at_bcra,19
2013-08-23,73863.0,series.ar.bcra.peso_deposits_at_bcra,19
2013-08-26,75688.0,series.ar.bcra.peso_deposits_at_bcra,19
2013-08-27,75286.0,series.ar.bcra.peso_deposits_at_bcra,19
2013-08-28,72199.0,series.ar.bcra.peso_deposits_at_bcra,19
2013-08-29,73171.0,series.ar.bcra.peso_deposits_at_bcra,19
2013-08-30,69433.0,series.ar.bcra.peso_deposits_at_bcra,19
2013-09-02,76691.0,series.ar.bcra.peso_deposits_at_bcra,19
2013-09-03,77023.0,series.ar.bcra.peso_deposits_at_bcra,19
2013-09-04,76237.0,series.ar.bcra.peso_deposits_at_bcra,19
2013-09-05,77717.0,series.ar.bcra.peso_deposits_at_bcra,19
2013-09-06,76360.0,series.ar.bcra.peso_deposits_at_bcra,19
2013-09-09,74481.0,series.ar.bcra.peso_deposits_at_bcra,19
2013-09-10,78266.0,series.ar.bcra.peso_deposits_at_bcra,19
2013-09-11,76948.0,series.ar.bcra.peso_deposits_at_bcra,19
2013-09-12,77082.0,series.ar.bcra.peso_deposits_at_bcra,19
2013-09-13,77203.0,series.ar.bcra.peso_deposits_at_bcra,19
2013-09-16,76847.0,series.ar.bcra.peso_deposits_at_bcra,19
2013-09-17,78571.0,series.ar.bcra.peso_deposits_at_bcra,19
2013-09-18,78327.0,series.ar.bcra.peso_deposits_at_bcra,19
2013-09-19,77896.0,series.ar.bcra.peso_deposits_at_bcra,19
2013-09-20,73978.0,series.ar.bcra.peso_deposits_at_bcra,19
2013-09-23,70568.0,series.ar.bcra.peso_deposits_at_bcra,19
2013-09-24,70472.0,series.ar.bcra.peso_deposits_at_bcra,19
2013-09-25,71660.0,series.ar.bcra.peso_deposits_at_bcra,19
2013-09-26,72396.0,series.ar.bcra.peso_deposits_at_bcra,19
2013-09-27,76012.0,series.ar.bcra.peso_deposits_at_bcra,19
2013-09-30,72005.0,series.ar.bcra.peso_deposits_at_bcra,19
2013-10-01,81647.0,series.ar.bcra.peso_deposits_at_bcra,19
2013-10-02,81287.0,series.ar.bcra.peso_deposits_at_bcra,19
2013-10-03,80157.0,series.ar.bcra.peso_deposits_at_bcra,19
2013-10-04,80499.0,series.ar.bcra.peso_deposits_at_bcra,19
2013-10-07,79723.0,series.ar.bcra.peso_deposits_at_bcra,19
2013-10-08,79609.0,series.ar.bcra.peso_deposits_at_bcra,19
2013-10-09,77761.0,series.ar.bcra.peso_deposits_at_bcra,19
2013-10-10,78798.0,series.ar.bcra.peso_deposits_at_bcra,19
2013-10-11,76049.0,series.ar.bcra.peso_deposits_at_bcra,19
2013-10-15,76007.0,series.ar.bcra.peso_deposits_at_bcra,19
2013-10-16,76235.0,series.ar.bcra.peso_deposits_at_bcra,19
2013-10-17,77544.0,series.ar.bcra.peso_deposits_at_bcra,19
2013-10-18,78033.0,series.ar.bcra.peso_deposits_at_bcra,19
2013-10-21,75356.0,series.ar.bcra.peso_deposits_at_bcra,19
2013-10-22,76875.0,series.ar.bcra.peso_deposits_at_bcra,19
2013-10-23,78643.0,series.ar.bcra.peso_deposits_at_bcra,19
2013-10-24,82631.0,series.ar.bcra.peso_deposits_at_bcra,19
2013-10-25,75337.0,series.ar.bcra.peso_deposits_at_bcra,19
2013-10-28,69828.0,series.ar.bcra.peso_deposits_at_bcra,19
2013-10-29,64489.0,series.ar.bcra.peso_deposits_at_bcra,19
2013-10-30,68650.0,series.ar.bcra.peso_deposits_at_bcra,19
2013-10-31,69843.0,series.ar.bcra.peso_deposits_at_bcra,19
2013-11-01,83603.0,series.ar.bcra.peso_deposits_at_bcra,19
2013-11-04,79680.0,series.ar.bcra.peso_deposits_at_bcra,19
2013-11-05,80118.0,series.ar.bcra.peso_deposits_at_bcra,19
2013-11-07,79683.0,series.ar.bcra.peso_deposits_at_bcra,19
2013-11-08,77370.0,series.ar.bcra.peso_deposits_at_bcra,19
2013-11-11,76256.0,series.ar.bcra.peso_deposits_at_bcra,19
2013-11-12,75324.0,series.ar.bcra.peso_deposits_at_bcra,19
2013-11-13,76545.0,series.ar.bcra.peso_deposits_at_bcra,19
2013-11-14,79533.0,series.ar.bcra.peso_deposits_at_bcra,19
2013-11-15,78253.0,series.ar.bcra.peso_deposits_at_bcra,19
2013-11-18,78200.0,series.ar.bcra.peso_deposits_at_bcra,19
2013-11-19,76362.0,series.ar.bcra.peso_deposits_at_bcra,19
2013-11-20,76406.0,series.ar.bcra.peso_deposits_at_bcra,19
2013-11-21,78609.0,series.ar.bcra.peso_deposits_at_bcra,19
2013-11-22,76781.0,series.ar.bcra.peso_deposits_at_bcra,19
2013-11-26,74688.0,series.ar.bcra.peso_deposits_at_bcra,19
2013-11-27,74399.0,series.ar.bcra.peso_deposits_at_bcra,19
2013-11-28,75267.0,series.ar.bcra.peso_deposits_at_bcra,19
2013-11-29,76868.0,series.ar.bcra.peso_deposits_at_bcra,19
2013-12-02,90069.0,series.ar.bcra.peso_deposits_at_bcra,19
2013-12-03,88391.0,series.ar.bcra.peso_deposits_at_bcra,19
2013-12-04,88798.0,series.ar.bcra.peso_deposits_at_bcra,19
2013-12-05,96356.0,series.ar.bcra.peso_deposits_at_bcra,19
2013-12-06,83993.0,series.ar.bcra.peso_deposits_at_bcra,19
2013-12-09,82397.0,series.ar.bcra.peso_deposits_at_bcra,19
2013-12-10,81268.0,series.ar.bcra.peso_deposits_at_bcra,19
2013-12-11,82535.0,series.ar.bcra.peso_deposits_at_bcra,19
2013-12-12,97125.0,series.ar.bcra.peso_deposits_at_bcra,19
2013-12-13,82166.0,series.ar.bcra.peso_deposits_at_bcra,19
2013-12-16,80405.0,series.ar.bcra.peso_deposits_at_bcra,19
2013-12-17,79383.0,series.ar.bcra.peso_deposits_at_bcra,19
2013-12-18,79628.0,series.ar.bcra.peso_deposits_at_bcra,19
2013-12-19,93921.0,series.ar.bcra.peso_deposits_at_bcra,19
2013-12-20,81911.0,series.ar.bcra.peso_deposits_at_bcra,19
2013-12-23,78693.0,series.ar.bcra.peso_deposits_at_bcra,19
2013-12-26,90110.0,series.ar.bcra.peso_deposits_at_bcra,19
2013-12-27,85166.0,series.ar.bcra.peso_deposits_at_bcra,19
2013-12-30,87988.0,series.ar.bcra.peso_deposits_at_bcra,19
2014-01-02,88562.0,series.ar.bcra.peso_deposits_at_bcra,19
2014-01-03,87573.0,series.ar.bcra.peso_deposits_at_bcra,19
2014-01-06,86998.0,series.ar.bcra.peso_deposits_at_bcra,19
2014-01-07,86545.0,series.ar.bcra.peso_deposits_at_bcra,19
2014-01-08,85081.0,series.ar.bcra.peso_deposits_at_bcra,19
2014-01-09,87846.0,series.ar.bcra.peso_deposits_at_bcra,19
2014-01-10,89568.0,series.ar.bcra.peso_deposits_at_bcra,19
2014-01-13,90268.0,series.ar.bcra.peso_deposits_at_bcra,19
2014-01-14,92257.0,series.ar.bcra.peso_deposits_at_bcra,19
2014-01-15,90395.0,series.ar.bcra.peso_deposits_at_bcra,19
2014-01-16,87678.0,series.ar.bcra.peso_deposits_at_bcra,19
2014-01-17,87935.0,series.ar.bcra.peso_deposits_at_bcra,19
2014-01-20,87632.0,series.ar.bcra.peso_deposits_at_bcra,19
2014-01-21,88102.0,series.ar.bcra.peso_deposits_at_bcra,19
2014-01-22,85508.0,series.ar.bcra.peso_deposits_at_bcra,19
2014-01-23,86702.0,series.ar.bcra.peso_deposits_at_bcra,19
2014-01-24,83235.0,series.ar.bcra.peso_deposits_at_bcra,19
2014-01-27,80633.0,series.ar.bcra.peso_deposits_at_bcra,19
2014-01-28,84620.0,series.ar.bcra.peso_deposits_at_bcra,19
2014-01-29,89980.0,series.ar.bcra.peso_deposits_at_bcra,19
2014-01-30,90995.0,series.ar.bcra.peso_deposits_at_bcra,19
2014-01-31,89652.0,series.ar.bcra.peso_deposits_at_bcra,19
2014-02-03,85320.0,series.ar.bcra.peso_deposits_at_bcra,19
2014-02-04,82282.0,series.ar.bcra.peso_deposits_at_bcra,19
2014-02-05,72885.0,series.ar.bcra.peso_deposits_at_bcra,19
2014-02-06,73788.0,series.ar.bcra.peso_deposits_at_bcra,19
2014-02-07,71490.0,series.ar.bcra.peso_deposits_at_bcra,19
2014-02-10,68788.0,series.ar.bcra.peso_deposits_at_bcra,19
2014-02-11,69555.0,series.ar.bcra.peso_deposits_at_bcra,19
2014-02-12,76157.0,series.ar.bcra.peso_deposits_at_bcra,19
2014-02-13,78323.0,series.ar.bcra.peso_deposits_at_bcra,19
2014-02-14,78943.0,series.ar.bcra.peso_deposits_at_bcra,19
2014-02-17,74164.0,series.ar.bcra.peso_deposits_at_bcra,19
2014-02-18,75216.0,series.ar.bcra.peso_deposits_at_bcra,19
2014-02-19,73408.0,series.ar.bcra.peso_deposits_at_bcra,19
2014-02-20,76993.0,series.ar.bcra.peso_deposits_at_bcra,19
2014-02-21,71137.0,series.ar.bcra.peso_deposits_at_bcra,19
2014-02-24,72774.0,series.ar.bcra.peso_deposits_at_bcra,19
2014-02-25,63335.0,series.ar.bcra.peso_deposits_at_bcra,19
2014-02-26,72461.0,series.ar.bcra.peso_deposits_at_bcra,19
2014-02-27,63849.0,series.ar.bcra.peso_deposits_at_bcra,19
2014-02-28,74645.0,series.ar.bcra.peso_deposits_at_bcra,19
2014-03-05,78082.0,series.ar.bcra.peso_deposits_at_bcra,19
2014-03-06,79071.0,series.ar.bcra.peso_deposits_at_bcra,19
2014-03-07,80636.0,series.ar.bcra.peso_deposits_at_bcra,19
2014-03-10,81536.0,series.ar.bcra.peso_deposits_at_bcra,19
2014-03-11,81500.0,series.ar.bcra.peso_deposits_at_bcra,19
2014-03-12,81978.0,series.ar.bcra.peso_deposits_at_bcra,19
2014-03-13,84624.0,series.ar.bcra.peso_deposits_at_bcra,19
2014-03-14,87163.0,series.ar.bcra.peso_deposits_at_bcra,19
2014-03-17,85091.0,series.ar.bcra.peso_deposits_at_bcra,19
2014-03-18,85611.0,series.ar.bcra.peso_deposits_at_bcra,19
2014-03-19,86907.0,series.ar.bcra.peso_deposits_at_bcra,19
2014-03-20,86787.0,series.ar.bcra.peso_deposits_at_bcra,19
2014-03-21,86716.0,series.ar.bcra.peso_deposits_at_bcra,19
2014-03-25,81738.0,series.ar.bcra.peso_deposits_at_bcra,19
2014-03-26,81468.0,series.ar.bcra.peso_deposits_at_bcra,19
2014-03-27,79978.0,series.ar.bcra.peso_deposits_at_bcra,19
2014-03-28,84022.0,series.ar.bcra.peso_deposits_at_bcra,19
2014-03-31,82834.0,series.ar.bcra.peso_deposits_at_bcra,19
2014-04-01,96438.0,series.ar.bcra.peso_deposits_at_bcra,19
2014-04-03,90594.0,series.ar.bcra.peso_deposits_at_bcra,19
2014-04-04,89312.0,series.ar.bcra.peso_deposits_at_bcra,19
2014-04-07,89819.0,series.ar.bcra.peso_deposits_at_bcra,19
2014-04-08,92560.0,series.ar.bcra.peso_deposits_at_bcra,19
2014-04-09,87778.0,series.ar.bcra.peso_deposits_at_bcra,19
2014-04-10,88578.0,series.ar.bcra.peso_deposits_at_bcra,19
2014-04-11,88695.0,series.ar.bcra.peso_deposits_at_bcra,19
2014-04-14,88417.0,series.ar.bcra.peso_deposits_at_bcra,19
2014-04-15,92888.0,series.ar.bcra.peso_deposits_at_bcra,19
2014-04-16,88005.0,series.ar.bcra.peso_deposits_at_bcra,19
2014-04-21,82778.0,series.ar.bcra.peso_deposits_at_bcra,19
2014-04-22,83201.0,series.ar.bcra.peso_deposits_at_bcra,19
2014-04-23,77303.0,series.ar.bcra.peso_deposits_at_bcra,19
2014-04-24,80284.0,series.ar.bcra.peso_deposits_at_bcra,19
2014-04-25,70616.0,series.ar.bcra.peso_deposits_at_bcra,19
2014-04-28,64327.0,series.ar.bcra.peso_deposits_at_bcra,19
2014-04-29,64037.0,series.ar.bcra.peso_deposits_at_bcra,19
2014-04-30,84381.0,series.ar.bcra.peso_deposits_at_bcra,19
2014-05-05,90704.0,series.ar.bcra.peso_deposits_at_bcra,19
2014-05-06,91056.0,series.ar.bcra.peso_deposits_at_bcra,19
2014-05-07,91089.0,series.ar.bcra.peso_deposits_at_bcra,19
2014-05-08,92379.0,series.ar.bcra.peso_deposits_at_bcra,19
2014-05-09,91196.0,series.ar.bcra.peso_deposits_at_bcra,19
2014-05-12,90083.0,series.ar.bcra.peso_deposits_at_bcra,19
2014-05-13,92508.0,series.ar.bcra.peso_deposits_at_bcra,19
2014-05-14,88672.0,series.ar.bcra.peso_deposits_at_bcra,19
2014-05-15,87725.0,series.ar.bcra.peso_deposits_at_bcra,19
2014-05-16,86518.0,series.ar.bcra.peso_deposits_at_bcra,19
2014-05-19,85294.0,series.ar.bcra.peso_deposits_at_bcra,19
2014-05-20,85116.0,series.ar.bcra.peso_deposits_at_bcra,19
2014-05-21,90131.0,series.ar.bcra.peso_deposits_at_bcra,19
2014-05-22,92393.0,series.ar.bcra.peso_deposits_at_bcra,19
2014-05-23,81745.0,series.ar.bcra.peso_deposits_at_bcra,19
2014-05-26,74838.0,series.ar.bcra.peso_deposits_at_bcra,19
2014-05-27,82626.0,series.ar.bcra.peso_deposits_at_bcra,19
2014-05-28,81795.0,series.ar.bcra.peso_deposits_at_bcra,19
2014-05-29,77832.0,series.ar.bcra.peso_deposits_at_bcra,19
2014-05-30,82209.0,series.ar.bcra.peso_deposits_at_bcra,19
2014-06-02,96738.0,series.ar.bcra.peso_deposits_at_bcra,19
2014-06-03,96319.0,series.ar.bcra.peso_deposits_at_bcra,19
2014-06-04,98504.0,series.ar.bcra.peso_deposits_at_bcra,19
2014-06-05,95489.0,series.ar.bcra.peso_deposits_at_bcra,19
2014-06-06,87789.0,series.ar.bcra.peso_deposits_at_bcra,19
2014-06-09,92361.0,series.ar.bcra.peso_deposits_at_bcra,19
2014-06-10,93387.0,series.ar.bcra.peso_deposits_at_bcra,19
2014-06-11,94665.0,series.ar.bcra.peso_deposits_at_bcra,19
2014-06-12,99103.0,series.ar.bcra.peso_deposits_at_bcra,19
2014-06-13,87961.0,series.ar.bcra.peso_deposits_at_bcra,19
2014-06-16,82076.0,series.ar.bcra.peso_deposits_at_bcra,19
2014-06-17,82786.0,series.ar.bcra.peso_deposits_at_bcra,19
2014-06-18,84940.0,series.ar.bcra.peso_deposits_at_bcra,19
2014-06-19,84340.0,series.ar.bcra.peso_deposits_at_bcra,19
2014-06-23,84838.0,series.ar.bcra.peso_deposits_at_bcra,19
2014-06-24,81711.0,series.ar.bcra.peso_deposits_at_bcra,19
2014-06-25,82966.0,series.ar.bcra.peso_deposits_at_bcra,19
2014-06-26,89489.0,series.ar.bcra.peso_deposits_at_bcra,19
2014-06-27,86511.0,series.ar.bcra.peso_deposits_at_bcra,19
2014-06-30,84417.0,series.ar.bcra.peso_deposits_at_bcra,19
2014-07-01,94603.0,series.ar.bcra.peso_deposits_at_bcra,19
2014-07-02,95453.0,series.ar.bcra.peso_deposits_at_bcra,19
2014-07-03,100413.0,series.ar.bcra.peso_deposits_at_bcra,19
2014-07-04,96845.0,series.ar.bcra.peso_deposits_at_bcra,19
2014-07-07,95505.0,series.ar.bcra.peso_deposits_at_bcra,19
2014-07-08,96320.0,series.ar.bcra.peso_deposits_at_bcra,19
2014-07-10,91221.0,series.ar.bcra.peso_deposits_at_bcra,19
2014-07-11,89824.0,series.ar.bcra.peso_deposits_at_bcra,19
2014-07-14,92516.0,series.ar.bcra.peso_deposits_at_bcra,19
2014-07-15,94116.0,series.ar.bcra.peso_deposits_at_bcra,19
2014-07-16,93026.0,series.ar.bcra.peso_deposits_at_bcra,19
2014-07-17,86441.0,series.ar.bcra.peso_deposits_at_bcra,19
2014-07-18,87012.0,series.ar.bcra.peso_deposits_at_bcra,19
2014-07-21,87513.0,series.ar.bcra.peso_deposits_at_bcra,19
2014-07-22,85175.0,series.ar.bcra.peso_deposits_at_bcra,19
2014-07-23,88868.0,series.ar.bcra.peso_deposits_at_bcra,19
2014-07-24,84796.0,series.ar.bcra.peso_deposits_at_bcra,19
2014-07-25,80786.0,series.ar.bcra.peso_deposits_at_bcra,19
2014-07-28,76971.0,series.ar.bcra.peso_deposits_at_bcra,19
2014-07-29,77557.0,series.ar.bcra.peso_deposits_at_bcra,19
2014-07-30,76600.0,series.ar.bcra.peso_deposits_at_bcra,19
2014-07-31,76295.0,series.ar.bcra.peso_deposits_at_bcra,19
2014-08-01,92195.0,series.ar.bcra.peso_deposits_at_bcra,19
2014-08-04,89187.0,series.ar.bcra.peso_deposits_at_bcra,19
2014-08-05,87351.0,series.ar.bcra.peso_deposits_at_bcra,19
2014-08-06,83297.0,series.ar.bcra.peso_deposits_at_bcra,19
2014-08-07,83770.0,series.ar.bcra.peso_deposits_at_bcra,19
2014-08-08,84539.0,series.ar.bcra.peso_deposits_at_bcra,19
2014-08-11,82531.0,series.ar.bcra.peso_deposits_at_bcra,19
2014-08-12,88384.0,series.ar.bcra.peso_deposits_at_bcra,19
2014-08-13,90971.0,series.ar.bcra.peso_deposits_at_bcra,19
2014-08-14,90677.0,series.ar.bcra.peso_deposits_at_bcra,19
2014-08-15,90566.0,series.ar.bcra.peso_deposits_at_bcra,19
2014-08-19,94472.0,series.ar.bcra.peso_deposits_at_bcra,19
2014-08-20,91538.0,series.ar.bcra.peso_deposits_at_bcra,19
2014-08-21,99537.0,series.ar.bcra.peso_deposits_at_bcra,19
2014-08-22,100634.0,series.ar.bcra.peso_deposits_at_bcra,19
2014-08-25,96839.0,series.ar.bcra.peso_deposits_at_bcra,19
2014-08-26,95934.0,series.ar.bcra.peso_deposits_at_bcra,19
2014-08-27,89638.0,series.ar.bcra.peso_deposits_at_bcra,19
2014-08-28,87141.0,series.ar.bcra.peso_deposits_at_bcra,19
2014-08-29,89246.0,series.ar.bcra.peso_deposits_at_bcra,19
2014-09-01,104368.0,series.ar.bcra.peso_deposits_at_bcra,19
2014-09-02,104107.0,series.ar.bcra.peso_deposits_at_bcra,19
2014-09-03,101495.0,series.ar.bcra.peso_deposits_at_bcra,19
2014-09-04,101901.0,series.ar.bcra.peso_deposits_at_bcra,19
2014-09-05,99580.0,series.ar.bcra.peso_deposits_at_bcra,19
2014-09-08,97703.0,series.ar.bcra.peso_deposits_at_bcra,19
2014-09-09,92566.0,series.ar.bcra.peso_deposits_at_bcra,19
2014-09-10,89437.0,series.ar.bcra.peso_deposits_at_bcra,19
2014-09-11,96542.0,series.ar.bcra.peso_deposits_at_bcra,19
2014-09-12,97596.0,series.ar.bcra.peso_deposits_at_bcra,19
2014-09-15,97095.0,series.ar.bcra.peso_deposits_at_bcra,19
2014-09-16,96974.0,series.ar.bcra.peso_deposits_at_bcra,19
2014-09-17,89233.0,series.ar.bcra.peso_deposits_at_bcra,19
2014-09-18,84830.0,series.ar.bcra.peso_deposits_at_bcra,19
2014-09-19,83217.0,series.ar.bcra.peso_deposits_at_bcra,19
2014-09-22,85274.0,series.ar.bcra.peso_deposits_at_bcra,19
2014-09-23,86528.0,series.ar.bcra.peso_deposits_at_bcra,19
2014-09-24,88000.0,series.ar.bcra.peso_deposits_at_bcra,19
2014-09-25,91569.0,series.ar.bcra.peso_deposits_at_bcra,19
2014-09-26,83375.0,series.ar.bcra.peso_deposits_at_bcra,19
2014-09-29,83280.0,series.ar.bcra.peso_deposits_at_bcra,19
2014-09-30,77397.0,series.ar.bcra.peso_deposits_at_bcra,19
2014-10-01,107079.0,series.ar.bcra.peso_deposits_at_bcra,19
2014-10-02,100668.0,series.ar.bcra.peso_deposits_at_bcra,19
2014-10-03,98765.0,series.ar.bcra.peso_deposits_at_bcra,19
2014-10-06,95781.0,series.ar.bcra.peso_deposits_at_bcra,19
2014-10-07,98088.0,series.ar.bcra.peso_deposits_at_bcra,19
2014-10-08,95839.0,series.ar.bcra.peso_deposits_at_bcra,19
2014-10-09,94942.0,series.ar.bcra.peso_deposits_at_bcra,19
2014-10-10,93886.0,series.ar.bcra.peso_deposits_at_bcra,19
2014-10-14,96551.0,series.ar.bcra.peso_deposits_at_bcra,19
2014-10-15,96704.0,series.ar.bcra.peso_deposits_at_bcra,19
2014-10-16,100897.0,series.ar.bcra.peso_deposits_at_bcra,19
2014-10-17,101661.0,series.ar.bcra.peso_deposits_at_bcra,19
2014-10-20,101539.0,series.ar.bcra.peso_deposits_at_bcra,19
2014-10-21,93745.0,series.ar.bcra.peso_deposits_at_bcra,19
2014-10-22,92280.0,series.ar.bcra.peso_deposits_at_bcra,19
2014-10-23,92835.0,series.ar.bcra.peso_deposits_at_bcra,19
2014-10-24,85796.0,series.ar.bcra.peso_deposits_at_bcra,19
2014-10-27,80694.0,series.ar.bcra.peso_deposits_at_bcra,19
2014-10-28,82347.0,series.ar.bcra.peso_deposits_at_bcra,19
2014-10-29,84150.0,series.ar.bcra.peso_deposits_at_bcra,19
2014-10-30,85499.0,series.ar.bcra.peso_deposits_at_bcra,19
2014-10-31,103879.0,series.ar.bcra.peso_deposits_at_bcra,19
2014-11-03,107376.0,series.ar.bcra.peso_deposits_at_bcra,19
2014-11-04,105944.0,series.ar.bcra.peso_deposits_at_bcra,19
2014-11-05,106015.0,series.ar.bcra.peso_deposits_at_bcra,19
2014-11-07,106233.0,series.ar.bcra.peso_deposits_at_bcra,19
2014-11-10,106406.0,series.ar.bcra.peso_deposits_at_bcra,19
2014-11-11,103504.0,series.ar.bcra.peso_deposits_at_bcra,19
2014-11-12,101901.0,series.ar.bcra.peso_deposits_at_bcra,19
2014-11-13,100983.0,series.ar.bcra.peso_deposits_at_bcra,19
2014-11-14,96769.0,series.ar.bcra.peso_deposits_at_bcra,19
2014-11-17,95716.0,series.ar.bcra.peso_deposits_at_bcra,19
2014-11-18,96897.0,series.ar.bcra.peso_deposits_at_bcra,19
2014-11-19,94854.0,series.ar.bcra.peso_deposits_at_bcra,19
2014-11-20,89334.0,series.ar.bcra.peso_deposits_at_bcra,19
2014-11-21,85663.0,series.ar.bcra.peso_deposits_at_bcra,19
2014-11-25,97862.0,series.ar.bcra.peso_deposits_at_bcra,19
2014-11-26,96703.0,series.ar.bcra.peso_deposits_at_bcra,19
2014-11-27,83352.0,series.ar.bcra.peso_deposits_at_bcra,19
2014-11-28,97147.0,series.ar.bcra.peso_deposits_at_bcra,19
2014-12-01,119936.0,series.ar.bcra.peso_deposits_at_bcra,19
2014-12-02,119904.0,series.ar.bcra.peso_deposits_at_bcra,19
2014-12-03,116873.0,series.ar.bcra.peso_deposits_at_bcra,19
2014-12-04,109530.0,series.ar.bcra.peso_deposits_at_bcra,19
2014-12-05,105669.0,series.ar.bcra.peso_deposits_at_bcra,19
2014-12-09,101384.0,series.ar.bcra.peso_deposits_at_bcra,19
2014-12-10,94373.0,series.ar.bcra.peso_deposits_at_bcra,19
2014-12-11,101953.0,series.ar.bcra.peso_deposits_at_bcra,19
2014-12-12,90775.0,series.ar.bcra.peso_deposits_at_bcra,19
2014-12-15,100404.0,series.ar.bcra.peso_deposits_at_bcra,19
2014-12-16,109657.0,series.ar.bcra.peso_deposits_at_bcra,19
2014-12-17,113650.0,series.ar.bcra.peso_deposits_at_bcra,19
2014-12-18,114755.0,series.ar.bcra.peso_deposits_at_bcra,19
2014-12-19,116043.0,series.ar.bcra.peso_deposits_at_bcra,19
2014-12-22,110302.0,series.ar.bcra.peso_deposits_at_bcra,19
2014-12-23,93974.0,series.ar.bcra.peso_deposits_at_bcra,19
2014-12-24,92321.0,series.ar.bcra.peso_deposits_at_bcra,19
2014-12-29,118470.0,series.ar.bcra.peso_deposits_at_bcra,19
2014-12-30,103812.0,series.ar.bcra.peso_deposits_at_bcra,19
2015-01-02,106383.0,series.ar.bcra.peso_deposits_at_bcra,19
2015-01-05,105894.0,series.ar.bcra.peso_deposits_at_bcra,19
2015-01-06,106990.0,series.ar.bcra.peso_deposits_at_bcra,19
2015-01-07,102639.0,series.ar.bcra.peso_deposits_at_bcra,19
2015-01-08,105599.0,series.ar.bcra.peso_deposits_at_bcra,19
2015-01-09,107007.0,series.ar.bcra.peso_deposits_at_bcra,19
2015-01-12,108878.0,series.ar.bcra.peso_deposits_at_bcra,19
2015-01-13,112290.0,series.ar.bcra.peso_deposits_at_bcra,19
2015-01-14,104792.0,series.ar.bcra.peso_deposits_at_bcra,19
2015-01-15,106839.0,series.ar.bcra.peso_deposits_at_bcra,19
2015-01-16,106413.0,series.ar.bcra.peso_deposits_at_bcra,19
2015-01-19,107577.0,series.ar.bcra.peso_deposits_at_bcra,19
2015-01-20,110569.0,series.ar.bcra.peso_deposits_at_bcra,19
2015-01-21,100136.0,series.ar.bcra.peso_deposits_at_bcra,19
2015-01-22,100959.0,series.ar.bcra.peso_deposits_at_bcra,19
2015-01-23,103474.0,series.ar.bcra.peso_deposits_at_bcra,19
2015-01-26,97811.0,series.ar.bcra.peso_deposits_at_bcra,19
2015-01-27,99785.0,series.ar.bcra.peso_deposits_at_bcra,19
2015-01-28,98427.0,series.ar.bcra.peso_deposits_at_bcra,19
2015-01-29,105015.0,series.ar.bcra.peso_deposits_at_bcra,19
2015-01-30,106923.0,series.ar.bcra.peso_deposits_at_bcra,19
2015-02-02,106287.0,series.ar.bcra.peso_deposits_at_bcra,19
2015-02-03,101673.0,series.ar.bcra.peso_deposits_at_bcra,19
2015-02-04,104392.0,series.ar.bcra.peso_deposits_at_bcra,19
2015-02-05,105000.0,series.ar.bcra.peso_deposits_at_bcra,19
2015-02-06,104131.0,series.ar.bcra.peso_deposits_at_bcra,19
2015-02-09,104335.0,series.ar.bcra.peso_deposits_at_bcra,19
2015-02-10,106065.0,series.ar.bcra.peso_deposits_at_bcra,19
2015-02-11,100415.0,series.ar.bcra.peso_deposits_at_bcra,19
2015-02-12,97060.0,series.ar.bcra.peso_deposits_at_bcra,19
2015-02-13,101121.0,series.ar.bcra.peso_deposits_at_bcra,19
2015-02-18,105398.0,series.ar.bcra.peso_deposits_at_bcra,19
2015-02-19,105949.0,series.ar.bcra.peso_deposits_at_bcra,19
2015-02-20,112159.0,series.ar.bcra.peso_deposits_at_bcra,19
2015-02-23,111231.0,series.ar.bcra.peso_deposits_at_bcra,19
2015-02-24,109060.0,series.ar.bcra.peso_deposits_at_bcra,19
2015-02-25,106115.0,series.ar.bcra.peso_deposits_at_bcra,19
2015-02-26,103681.0,series.ar.bcra.peso_deposits_at_bcra,19
2015-02-27,105259.0,series.ar.bcra.peso_deposits_at_bcra,19
2015-03-02,114826.0,series.ar.bcra.peso_deposits_at_bcra,19
2015-03-03,113010.0,series.ar.bcra.peso_deposits_at_bcra,19
2015-03-04,108142.0,series.ar.bcra.peso_deposits_at_bcra,19
2015-03-05,103732.0,series.ar.bcra.peso_deposits_at_bcra,19
2015-03-06,99440.0,series.ar.bcra.peso_deposits_at_bcra,19
2015-03-09,104111.0,series.ar.bcra.peso_deposits_at_bcra,19
2015-03-10,104444.0,series.ar.bcra.peso_deposits_at_bcra,19
2015-03-11,102217.0,series.ar.bcra.peso_deposits_at_bcra,19
2015-03-12,106503.0,series.ar.bcra.peso_deposits_at_bcra,19
2015-03-13,105482.0,series.ar.bcra.peso_deposits_at_bcra,19
2015-03-16,112303.0,series.ar.bcra.peso_deposits_at_bcra,19
2015-03-17,110323.0,series.ar.bcra.peso_deposits_at_bcra,19
2015-03-18,112640.0,series.ar.bcra.peso_deposits_at_bcra,19
2015-03-19,113076.0,series.ar.bcra.peso_deposits_at_bcra,19
2015-03-20,117118.0,series.ar.bcra.peso_deposits_at_bcra,19
2015-03-25,120248.0,series.ar.bcra.peso_deposits_at_bcra,19
2015-03-26,99714.0,series.ar.bcra.peso_deposits_at_bcra,19
2015-03-27,98178.0,series.ar.bcra.peso_deposits_at_bcra,19
2015-03-30,99335.0,series.ar.bcra.peso_deposits_at_bcra,19
2015-03-31,90016.0,series.ar.bcra.peso_deposits_at_bcra,19
2015-04-01,114241.0,series.ar.bcra.peso_deposits_at_bcra,19
2015-04-06,106504.0,series.ar.bcra.peso_deposits_at_bcra,19
2015-04-07,105541.0,series.ar.bcra.peso_deposits_at_bcra,19
2015-04-08,106142.0,series.ar.bcra.peso_deposits_at_bcra,19
2015-04-09,110717.0,series.ar.bcra.peso_deposits_at_bcra,19
2015-04-10,110707.0,series.ar.bcra.peso_deposits_at_bcra,19
2015-04-13,110904.0,series.ar.bcra.peso_deposits_at_bcra,19
2015-04-14,109250.0,series.ar.bcra.peso_deposits_at_bcra,19
2015-04-15,113126.0,series.ar.bcra.peso_deposits_at_bcra,19
2015-04-16,114940.0,series.ar.bcra.peso_deposits_at_bcra,19
2015-04-17,109623.0,series.ar.bcra.peso_deposits_at_bcra,19
2015-04-20,108152.0,series.ar.bcra.peso_deposits_at_bcra,19
2015-04-21,107705.0,series.ar.bcra.peso_deposits_at_bcra,19
2015-04-22,103386.0,series.ar.bcra.peso_deposits_at_bcra,19
2015-04-23,104270.0,series.ar.bcra.peso_deposits_at_bcra,19
2015-04-24,106290.0,series.ar.bcra.peso_deposits_at_bcra,19
2015-04-27,98915.0,series.ar.bcra.peso_deposits_at_bcra,19
2015-04-28,94386.0,series.ar.bcra.peso_deposits_at_bcra,19
2015-04-29,82590.0,series.ar.bcra.peso_deposits_at_bcra,19
2015-04-30,117012.0,series.ar.bcra.peso_deposits_at_bcra,19
2015-05-04,116454.0,series.ar.bcra.peso_deposits_at_bcra,19
2015-05-05,111913.0,series.ar.bcra.peso_deposits_at_bcra,19
2015-05-06,108060.0,series.ar.bcra.peso_deposits_at_bcra,19
2015-05-07,106063.0,series.ar.bcra.peso_deposits_at_bcra,19
2015-05-08,108211.0,series.ar.bcra.peso_deposits_at_bcra,19
2015-05-11,113094.0,series.ar.bcra.peso_deposits_at_bcra,19
2015-05-12,114424.0,series.ar.bcra.peso_deposits_at_bcra,19
2015-05-13,112489.0,series.ar.bcra.peso_deposits_at_bcra,19
2015-05-14,111259.0,series.ar.bcra.peso_deposits_at_bcra,19
2015-05-15,111532.0,series.ar.bcra.peso_deposits_at_bcra,19
2015-05-18,112121.0,series.ar.bcra.peso_deposits_at_bcra,19
2015-05-19,110760.0,series.ar.bcra.peso_deposits_at_bcra,19
2015-05-20,111232.0,series.ar.bcra.peso_deposits_at_bcra,19
2015-05-21,105381.0,series.ar.bcra.peso_deposits_at_bcra,19
2015-05-22,105822.0,series.ar.bcra.peso_deposits_at_bcra,19
2015-05-26,105481.0,series.ar.bcra.peso_deposits_at_bcra,19
2015-05-27,109475.0,series.ar.bcra.peso_deposits_at_bcra,19
2015-05-28,102551.0,series.ar.bcra.peso_deposits_at_bcra,19
2015-05-29,101339.0,series.ar.bcra.peso_deposits_at_bcra,19
2015-06-01,117016.0,series.ar.bcra.peso_deposits_at_bcra,19
2015-06-02,116588.0,series.ar.bcra.peso_deposits_at_bcra,19
2015-06-03,108670.0,series.ar.bcra.peso_deposits_at_bcra,19
2015-06-04,114758.0,series.ar.bcra.peso_deposits_at_bcra,19
2015-06-05,110386.0,series.ar.bcra.peso_deposits_at_bcra,19
2015-06-08,116325.0,series.ar.bcra.peso_deposits_at_bcra,19
2015-06-09,115580.0,series.ar.bcra.peso_deposits_at_bcra,19
2015-06-10,119479.0,series.ar.bcra.peso_deposits_at_bcra,19
2015-06-11,128053.0,series.ar.bcra.peso_deposits_at_bcra,19
2015-06-12,125540.0,series.ar.bcra.peso_deposits_at_bcra,19
2015-06-15,126216.0,series.ar.bcra.peso_deposits_at_bcra,19
2015-06-16,123512.0,series.ar.bcra.peso_deposits_at_bcra,19
2015-06-17,114840.0,series.ar.bcra.peso_deposits_at_bcra,19
2015-06-18,111911.0,series.ar.bcra.peso_deposits_at_bcra,19
2015-06-19,106011.0,series.ar.bcra.peso_deposits_at_bcra,19
2015-06-22,104047.0,series.ar.bcra.peso_deposits_at_bcra,19
2015-06-23,106988.0,series.ar.bcra.peso_deposits_at_bcra,19
2015-06-24,110199.0,series.ar.bcra.peso_deposits_at_bcra,19
2015-06-25,102656.0,series.ar.bcra.peso_deposits_at_bcra,19
2015-06-26,106736.0,series.ar.bcra.peso_deposits_at_bcra,19
2015-06-29,100942.0,series.ar.bcra.peso_deposits_at_bcra,19
2015-06-30,95200.0,series.ar.bcra.peso_deposits_at_bcra,19
2015-07-01,111104.0,series.ar.bcra.peso_deposits_at_bcra,19
2015-07-02,111821.0,series.ar.bcra.peso_deposits_at_bcra,19
2015-07-03,114456.0,series.ar.bcra.peso_deposits_at_bcra,19
2015-07-06,109475.0,series.ar.bcra.peso_deposits_at_bcra,19
2015-07-07,111075.0,series.ar.bcra.peso_deposits_at_bcra,19
2015-07-08,109242.0,series.ar.bcra.peso_deposits_at_bcra,19
2015-07-10,110215.0,series.ar.bcra.peso_deposits_at_bcra,19
2015-07-13,107906.0,series.ar.bcra.peso_deposits_at_bcra,19
2015-07-14,110580.0,series.ar.bcra.peso_deposits_at_bcra,19
2015-07-15,111121.0,series.ar.bcra.peso_deposits_at_bcra,19
2015-07-16,111610.0,series.ar.bcra.peso_deposits_at_bcra,19
2015-07-17,115503.0,series.ar.bcra.peso_deposits_at_bcra,19
2015-07-20,126121.0,series.ar.bcra.peso_deposits_at_bcra,19
2015-07-21,130373.0,series.ar.bcra.peso_deposits_at_bcra,19
2015-07-22,132789.0,series.ar.bcra.peso_deposits_at_bcra,19
2015-07-23,133651.0,series.ar.bcra.peso_deposits_at_bcra,19
2015-07-24,119755.0,series.ar.bcra.peso_deposits_at_bcra,19
2015-07-27,117054.0,series.ar.bcra.peso_deposits_at_bcra,19
2015-07-28,120624.0,series.ar.bcra.peso_deposits_at_bcra,19
2015-07-29,113415.0,series.ar.bcra.peso_deposits_at_bcra,19
2015-07-30,103925.0,series.ar.bcra.peso_deposits_at_bcra,19
2015-07-31,114829.0,series.ar.bcra.peso_deposits_at_bcra,19
2015-08-03,123850.0,series.ar.bcra.peso_deposits_at_bcra,19
2015-08-04,131500.0,series.ar.bcra.peso_deposits_at_bcra,19
2015-08-05,124894.0,series.ar.bcra.peso_deposits_at_bcra,19
2015-08-06,119787.0,series.ar.bcra.peso_deposits_at_bcra,19
2015-08-07,117156.0,series.ar.bcra.peso_deposits_at_bcra,19
2015-08-10,118330.0,series.ar.bcra.peso_deposits_at_bcra,19
2015-08-11,121815.0,series.ar.bcra.peso_deposits_at_bcra,19
2015-08-12,117807.0,series.ar.bcra.peso_deposits_at_bcra,19
2015-08-13,118212.0,series.ar.bcra.peso_deposits_at_bcra,19
2015-08-14,120483.0,series.ar.bcra.peso_deposits_at_bcra,19
2015-08-18,116414.0,series.ar.bcra.peso_deposits_at_bcra,19
2015-08-19,120586.0,series.ar.bcra.peso_deposits_at_bcra,19
2015-08-20,113204.0,series.ar.bcra.peso_deposits_at_bcra,19
2015-08-21,112420.0,series.ar.bcra.peso_deposits_at_bcra,19
2015-08-24,110168.0,series.ar.bcra.peso_deposits_at_bcra,19
2015-08-25,113988.0,series.ar.bcra.peso_deposits_at_bcra,19
2015-08-26,112661.0,series.ar.bcra.peso_deposits_at_bcra,19
2015-08-27,110182.0,series.ar.bcra.peso_deposits_at_bcra,19
2015-08-28,118351.0,series.ar.bcra.peso_deposits_at_bcra,19
2015-08-31,100660.0,series.ar.bcra.peso_deposits_at_bcra,19
2015-09-01,122686.0,series.ar.bcra.peso_deposits_at_bcra,19
2015-09-02,119461.0,series.ar.bcra.peso_deposits_at_bcra,19
2015-09-03,117716.0,series.ar.bcra.peso_deposits_at_bcra,19
2015-09-04,118948.0,series.ar.bcra.peso_deposits_at_bcra,19
2015-09-07,117553.0,series.ar.bcra.peso_deposits_at_bcra,19
2015-09-08,114194.0,series.ar.bcra.peso_deposits_at_bcra,19
2015-09-09,114358.0,series.ar.bcra.peso_deposits_at_bcra,19
2015-09-10,117039.0,series.ar.bcra.peso_deposits_at_bcra,19
2015-09-11,124994.0,series.ar.bcra.peso_deposits_at_bcra,19
2015-09-14,121970.0,series.ar.bcra.peso_deposits_at_bcra,19
2015-09-15,123599.0,series.ar.bcra.peso_deposits_at_bcra,19
2015-09-16,122226.0,series.ar.bcra.peso_deposits_at_bcra,19
2015-09-17,119440.0,series.ar.bcra.peso_deposits_at_bcra,19
2015-09-18,121566.0,series.ar.bcra.peso_deposits_at_bcra,19
2015-09-21,120221.0,series.ar.bcra.peso_deposits_at_bcra,19
2015-09-22,124367.0,series.ar.bcra.peso_deposits_at_bcra,19
2015-09-23,119863.0,series.ar.bcra.peso_deposits_at_bcra,19
2015-09-24,120643.0,series.ar.bcra.peso_deposits_at_bcra,19
2015-09-25,115392.0,series.ar.bcra.peso_deposits_at_bcra,19
2015-09-28,107315.0,series.ar.bcra.peso_deposits_at_bcra,19
2015-09-29,120621.0,series.ar.bcra.peso_deposits_at_bcra,19
2015-09-30,116138.0,series.ar.bcra.peso_deposits_at_bcra,19
2015-10-01,124267.0,series.ar.bcra.peso_deposits_at_bcra,19
2015-10-02,119536.0,series.ar.bcra.peso_deposits_at_bcra,19
2015-10-05,124895.0,series.ar.bcra.peso_deposits_at_bcra,19
2015-10-06,122604.0,series.ar.bcra.peso_deposits_at_bcra,19
2015-10-07,122348.0,series.ar.bcra.peso_deposits_at_bcra,19
2015-10-08,120964.0,series.ar.bcra.peso_deposits_at_bcra,19
2015-10-09,117749.0,series.ar.bcra.peso_deposits_at_bcra,19
2015-10-13,118781.0,series.ar.bcra.peso_deposits_at_bcra,19
2015-10-14,115661.0,series.ar.bcra.peso_deposits_at_bcra,19
2015-10-15,127291.0,series.ar.bcra.peso_deposits_at_bcra,19
2015-10-16,127263.0,series.ar.bcra.peso_deposits_at_bcra,19
2015-10-19,125834.0,series.ar.bcra.peso_deposits_at_bcra,19
2015-10-20,131084.0,series.ar.bcra.peso_deposits_at_bcra,19
2015-10-21,128335.0,series.ar.bcra.peso_deposits_at_bcra,19
2015-10-22,131169.0,series.ar.bcra.peso_deposits_at_bcra,19
2015-10-23,129362.0,series.ar.bcra.peso_deposits_at_bcra,19
2015-10-26,125107.0,series.ar.bcra.peso_deposits_at_bcra,19
2015-10-27,122067.0,series.ar.bcra.peso_deposits_at_bcra,19
2015-10-28,111948.0,series.ar.bcra.peso_deposits_at_bcra,19
2015-10-29,102085.0,series.ar.bcra.peso_deposits_at_bcra,19
2015-10-30,118915.0,series.ar.bcra.peso_deposits_at_bcra,19
2015-11-02,136062.0,series.ar.bcra.peso_deposits_at_bcra,19
2015-11-03,134632.0,series.ar.bcra.peso_deposits_at_bcra,19
2015-11-04,136951.0,series.ar.bcra.peso_deposits_at_bcra,19
2015-11-05,138229.0,series.ar.bcra.peso_deposits_at_bcra,19
2015-11-09,138314.0,series.ar.bcra.peso_deposits_at_bcra,19
2015-11-10,140076.0,series.ar.bcra.peso_deposits_at_bcra,19
2015-11-11,144176.0,series.ar.bcra.peso_deposits_at_bcra,19
2015-11-12,134494.0,series.ar.bcra.peso_deposits_at_bcra,19
2015-11-13,140994.0,series.ar.bcra.peso_deposits_at_bcra,19
2015-11-16,143092.0,series.ar.bcra.peso_deposits_at_bcra,19
2015-11-17,142626.0,series.ar.bcra.peso_deposits_at_bcra,19
2015-11-18,133111.0,series.ar.bcra.peso_deposits_at_bcra,19
2015-11-19,128363.0,series.ar.bcra.peso_deposits_at_bcra,19
2015-11-20,120835.0,series.ar.bcra.peso_deposits_at_bcra,19
2015-11-23,129020.0,series.ar.bcra.peso_deposits_at_bcra,19
2015-11-24,125691.0,series.ar.bcra.peso_deposits_at_bcra,19
2015-11-25,121259.0,series.ar.bcra.peso_deposits_at_bcra,19
2015-11-26,128663.0,series.ar.bcra.peso_deposits_at_bcra,19
2015-11-30,104192.0,series.ar.bcra.peso_deposits_at_bcra,19
2015-12-01,176038.0,series.ar.bcra.peso_deposits_at_bcra,19
2015-12-02,171940.0,series.ar.bcra.peso_deposits_at_bcra,19
2015-12-03,174814.0,series.ar.bcra.peso_deposits_at_bcra,19
2015-12-04,165694.0,series.ar.bcra.peso_deposits_at_bcra,19
2015-12-09,178995.0,series.ar.bcra.peso_deposits_at_bcra,19
2015-12-10,169765.0,series.ar.bcra.peso_deposits_at_bcra,19
2015-12-11,163951.0,series.ar.bcra.peso_deposits_at_bcra,19
2015-12-14,161841.0,series.ar.bcra.peso_deposits_at_bcra,19
2015-12-15,157427.0,series.ar.bcra.peso_deposits_at_bcra,19
2015-12-16,150525.0,series.ar.bcra.peso_deposits_at_bcra,19
2015-12-17,173730.0,series.ar.bcra.peso_deposits_at_bcra,19
2015-12-18,170633.0,series.ar.bcra.peso_deposits_at_bcra,19
2015-12-21,173988.0,series.ar.bcra.peso_deposits_at_bcra,19
2015-12-22,172545.0,series.ar.bcra.peso_deposits_at_bcra,19
2015-12-23,160715.0,series.ar.bcra.peso_deposits_at_bcra,19
2015-12-24,157321.0,series.ar.bcra.peso_deposits_at_bcra,19
2015-12-28,153073.0,series.ar.bcra.peso_deposits_at_bcra,19
2015-12-29,153824.0,series.ar.bcra.peso_deposits_at_bcra,19
2015-12-30,130136.0,series.ar.bcra.peso_deposits_at_bcra,19
2015-12-31,145113.0,series.ar.bcra.peso_deposits_at_bcra,19
2016-01-04,141333.0,series.ar.bcra.peso_deposits_at_bcra,19
2016-01-05,144060.0,series.ar.bcra.peso_deposits_at_bcra,19
2016-01-06,128175.0,series.ar.bcra.peso_deposits_at_bcra,19
2016-01-07,131645.0,series.ar.bcra.peso_deposits_at_bcra,19
2016-01-08,138193.0,series.ar.bcra.peso_deposits_at_bcra,19
2016-01-11,147593.0,series.ar.bcra.peso_deposits_at_bcra,19
2016-01-12,148848.0,series.ar.bcra.peso_deposits_at_bcra,19
2016-01-13,133651.0,series.ar.bcra.peso_deposits_at_bcra,19
2016-01-14,136358.0,series.ar.bcra.peso_deposits_at_bcra,19
2016-01-15,136403.0,series.ar.bcra.peso_deposits_at_bcra,19
2016-01-18,126424.0,series.ar.bcra.peso_deposits_at_bcra,19
2016-01-19,128751.0,series.ar.bcra.peso_deposits_at_bcra,19
2016-01-20,130990.0,series.ar.bcra.peso_deposits_at_bcra,19
2016-01-21,135085.0,series.ar.bcra.peso_deposits_at_bcra,19
2016-01-22,135917.0,series.ar.bcra.peso_deposits_at_bcra,19
2016-01-25,135352.0,series.ar.bcra.peso_deposits_at_bcra,19
2016-01-26,141402.0,series.ar.bcra.peso_deposits_at_bcra,19
2016-01-27,134736.0,series.ar.bcra.peso_deposits_at_bcra,19
2016-01-28,134577.0,series.ar.bcra.peso_deposits_at_bcra,19
2016-01-29,131592.0,series.ar.bcra.peso_deposits_at_bcra,19
2016-02-01,129619.0,series.ar.bcra.peso_deposits_at_bcra,19
2016-02-02,129027.0,series.ar.bcra.peso_deposits_at_bcra,19
2016-02-03,123594.0,series.ar.bcra.peso_deposits_at_bcra,19
2016-02-04,114201.0,series.ar.bcra.peso_deposits_at_bcra,19
2016-02-05,106709.0,series.ar.bcra.peso_deposits_at_bcra,19
2016-02-10,100526.0,series.ar.bcra.peso_deposits_at_bcra,19
2016-02-11,109636.0,series.ar.bcra.peso_deposits_at_bcra,19
2016-02-12,111311.0,series.ar.bcra.peso_deposits_at_bcra,19
2016-02-15,114113.0,series.ar.bcra.peso_deposits_at_bcra,19
2016-02-16,102436.0,series.ar.bcra.peso_deposits_at_bcra,19
2016-02-17,93935.0,series.ar.bcra.peso_deposits_at_bcra,19
2016-02-18,92813.0,series.ar.bcra.peso_deposits_at_bcra,19
2016-02-19,93711.0,series.ar.bcra.peso_deposits_at_bcra,19
2016-02-22,91461.0,series.ar.bcra.peso_deposits_at_bcra,19
2016-02-23,95096.0,series.ar.bcra.peso_deposits_at_bcra,19
2016-02-24,97996.0,series.ar.bcra.peso_deposits_at_bcra,19
2016-02-25,97685.0,series.ar.bcra.peso_deposits_at_bcra,19
2016-02-26,96295.0,series.ar.bcra.peso_deposits_at_bcra,19
2016-02-29,103627.0,series.ar.bcra.peso_deposits_at_bcra,19
2016-03-01,123615.0,series.ar.bcra.peso_deposits_at_bcra,19
2016-03-02,134048.0,series.ar.bcra.peso_deposits_at_bcra,19
2016-03-03,140160.0,series.ar.bcra.peso_deposits_at_bcra,19
2016-03-04,135549.0,series.ar.bcra.peso_deposits_at_bcra,19
2016-03-07,135046.0,series.ar.bcra.peso_deposits_at_bcra,19
2016-03-08,133031.0,series.ar.bcra.peso_deposits_at_bcra,19
2016-03-09,131951.0,series.ar.bcra.peso_deposits_at_bcra,19
2016-03-10,130542.0,series.ar.bcra.peso_deposits_at_bcra,19
2016-03-11,126406.0,series.ar.bcra.peso_deposits_at_bcra,19
2016-03-14,118113.0,series.ar.bcra.peso_deposits_at_bcra,19
2016-03-15,116979.0,series.ar.bcra.peso_deposits_at_bcra,19
2016-03-16,125707.0,series.ar.bcra.peso_deposits_at_bcra,19
2016-03-17,134131.0,series.ar.bcra.peso_deposits_at_bcra,19
2016-03-18,135803.0,series.ar.bcra.peso_deposits_at_bcra,19
2016-03-21,138317.0,series.ar.bcra.peso_deposits_at_bcra,19
2016-03-22,129499.0,series.ar.bcra.peso_deposits_at_bcra,19
2016-03-23,140889.0,series.ar.bcra.peso_deposits_at_bcra,19
2016-03-28,130602.0,series.ar.bcra.peso_deposits_at_bcra,19
2016-03-29,129965.0,series.ar.bcra.peso_deposits_at_bcra,19
2016-03-30,109499.0,series.ar.bcra.peso_deposits_at_bcra,19
2016-03-31,119579.0,series.ar.bcra.peso_deposits_at_bcra,19
2016-04-01,156292.0,series.ar.bcra.peso_deposits_at_bcra,19
2016-04-04,150974.0,series.ar.bcra.peso_deposits_at_bcra,19
2016-04-05,146231.0,series.ar.bcra.peso_deposits_at_bcra,19
2016-04-06,133855.0,series.ar.bcra.peso_deposits_at_bcra,19
2016-04-07,134616.0,series.ar.bcra.peso_deposits_at_bcra,19
2016-04-08,127174.0,series.ar.bcra.peso_deposits_at_bcra,19
2016-04-11,127631.0,series.ar.bcra.peso_deposits_at_bcra,19
2016-04-12,130205.0,series.ar.bcra.peso_deposits_at_bcra,19
2016-04-13,131536.0,series.ar.bcra.peso_deposits_at_bcra,19
2016-04-14,132738.0,series.ar.bcra.peso_deposits_at_bcra,19
2016-04-15,123908.0,series.ar.bcra.peso_deposits_at_bcra,19
2016-04-18,118348.0,series.ar.bcra.peso_deposits_at_bcra,19
2016-04-19,127502.0,series.ar.bcra.peso_deposits_at_bcra,19
2016-04-20,126670.0,series.ar.bcra.peso_deposits_at_bcra,19
2016-04-21,112892.0,series.ar.bcra.peso_deposits_at_bcra,19
2016-04-22,112673.0,series.ar.bcra.peso_deposits_at_bcra,19
2016-04-25,112941.0,series.ar.bcra.peso_deposits_at_bcra,19
2016-04-26,119012.0,series.ar.bcra.peso_deposits_at_bcra,19
2016-04-27,125745.0,series.ar.bcra.peso_deposits_at_bcra,19
2016-04-28,122312.0,series.ar.bcra.peso_deposits_at_bcra,19
2016-04-29,121718.0,series.ar.bcra.peso_deposits_at_bcra,19
2016-05-02,147409.0,series.ar.bcra.peso_deposits_at_bcra,19
2016-05-03,145009.0,series.ar.bcra.peso_deposits_at_bcra,19
2016-05-04,146475.0,series.ar.bcra.peso_deposits_at_bcra,19
2016-05-05,145066.0,series.ar.bcra.peso_deposits_at_bcra,19
2016-05-06,136472.0,series.ar.bcra.peso_deposits_at_bcra,19
2016-05-09,142450.0,series.ar.bcra.peso_deposits_at_bcra,19
2016-05-10,132784.0,series.ar.bcra.peso_deposits_at_bcra,19
2016-05-11,133839.0,series.ar.bcra.peso_deposits_at_bcra,19
2016-05-12,124885.0,series.ar.bcra.peso_deposits_at_bcra,19
2016-05-13,129143.0,series.ar.bcra.peso_deposits_at_bcra,19
2016-05-16,128765.0,series.ar.bcra.peso_deposits_at_bcra,19
2016-05-17,135174.0,series.ar.bcra.peso_deposits_at_bcra,19
2016-05-18,129432.0,series.ar.bcra.peso_deposits_at_bcra,19
2016-05-19,125007.0,series.ar.bcra.peso_deposits_at_bcra,19
2016-05-20,131196.0,series.ar.bcra.peso_deposits_at_bcra,19
2016-05-23,129630.0,series.ar.bcra.peso_deposits_at_bcra,19
2016-05-24,129036.0,series.ar.bcra.peso_deposits_at_bcra,19
2016-05-26,119874.0,series.ar.bcra.peso_deposits_at_bcra,19
2016-05-27,121207.0,series.ar.bcra.peso_deposits_at_bcra,19
2016-05-30,122234.0,series.ar.bcra.peso_deposits_at_bcra,19
2016-05-31,124325.0,series.ar.bcra.peso_deposits_at_bcra,19
2016-06-01,159393.0,series.ar.bcra.peso_deposits_at_bcra,19
2016-06-02,155227.0,series.ar.bcra.peso_deposits_at_bcra,19
2016-06-03,156067.0,series.ar.bcra.peso_deposits_at_bcra,19
2016-06-06,155498.0,series.ar.bcra.peso_deposits_at_bcra,19
2016-06-07,152552.0,series.ar.bcra.peso_deposits_at_bcra,19
2016-06-08,164438.0,series.ar.bcra.peso_deposits_at_bcra,19
2016-06-09,162146.0,series.ar.bcra.peso_deposits_at_bcra,19
2016-06-10,162705.0,series.ar.bcra.peso_deposits_at_bcra,19
2016-06-13,158586.0,series.ar.bcra.peso_deposits_at_bcra,19
2016-06-14,152837.0,series.ar.bcra.peso_deposits_at_bcra,19
2016-06-15,166696.0,series.ar.bcra.peso_deposits_at_bcra,19
2016-06-16,153716.0,series.ar.bcra.peso_deposits_at_bcra,19
2016-06-21,160283.0,series.ar.bcra.peso_deposits_at_bcra,19
2016-06-22,182277.0,series.ar.bcra.peso_deposits_at_bcra,19
2016-06-23,170322.0,series.ar.bcra.peso_deposits_at_bcra,19
2016-06-24,159998.0,series.ar.bcra.peso_deposits_at_bcra,19
2016-06-27,152732.0,series.ar.bcra.peso_deposits_at_bcra,19
2016-06-28,149121.0,series.ar.bcra.peso_deposits_at_bcra,19
2016-06-29,159688.0,series.ar.bcra.peso_deposits_at_bcra,19
2016-06-30,164111.0,series.ar.bcra.peso_deposits_at_bcra,19
2016-07-01,216973.0,series.ar.bcra.peso_deposits_at_bcra,19
2016-07-04,207410.0,series.ar.bcra.peso_deposits_at_bcra,19
2016-07-05,186938.0,series.ar.bcra.peso_deposits_at_bcra,19
2016-07-06,194661.0,series.ar.bcra.peso_deposits_at_bcra,19
2016-07-07,193591.0,series.ar.bcra.peso_deposits_at_bcra,19
2016-07-11,190102.0,series.ar.bcra.peso_deposits_at_bcra,19
2016-07-12,182055.0,series.ar.bcra.peso_deposits_at_bcra,19
2016-07-13,187947.0,series.ar.bcra.peso_deposits_at_bcra,19
2016-07-14,191368.0,series.ar.bcra.peso_deposits_at_bcra,19
2016-07-15,182099.0,series.ar.bcra.peso_deposits_at_bcra,19
2016-07-18,178126.0,series.ar.bcra.peso_deposits_at_bcra,19
2016-07-19,175109.0,series.ar.bcra.peso_deposits_at_bcra,19
2016-07-20,176098.0,series.ar.bcra.peso_deposits_at_bcra,19
2016-07-21,176112.0,series.ar.bcra.peso_deposits_at_bcra,19
2016-07-22,176373.0,series.ar.bcra.peso_deposits_at_bcra,19
2016-07-25,179441.0,series.ar.bcra.peso_deposits_at_bcra,19
2016-07-26,188242.0,series.ar.bcra.peso_deposits_at_bcra,19
2016-07-27,189080.0,series.ar.bcra.peso_deposits_at_bcra,19
2016-07-28,187388.0,series.ar.bcra.peso_deposits_at_bcra,19
2016-07-29,177851.0,series.ar.bcra.peso_deposits_at_bcra,19
2016-08-01,201911.0,series.ar.bcra.peso_deposits_at_bcra,19
2016-08-02,196113.0,series.ar.bcra.peso_deposits_at_bcra,19
2016-08-03,181977.0,series.ar.bcra.peso_deposits_at_bcra,19
2016-08-04,181232.0,series.ar.bcra.peso_deposits_at_bcra,19
2016-08-05,180141.0,series.ar.bcra.peso_deposits_at_bcra,19
2016-08-08,189661.0,series.ar.bcra.peso_deposits_at_bcra,19
2016-08-09,185361.0,series.ar.bcra.peso_deposits_at_bcra,19
2016-08-10,193354.0,series.ar.bcra.peso_deposits_at_bcra,19
2016-08-11,183238.0,series.ar.bcra.peso_deposits_at_bcra,19
2016-08-12,178526.0,series.ar.bcra.peso_deposits_at_bcra,19
2016-08-16,167787.0,series.ar.bcra.peso_deposits_at_bcra,19
2016-08-17,184307.0,series.ar.bcra.peso_deposits_at_bcra,19
2016-08-18,183467.0,series.ar.bcra.peso_deposits_at_bcra,19
2016-08-19,185103.0,series.ar.bcra.peso_deposits_at_bcra,19
2016-08-22,186858.0,series.ar.bcra.peso_deposits_at_bcra,19
2016-08-23,185056.0,series.ar.bcra.peso_deposits_at_bcra,19
2016-08-24,188737.0,series.ar.bcra.peso_deposits_at_bcra,19
2016-08-25,186173.0,series.ar.bcra.peso_deposits_at_bcra,19
2016-08-26,185735.0,series.ar.bcra.peso_deposits_at_bcra,19
2016-08-29,197343.0,series.ar.bcra.peso_deposits_at_bcra,19
2016-08-30,199060.0,series.ar.bcra.peso_deposits_at_bcra,19
2016-08-31,193739.0,series.ar.bcra.peso_deposits_at_bcra,19
2016-09-01,217362.0,series.ar.bcra.peso_deposits_at_bcra,19
2016-09-02,202189.0,series.ar.bcra.peso_deposits_at_bcra,19
2016-09-05,200505.0,series.ar.bcra.peso_deposits_at_bcra,19
2016-09-06,188763.0,series.ar.bcra.peso_deposits_at_bcra,19
2016-09-07,200212.0,series.ar.bcra.peso_deposits_at_bcra,19
2016-09-08,202282.0,series.ar.bcra.peso_deposits_at_bcra,19
2016-09-09,196413.0,series.ar.bcra.peso_deposits_at_bcra,19
2016-09-12,191591.0,series.ar.bcra.peso_deposits_at_bcra,19
2016-09-13,184794.0,series.ar.bcra.peso_deposits_at_bcra,19
2016-09-14,193062.0,series.ar.bcra.peso_deposits_at_bcra,19
2016-09-15,191165.0,series.ar.bcra.peso_deposits_at_bcra,19
2016-09-16,182758.0,series.ar.bcra.peso_deposits_at_bcra,19
2016-09-19,187672.0,series.ar.bcra.peso_deposits_at_bcra,19
2016-09-20,181932.0,series.ar.bcra.peso_deposits_at_bcra,19
2016-09-21,185685.0,series.ar.bcra.peso_deposits_at_bcra,19
2016-09-22,185059.0,series.ar.bcra.peso_deposits_at_bcra,19
2016-09-23,178498.0,series.ar.bcra.peso_deposits_at_bcra,19
2016-09-26,176660.0,series.ar.bcra.peso_deposits_at_bcra,19
2016-09-27,172762.0,series.ar.bcra.peso_deposits_at_bcra,19
2016-09-28,172083.0,series.ar.bcra.peso_deposits_at_bcra,19
2016-09-29,160931.0,series.ar.bcra.peso_deposits_at_bcra,19
2016-09-30,189885.0,series.ar.bcra.peso_deposits_at_bcra,19
2016-10-03,190808.0,series.ar.bcra.peso_deposits_at_bcra,19
2016-10-04,188136.0,series.ar.bcra.peso_deposits_at_bcra,19
2016-10-05,190674.0,series.ar.bcra.peso_deposits_at_bcra,19
2016-10-06,186581.0,series.ar.bcra.peso_deposits_at_bcra,19
2016-10-07,198328.0,series.ar.bcra.peso_deposits_at_bcra,19
2016-10-11,202763.0,series.ar.bcra.peso_deposits_at_bcra,19
2016-10-12,201690.0,series.ar.bcra.peso_deposits_at_bcra,19
2016-10-13,201352.0,series.ar.bcra.peso_deposits_at_bcra,19
2016-10-14,202545.0,series.ar.bcra.peso_deposits_at_bcra,19
2016-10-17,200691.0,series.ar.bcra.peso_deposits_at_bcra,19
2016-10-18,198496.0,series.ar.bcra.peso_deposits_at_bcra,19
2016-10-19,185756.0,series.ar.bcra.peso_deposits_at_bcra,19
2016-10-20,193793.0,series.ar.bcra.peso_deposits_at_bcra,19
2016-10-21,191396.0,series.ar.bcra.peso_deposits_at_bcra,19
2016-10-24,188721.0,series.ar.bcra.peso_deposits_at_bcra,19
2016-10-25,189301.0,series.ar.bcra.peso_deposits_at_bcra,19
2016-10-26,173267.0,series.ar.bcra.peso_deposits_at_bcra,19
2016-10-27,167931.0,series.ar.bcra.peso_deposits_at_bcra,19
2016-10-28,199616.0,series.ar.bcra.peso_deposits_at_bcra,19
2016-10-31,169879.0,series.ar.bcra.peso_deposits_at_bcra,19
2016-11-01,210814.0,series.ar.bcra.peso_deposits_at_bcra,19
2016-11-02,194673.0,series.ar.bcra.peso_deposits_at_bcra,19
2016-11-03,192955.0,series.ar.bcra.peso_deposits_at_bcra,19
2016-11-04,207017.0,series.ar.bcra.peso_deposits_at_bcra,19
2016-11-07,207481.0,series.ar.bcra.peso_deposits_at_bcra,19
2016-11-08,207483.0,series.ar.bcra.peso_deposits_at_bcra,19
2016-11-09,209637.0,series.ar.bcra.peso_deposits_at_bcra,19
2016-11-10,206611.0,series.ar.bcra.peso_deposits_at_bcra,19
2016-11-11,200179.0,series.ar.bcra.peso_deposits_at_bcra,19
2016-11-14,199174.0,series.ar.bcra.peso_deposits_at_bcra,19
2016-11-15,200284.0,series.ar.bcra.peso_deposits_at_bcra,19
2016-11-16,220548.0,series.ar.bcra.peso_deposits_at_bcra,19
2016-11-17,217767.0,series.ar.bcra.peso_deposits_at_bcra,19
2016-11-18,213090.0,series.ar.bcra.peso_deposits_at_bcra,19
2016-11-21,213163.0,series.ar.bcra.peso_deposits_at_bcra,19
2016-11-22,210022.0,series.ar.bcra.peso_deposits_at_bcra,19
2016-11-23,196380.0,series.ar.bcra.peso_deposits_at_bcra,19
2016-11-24,188329.0,series.ar.bcra.peso_deposits_at_bcra,19
2016-11-25,185703.0,series.ar.bcra.peso_deposits_at_bcra,19
2016-11-29,207899.0,series.ar.bcra.peso_deposits_at_bcra,19
2016-11-30,193723.0,series.ar.bcra.peso_deposits_at_bcra,19
2016-12-01,232214.0,series.ar.bcra.peso_deposits_at_bcra,19
2016-12-02,225729.0,series.ar.bcra.peso_deposits_at_bcra,19
2016-12-05,222995.0,series.ar.bcra.peso_deposits_at_bcra,19
2016-12-06,211082.0,series.ar.bcra.peso_deposits_at_bcra,19
2016-12-07,222826.0,series.ar.bcra.peso_deposits_at_bcra,19
2016-12-12,224504.0,series.ar.bcra.peso_deposits_at_bcra,19
2016-12-13,221459.0,series.ar.bcra.peso_deposits_at_bcra,19
2016-12-14,245682.0,series.ar.bcra.peso_deposits_at_bcra,19
2016-12-15,231534.0,series.ar.bcra.peso_deposits_at_bcra,19
2016-12-16,229944.0,series.ar.bcra.peso_deposits_at_bcra,19
2016-12-19,226832.0,series.ar.bcra.peso_deposits_at_bcra,19
2016-12-20,232780.0,series.ar.bcra.peso_deposits_at_bcra,19
2016-12-21,248114.0,series.ar.bcra.peso_deposits_at_bcra,19
2016-12-22,227086.0,series.ar.bcra.peso_deposits_at_bcra,19
2016-12-23,213956.0,series.ar.bcra.peso_deposits_at_bcra,19
2016-12-26,211939.0,series.ar.bcra.peso_deposits_at_bcra,19
2016-12-27,209580.0,series.ar.bcra.peso_deposits_at_bcra,19
2016-12-28,223068.0,series.ar.bcra.peso_deposits_at_bcra,19
2016-12-29,225960.0,series.ar.bcra.peso_deposits_at_bcra,19
2016-12-30,227049.0,series.ar.bcra.peso_deposits_at_bcra,19
2017-01-02,259033.0,series.ar.bcra.peso_deposits_at_bcra,19
2017-01-03,259940.0,series.ar.bcra.peso_deposits_at_bcra,19
2017-01-04,254678.0,series.ar.bcra.peso_deposits_at_bcra,19
2017-01-05,243980.0,series.ar.bcra.peso_deposits_at_bcra,19
2017-01-06,240121.0,series.ar.bcra.peso_deposits_at_bcra,19
2017-01-09,238790.0,series.ar.bcra.peso_deposits_at_bcra,19
2017-01-10,246349.0,series.ar.bcra.peso_deposits_at_bcra,19
2017-01-11,199013.0,series.ar.bcra.peso_deposits_at_bcra,19
2017-01-12,197504.0,series.ar.bcra.peso_deposits_at_bcra,19
2017-01-13,193653.0,series.ar.bcra.peso_deposits_at_bcra,19
2017-01-16,189999.0,series.ar.bcra.peso_deposits_at_bcra,19
2017-01-17,168020.0,series.ar.bcra.peso_deposits_at_bcra,19
2017-01-18,195371.0,series.ar.bcra.peso_deposits_at_bcra,19
2017-01-19,191909.0,series.ar.bcra.peso_deposits_at_bcra,19
2017-01-20,195483.0,series.ar.bcra.peso_deposits_at_bcra,19
2017-01-23,198498.0,series.ar.bcra.peso_deposits_at_bcra,19
2017-01-24,205442.0,series.ar.bcra.peso_deposits_at_bcra,19
2017-01-25,218703.0,series.ar.bcra.peso_deposits_at_bcra,19
2017-01-26,221564.0,series.ar.bcra.peso_deposits_at_bcra,19
2017-01-27,215959.0,series.ar.bcra.peso_deposits_at_bcra,19
2017-01-30,227995.0,series.ar.bcra.peso_deposits_at_bcra,19
2017-01-31,226616.0,series.ar.bcra.peso_deposits_at_bcra,19
2017-02-01,228147.0,series.ar.bcra.peso_deposits_at_bcra,19
2017-02-02,219345.0,series.ar.bcra.peso_deposits_at_bcra,19
2017-02-03,219056.0,series.ar.bcra.peso_deposits_at_bcra,19
2017-02-06,222440.0,series.ar.bcra.peso_deposits_at_bcra,19
2017-02-07,239844.0,series.ar.bcra.peso_deposits_at_bcra,19
2017-02-08,238837.0,series.ar.bcra.peso_deposits_at_bcra,19
2017-02-09,235060.0,series.ar.bcra.peso_deposits_at_bcra,19
2017-02-10,236462.0,series.ar.bcra.peso_deposits_at_bcra,19
2017-02-13,233735.0,series.ar.bcra.peso_deposits_at_bcra,19
2017-02-14,232757.0,series.ar.bcra.peso_deposits_at_bcra,19
2017-02-15,231985.0,series.ar.bcra.peso_deposits_at_bcra,19
2017-02-16,219794.0,series.ar.bcra.peso_deposits_at_bcra,19
2017-02-17,211278.0,series.ar.bcra.peso_deposits_at_bcra,19
2017-02-20,209848.0,series.ar.bcra.peso_deposits_at_bcra,19
2017-02-21,235809.0,series.ar.bcra.peso_deposits_at_bcra,19
2017-02-22,221680.0,series.ar.bcra.peso_deposits_at_bcra,19
2017-02-23,226042.0,series.ar.bcra.peso_deposits_at_bcra,19
2017-02-24,216864.0,series.ar.bcra.peso_deposits_at_bcra,19
2017-03-01,257402.0,series.ar.bcra.peso_deposits_at_bcra,19
2017-03-02,253838.0,series.ar.bcra.peso_deposits_at_bcra,19
2017-03-03,234837.0,series.ar.bcra.peso_deposits_at_bcra,19
2017-03-06,212855.0,series.ar.bcra.peso_deposits_at_bcra,19
2017-03-07,186700.0,series.ar.bcra.peso_deposits_at_bcra,19
2017-03-08,184045.0,series.ar.bcra.peso_deposits_at_bcra,19
2017-03-09,186739.0,series.ar.bcra.peso_deposits_at_bcra,19
2017-03-10,204676.0,series.ar.bcra.peso_deposits_at_bcra,19
2017-03-13,197336.0,series.ar.bcra.peso_deposits_at_bcra,19
2017-03-14,202534.0,series.ar.bcra.peso_deposits_at_bcra,19
2017-03-15,219085.0,series.ar.bcra.peso_deposits_at_bcra,19
2017-03-16,190841.0,series.ar.bcra.peso_deposits_at_bcra,19
2017-03-17,183039.0,series.ar.bcra.peso_deposits_at_bcra,19
2017-03-20,198773.0,series.ar.bcra.peso_deposits_at_bcra,19
2017-03-21,198344.0,series.ar.bcra.peso_deposits_at_bcra,19
2017-03-22,192489.0,series.ar.bcra.peso_deposits_at_bcra,19
2017-03-23,186376.0,series.ar.bcra.peso_deposits_at_bcra,19
2017-03-27,175265.0,series.ar.bcra.peso_deposits_at_bcra,19
2017-03-28,162893.0,series.ar.bcra.peso_deposits_at_bcra,19
2017-03-29,166684.0,series.ar.bcra.peso_deposits_at_bcra,19
2017-03-30,185843.0,series.ar.bcra.peso_deposits_at_bcra,19
2017-03-31,167706.0,series.ar.bcra.peso_deposits_at_bcra,19
2017-04-03,204496.0,series.ar.bcra.peso_deposits_at_bcra,19
2017-04-04,195890.0,series.ar.bcra.peso_deposits_at_bcra,19
2017-04-05,188799.0,series.ar.bcra.peso_deposits_at_bcra,19
2017-04-06,189647.0,series.ar.bcra.peso_deposits_at_bcra,19
2017-04-07,191061.0,series.ar.bcra.peso_deposits_at_bcra,19
2017-04-10,201335.0,series.ar.bcra.peso_deposits_at_bcra,19
2017-04-11,198152.0,series.ar.bcra.peso_deposits_at_bcra,19
2017-04-12,183109.0,series.ar.bcra.peso_deposits_at_bcra,19
2017-04-17,201671.0,series.ar.bcra.peso_deposits_at_bcra,19
2017-04-18,202360.0,series.ar.bcra.peso_deposits_at_bcra,19
2017-04-19,243296.0,series.ar.bcra.peso_deposits_at_bcra,19
2017-04-20,221380.0,series.ar.bcra.peso_deposits_at_bcra,19
2017-04-21,204157.0,series.ar.bcra.peso_deposits_at_bcra,19
2017-04-24,219280.0,series.ar.bcra.peso_deposits_at_bcra,19
2017-04-25,213099.0,series.ar.bcra.peso_deposits_at_bcra,19
2017-04-26,208843.0,series.ar.bcra.peso_deposits_at_bcra,19
2017-04-27,221699.0,series.ar.bcra.peso_deposits_at_bcra,19
2017-04-28,207779.0,series.ar.bcra.peso_deposits_at_bcra,19
2017-05-02,231630.0,series.ar.bcra.peso_deposits_at_bcra,19
2017-05-03,228988.0,series.ar.bcra.peso_deposits_at_bcra,19
2017-05-04,224427.0,series.ar.bcra.peso_deposits_at_bcra,19
2017-05-05,224449.0,series.ar.bcra.peso_deposits_at_bcra,19
2017-05-08,210000.0,series.ar.bcra.peso_deposits_at_bcra,19
2017-05-09,207322.0,series.ar.bcra.peso_deposits_at_bcra,19
2017-05-10,203827.0,series.ar.bcra.peso_deposits_at_bcra,19
2017-05-11,204377.0,series.ar.bcra.peso_deposits_at_bcra,19
2017-05-12,197035.0,series.ar.bcra.peso_deposits_at_bcra,19
2017-05-15,188829.0,series.ar.bcra.peso_deposits_at_bcra,19
2017-05-16,184811.0,series.ar.bcra.peso_deposits_at_bcra,19
2017-05-17,210056.0,series.ar.bcra.peso_deposits_at_bcra,19
2017-05-18,203200.0,series.ar.bcra.peso_deposits_at_bcra,19
2017-05-19,196411.0,series.ar.bcra.peso_deposits_at_bcra,19
2017-05-22,190259.0,series.ar.bcra.peso_deposits_at_bcra,19
2017-05-23,182668.0,series.ar.bcra.peso_deposits_at_bcra,19
2017-05-24,167680.0,series.ar.bcra.peso_deposits_at_bcra,19
2017-05-26,175207.0,series.ar.bcra.peso_deposits_at_bcra,19
2017-05-29,169703.0,series.ar.bcra.peso_deposits_at_bcra,19
2017-05-30,167707.0,series.ar.bcra.peso_deposits_at_bcra,19
2017-05-31,171530.0,series.ar.bcra.peso_deposits_at_bcra,19
2017-06-01,200639.0,series.ar.bcra.peso_deposits_at_bcra,19
2017-06-02,197022.0,series.ar.bcra.peso_deposits_at_bcra,19
2017-06-05,189650.0,series.ar.bcra.peso_deposits_at_bcra,19
2017-06-06,205111.0,series.ar.bcra.peso_deposits_at_bcra,19
2017-06-07,218733.0,series.ar.bcra.peso_deposits_at_bcra,19
2017-06-08,213942.0,series.ar.bcra.peso_deposits_at_bcra,19
2017-06-09,204188.0,series.ar.bcra.peso_deposits_at_bcra,19
2017-06-12,199704.0,series.ar.bcra.peso_deposits_at_bcra,19
2017-06-13,188759.0,series.ar.bcra.peso_deposits_at_bcra,19
2017-06-14,187278.0,series.ar.bcra.peso_deposits_at_bcra,19
2017-06-15,187505.0,series.ar.bcra.peso_deposits_at_bcra,19
2017-06-16,172553.0,series.ar.bcra.peso_deposits_at_bcra,19
2017-06-19,172047.0,series.ar.bcra.peso_deposits_at_bcra,19
2017-06-21,268563.0,series.ar.bcra.peso_deposits_at_bcra,19
2017-06-22,249712.0,series.ar.bcra.peso_deposits_at_bcra,19
2017-06-23,234208.0,series.ar.bcra.peso_deposits_at_bcra,19
2017-06-26,219623.0,series.ar.bcra.peso_deposits_at_bcra,19
2017-06-27,199364.0,series.ar.bcra.peso_deposits_at_bcra,19
2017-06-28,219223.0,series.ar.bcra.peso_deposits_at_bcra,19
2017-06-29,214555.0,series.ar.bcra.peso_deposits_at_bcra,19
2017-06-30,206144.0,series.ar.bcra.peso_deposits_at_bcra,19
2017-07-03,229985.0,series.ar.bcra.peso_deposits_at_bcra,19
2017-07-04,226153.0,series.ar.bcra.peso_deposits_at_bcra,19
2017-07-05,212136.0,series.ar.bcra.peso_deposits_at_bcra,19
2017-07-06,209390.0,series.ar.bcra.peso_deposits_at_bcra,19
2017-07-07,208579.0,series.ar.bcra.peso_deposits_at_bcra,19
2017-07-10,208192.0,series.ar.bcra.peso_deposits_at_bcra,19
2017-07-11,203247.0,series.ar.bcra.peso_deposits_at_bcra,19
2017-07-12,195806.0,series.ar.bcra.peso_deposits_at_bcra,19
2017-07-13,188296.0,series.ar.bcra.peso_deposits_at_bcra,19
2017-07-14,183663.0,series.ar.bcra.peso_deposits_at_bcra,19
2017-07-17,177684.0,series.ar.bcra.peso_deposits_at_bcra,19
2017-07-18,169898.0,series.ar.bcra.peso_deposits_at_bcra,19
2017-07-19,230167.0,series.ar.bcra.peso_deposits_at_bcra,19
2017-07-20,221114.0,series.ar.bcra.peso_deposits_at_bcra,19
2017-07-21,210258.0,series.ar.bcra.peso_deposits_at_bcra,19
2017-07-24,214914.0,series.ar.bcra.peso_deposits_at_bcra,19
2017-07-25,221109.0,series.ar.bcra.peso_deposits_at_bcra,19
2017-07-26,222023.0,series.ar.bcra.peso_deposits_at_bcra,19
2017-07-27,217489.0,series.ar.bcra.peso_deposits_at_bcra,19
2017-07-28,210102.0,series.ar.bcra.peso_deposits_at_bcra,19
2017-07-31,185856.0,series.ar.bcra.peso_deposits_at_bcra,19
2017-08-01,224144.0,series.ar.bcra.peso_deposits_at_bcra,19
2017-08-02,221721.0,series.ar.bcra.peso_deposits_at_bcra,19
2017-08-03,219681.0,series.ar.bcra.peso_deposits_at_bcra,19
2017-08-04,214050.0,series.ar.bcra.peso_deposits_at_bcra,19
2017-08-07,214823.0,series.ar.bcra.peso_deposits_at_bcra,19
2017-08-08,209832.0,series.ar.bcra.peso_deposits_at_bcra,19
2017-08-09,200913.0,series.ar.bcra.peso_deposits_at_bcra,19
2017-08-10,193645.0,series.ar.bcra.peso_deposits_at_bcra,19
2017-08-11,183491.0,series.ar.bcra.peso_deposits_at_bcra,19
2017-08-14,187151.0,series.ar.bcra.peso_deposits_at_bcra,19
2017-08-15,185755.0,series.ar.bcra.peso_deposits_at_bcra,19
2017-08-16,247881.0,series.ar.bcra.peso_deposits_at_bcra,19
2017-08-17,229467.0,series.ar.bcra.peso_deposits_at_bcra,19
2017-08-18,209644.0,series.ar.bcra.peso_deposits_at_bcra,19
2017-08-22,219597.0,series.ar.bcra.peso_deposits_at_bcra,19
2017-08-23,222686.0,series.ar.bcra.peso_deposits_at_bcra,19
2017-08-24,209406.0,series.ar.bcra.peso_deposits_at_bcra,19
2017-08-25,197351.0,series.ar.bcra.peso_deposits_at_bcra,19
2017-08-28,208579.0,series.ar.bcra.peso_deposits_at_bcra,19
2017-08-29,204757.0,series.ar.bcra.peso_deposits_at_bcra,19
2017-08-30,196827.0,series.ar.bcra.peso_deposits_at_bcra,19
2017-08-31,187202.0,series.ar.bcra.peso_deposits_at_bcra,19
2017-09-01,212214.0,series.ar.bcra.peso_deposits_at_bcra,19
2017-09-04,212049.0,series.ar.bcra.peso_deposits_at_bcra,19
2017-09-05,214487.0,series.ar.bcra.peso_deposits_at_bcra,19
2017-09-06,207237.0,series.ar.bcra.peso_deposits_at_bcra,19
2017-09-07,198615.0,series.ar.bcra.peso_deposits_at_bcra,19
2017-09-08,194131.0,series.ar.bcra.peso_deposits_at_bcra,19
2017-09-11,205065.0,series.ar.bcra.peso_deposits_at_bcra,19
2017-09-12,203882.0,series.ar.bcra.peso_deposits_at_bcra,19
2017-09-13,204311.0,series.ar.bcra.peso_deposits_at_bcra,19
2017-09-14,198546.0,series.ar.bcra.peso_deposits_at_bcra,19
2017-09-15,183478.0,series.ar.bcra.peso_deposits_at_bcra,19
2017-09-18,202362.0,series.ar.bcra.peso_deposits_at_bcra,19
2017-09-19,197470.0,series.ar.bcra.peso_deposits_at_bcra,19
2017-09-20,267252.0,series.ar.bcra.peso_deposits_at_bcra,19
2017-09-21,261647.0,series.ar.bcra.peso_deposits_at_bcra,19
2017-09-22,235192.0,series.ar.bcra.peso_deposits_at_bcra,19
2017-09-25,221262.0,series.ar.bcra.peso_deposits_at_bcra,19
2017-09-26,244714.0,series.ar.bcra.peso_deposits_at_bcra,19
2017-09-27,228485.0,series.ar.bcra.peso_deposits_at_bcra,19
2017-09-28,214911.0,series.ar.bcra.peso_deposits_at_bcra,19
2017-09-29,205130.0,series.ar.bcra.peso_deposits_at_bcra,19
2017-10-02,225015.0,series.ar.bcra.peso_deposits_at_bcra,19
2017-10-03,216037.0,series.ar.bcra.peso_deposits_at_bcra,19
2017-10-04,230403.0,series.ar.bcra.peso_deposits_at_bcra,19
2017-10-05,228891.0,series.ar.bcra.peso_deposits_at_bcra,19
2017-10-06,218979.0,series.ar.bcra.peso_deposits_at_bcra,19
2017-10-09,218287.0,series.ar.bcra.peso_deposits_at_bcra,19
2017-10-10,207633.0,series.ar.bcra.peso_deposits_at_bcra,19
2017-10-11,209237.0,series.ar.bcra.peso_deposits_at_bcra,19
2017-10-12,209850.0,series.ar.bcra.peso_deposits_at_bcra,19
2017-10-13,201652.0,series.ar.bcra.peso_deposits_at_bcra,19
2017-10-17,195009.0,series.ar.bcra.peso_deposits_at_bcra,19
2017-10-18,235703.0,series.ar.bcra.peso_deposits_at_bcra,19
2017-10-19,216144.0,series.ar.bcra.peso_deposits_at_bcra,19
2017-10-20,212558.0,series.ar.bcra.peso_deposits_at_bcra,19
2017-10-23,216575.0,series.ar.bcra.peso_deposits_at_bcra,19
2017-10-24,211166.0,series.ar.bcra.peso_deposits_at_bcra,19
2017-10-25,200574.0,series.ar.bcra.peso_deposits_at_bcra,19
2017-10-26,196425.0,series.ar.bcra.peso_deposits_at_bcra,19
2017-10-27,221206.0,series.ar.bcra.peso_deposits_at_bcra,19
2017-10-30,204249.0,series.ar.bcra.peso_deposits_at_bcra,19
2017-10-31,190936.0,series.ar.bcra.peso_deposits_at_bcra,19
2017-11-01,224301.0,series.ar.bcra.peso_deposits_at_bcra,19
2017-11-02,233244.0,series.ar.bcra.peso_deposits_at_bcra,19
2017-11-03,227891.0,series.ar.bcra.peso_deposits_at_bcra,19
2017-11-07,226516.0,series.ar.bcra.peso_deposits_at_bcra,19
2017-11-08,224073.0,series.ar.bcra.peso_deposits_at_bcra,19
2017-11-09,227425.0,series.ar.bcra.peso_deposits_at_bcra,19
2017-11-10,221623.0,series.ar.bcra.peso_deposits_at_bcra,19
2017-11-13,214544.0,series.ar.bcra.peso_deposits_at_bcra,19
2017-11-14,207769.0,series.ar.bcra.peso_deposits_at_bcra,19
2017-11-15,243048.0,series.ar.bcra.peso_deposits_at_bcra,19
2017-11-16,211921.0,series.ar.bcra.peso_deposits_at_bcra,19
2017-11-17,195731.0,series.ar.bcra.peso_deposits_at_bcra,19
2017-11-21,205081.0,series.ar.bcra.peso_deposits_at_bcra,19
2017-11-22,214376.0,series.ar.bcra.peso_deposits_at_bcra,19
2017-11-23,219569.0,series.ar.bcra.peso_deposits_at_bcra,19
2017-11-24,234295.0,series.ar.bcra.peso_deposits_at_bcra,19
2017-11-27,215728.0,series.ar.bcra.peso_deposits_at_bcra,19
2017-11-28,203359.0,series.ar.bcra.peso_deposits_at_bcra,19
2017-11-29,206504.0,series.ar.bcra.peso_deposits_at_bcra,19
2017-11-30,187205.0,series.ar.bcra.peso_deposits_at_bcra,19
2017-12-01,231792.0,series.ar.bcra.peso_deposits_at_bcra,19
2017-12-04,226717.0,series.ar.bcra.peso_deposits_at_bcra,19
2017-12-05,225763.0,series.ar.bcra.peso_deposits_at_bcra,19
2017-12-06,218827.0,series.ar.bcra.peso_deposits_at_bcra,19
2017-12-07,223047.0,series.ar.bcra.peso_deposits_at_bcra,19
2017-12-11,221514.0,series.ar.bcra.peso_deposits_at_bcra,19
2017-12-12,224572.0,series.ar.bcra.peso_deposits_at_bcra,19
2017-12-13,232019.0,series.ar.bcra.peso_deposits_at_bcra,19
2017-12-14,226019.0,series.ar.bcra.peso_deposits_at_bcra,19
2017-12-15,257914.0,series.ar.bcra.peso_deposits_at_bcra,19
2017-12-18,253012.0,series.ar.bcra.peso_deposits_at_bcra,19
2017-12-19,247335.0,series.ar.bcra.peso_deposits_at_bcra,19
2017-12-20,332343.0,series.ar.bcra.peso_deposits_at_bcra,19
2017-12-21,279936.0,series.ar.bcra.peso_deposits_at_bcra,19
2017-12-22,267002.0,series.ar.bcra.peso_deposits_at_bcra,19
2017-12-26,253067.0,series.ar.bcra.peso_deposits_at_bcra,19
2017-12-27,228613.0,series.ar.bcra.peso_deposits_at_bcra,19
2017-12-28,226749.0,series.ar.bcra.peso_deposits_at_bcra,19
2017-12-29,214400.0,series.ar.bcra.peso_deposits_at_bcra,19
2018-01-02,289469.0,series.ar.bcra.peso_deposits_at_bcra,19
2018-01-03,273178.0,series.ar.bcra.peso_deposits_at_bcra,19
2018-01-04,256705.0,series.ar.bcra.peso_deposits_at_bcra,19
2018-01-05,250086.0,series.ar.bcra.peso_deposits_at_bcra,19
2018-01-08,236693.0,series.ar.bcra.peso_deposits_at_bcra,19
2018-01-09,228593.0,series.ar.bcra.peso_deposits_at_bcra,19
2018-01-10,238180.0,series.ar.bcra.peso_deposits_at_bcra,19
2018-01-11,245318.0,series.ar.bcra.peso_deposits_at_bcra,19
2018-01-12,240306.0,series.ar.bcra.peso_deposits_at_bcra,19
2018-01-15,230510.0,series.ar.bcra.peso_deposits_at_bcra,19
2018-01-16,226264.0,series.ar.bcra.peso_deposits_at_bcra,19
2018-01-17,278646.0,series.ar.bcra.peso_deposits_at_bcra,19
2018-01-18,262114.0,series.ar.bcra.peso_deposits_at_bcra,19
2018-01-19,255199.0,series.ar.bcra.peso_deposits_at_bcra,19
2018-01-22,254215.0,series.ar.bcra.peso_deposits_at_bcra,19
2018-01-23,237933.0,series.ar.bcra.peso_deposits_at_bcra,19
2018-01-24,229920.0,series.ar.bcra.peso_deposits_at_bcra,19
2018-01-25,261250.0,series.ar.bcra.peso_deposits_at_bcra,19
2018-01-26,251236.0,series.ar.bcra.peso_deposits_at_bcra,19
2018-01-29,238410.0,series.ar.bcra.peso_deposits_at_bcra,19
2018-01-30,237150.0,series.ar.bcra.peso_deposits_at_bcra,19
2018-01-31,200835.0,series.ar.bcra.peso_deposits_at_bcra,19
2018-02-01,260242.0,series.ar.bcra.peso_deposits_at_bcra,19
2018-02-02,259039.0,series.ar.bcra.peso_deposits_at_bcra,19
2018-02-05,265281.0,series.ar.bcra.peso_deposits_at_bcra,19
2018-02-06,253489.0,series.ar.bcra.peso_deposits_at_bcra,19
2018-02-07,291861.0,series.ar.bcra.peso_deposits_at_bcra,19
2018-02-08,276460.0,series.ar.bcra.peso_deposits_at_bcra,19
2018-02-09,286335.0,series.ar.bcra.peso_deposits_at_bcra,19
2018-02-14,244804.0,series.ar.bcra.peso_deposits_at_bcra,19
2018-02-15,240196.0,series.ar.bcra.peso_deposits_at_bcra,19
2018-02-16,214851.0,series.ar.bcra.peso_deposits_at_bcra,19
2018-02-19,208524.0,series.ar.bcra.peso_deposits_at_bcra,19
2018-02-20,195723.0,series.ar.bcra.peso_deposits_at_bcra,19
2018-02-21,287308.0,series.ar.bcra.peso_deposits_at_bcra,19
2018-02-22,257251.0,series.ar.bcra.peso_deposits_at_bcra,19
2018-02-23,264734.0,series.ar.bcra.peso_deposits_at_bcra,19
2018-02-26,250484.0,series.ar.bcra.peso_deposits_at_bcra,19
2018-02-27,242631.0,series.ar.bcra.peso_deposits_at_bcra,19
2018-02-28,239746.0,series.ar.bcra.peso_deposits_at_bcra,19
2018-03-01,304830.0,series.ar.bcra.peso_deposits_at_bcra,19
2018-03-02,317290.0,series.ar.bcra.peso_deposits_at_bcra,19
2018-03-05,276958.0,series.ar.bcra.peso_deposits_at_bcra,19
2018-03-06,272095.0,series.ar.bcra.peso_deposits_at_bcra,19
2018-03-07,274905.0,series.ar.bcra.peso_deposits_at_bcra,19
2018-03-08,276522.0,series.ar.bcra.peso_deposits_at_bcra,19
2018-03-09,274024.0,series.ar.bcra.peso_deposits_at_bcra,19
2018-03-12,298286.0,series.ar.bcra.peso_deposits_at_bcra,19
2018-03-13,297381.0,series.ar.bcra.peso_deposits_at_bcra,19
2018-03-14,315781.0,series.ar.bcra.peso_deposits_at_bcra,19
2018-03-15,264436.0,series.ar.bcra.peso_deposits_at_bcra,19
2018-03-16,228096.0,series.ar.bcra.peso_deposits_at_bcra,19
2018-03-19,229349.0,series.ar.bcra.peso_deposits_at_bcra,19
2018-03-20,211599.0,series.ar.bcra.peso_deposits_at_bcra,19
2018-03-21,246783.0,series.ar.bcra.peso_deposits_at_bcra,19
2018-03-22,247897.0,series.ar.bcra.peso_deposits_at_bcra,19
2018-03-23,256756.0,series.ar.bcra.peso_deposits_at_bcra,19
2018-03-26,256255.0,series.ar.bcra.peso_deposits_at_bcra,19
2018-03-27,236834.0,series.ar.bcra.peso_deposits_at_bcra,19
2018-03-28,240345.0,series.ar.bcra.peso_deposits_at_bcra,19
2018-04-03,324335.0,series.ar.bcra.peso_deposits_at_bcra,19
2018-04-04,325062.0,series.ar.bcra.peso_deposits_at_bcra,19
2018-04-05,295317.0,series.ar.bcra.peso_deposits_at_bcra,19
2018-04-06,279134.0,series.ar.bcra.peso_deposits_at_bcra,19
2018-04-09,263955.0,series.ar.bcra.peso_deposits_at_bcra,19
2018-04-10,260905.0,series.ar.bcra.peso_deposits_at_bcra,19
2018-04-11,275090.0,series.ar.bcra.peso_deposits_at_bcra,19
2018-04-12,269472.0,series.ar.bcra.peso_deposits_at_bcra,19
2018-04-13,260801.0,series.ar.bcra.peso_deposits_at_bcra,19
2018-04-16,232756.0,series.ar.bcra.peso_deposits_at_bcra,19
2018-04-17,244268.0,series.ar.bcra.peso_deposits_at_bcra,19
2018-04-18,310497.0,series.ar.bcra.peso_deposits_at_bcra,19
2018-04-19,288992.0,series.ar.bcra.peso_deposits_at_bcra,19
2018-04-20,276594.0,series.ar.bcra.peso_deposits_at_bcra,19
2018-04-23,279928.0,series.ar.bcra.peso_deposits_at_bcra,19
2018-04-24,265290.0,series.ar.bcra.peso_deposits_at_bcra,19
2018-04-25,253887.0,series.ar.bcra.peso_deposits_at_bcra,19
2018-04-26,268188.0,series.ar.bcra.peso_deposits_at_bcra,19
2018-04-27,256164.0,series.ar.bcra.peso_deposits_at_bcra,19
2018-05-02,310551.0,series.ar.bcra.peso_deposits_at_bcra,19
2018-05-03,300819.0,series.ar.bcra.peso_deposits_at_bcra,19
2018-05-04,304015.0,series.ar.bcra.peso_deposits_at_bcra,19
2018-05-07,274825.0,series.ar.bcra.peso_deposits_at_bcra,19
2018-05-08,255451.0,series.ar.bcra.peso_deposits_at_bcra,19
2018-05-09,256776.0,series.ar.bcra.peso_deposits_at_bcra,19
2018-05-10,265411.0,series.ar.bcra.peso_deposits_at_bcra,19
2018-05-11,287615.0,series.ar.bcra.peso_deposits_at_bcra,19
2018-05-14,312580.0,series.ar.bcra.peso_deposits_at_bcra,19
2018-05-15,314745.0,series.ar.bcra.peso_deposits_at_bcra,19
2018-05-16,346163.0,series.ar.bcra.peso_deposits_at_bcra,19
2018-05-17,334561.0,series.ar.bcra.peso_deposits_at_bcra,19
2018-05-18,310000.0,series.ar.bcra.peso_deposits_at_bcra,19
2018-05-21,292740.0,series.ar.bcra.peso_deposits_at_bcra,19
2018-05-22,265390.0,series.ar.bcra.peso_deposits_at_bcra,19
2018-05-23,260060.0,series.ar.bcra.peso_deposits_at_bcra,19
2018-05-24,240231.0,series.ar.bcra.peso_deposits_at_bcra,19
2018-05-28,261386.0,series.ar.bcra.peso_deposits_at_bcra,19
2018-05-29,250751.0,series.ar.bcra.peso_deposits_at_bcra,19
2018-05-30,277011.0,series.ar.bcra.peso_deposits_at_bcra,19
2018-05-31,289419.0,series.ar.bcra.peso_deposits_at_bcra,19
2018-06-01,306358.0,series.ar.bcra.peso_deposits_at_bcra,19
2018-06-04,319351.0,series.ar.bcra.peso_deposits_at_bcra,19
2018-06-05,323047.0,series.ar.bcra.peso_deposits_at_bcra,19
2018-06-06,322972.0,series.ar.bcra.peso_deposits_at_bcra,19
2018-06-07,322053.0,series.ar.bcra.peso_deposits_at_bcra,19
2018-06-08,284945.0,series.ar.bcra.peso_deposits_at_bcra,19
2018-06-11,287381.0,series.ar.bcra.peso_deposits_at_bcra,19
2018-06-12,291359.0,series.ar.bcra.peso_deposits_at_bcra,19
2018-06-13,290904.0,series.ar.bcra.peso_deposits_at_bcra,19
2018-06-14,300925.0,series.ar.bcra.peso_deposits_at_bcra,19
2018-06-15,309289.0,series.ar.bcra.peso_deposits_at_bcra,19
2018-06-18,300653.0,series.ar.bcra.peso_deposits_at_bcra,19
2018-06-19,292134.0,series.ar.bcra.peso_deposits_at_bcra,19
2018-06-21,474909.0,series.ar.bcra.peso_deposits_at_bcra,19
2018-06-22,403256.0,series.ar.bcra.peso_deposits_at_bcra,19
2018-06-25,405502.0,series.ar.bcra.peso_deposits_at_bcra,19
2018-06-26,338404.0,series.ar.bcra.peso_deposits_at_bcra,19
2018-06-27,300550.0,series.ar.bcra.peso_deposits_at_bcra,19
2018-06-28,279916.0,series.ar.bcra.peso_deposits_at_bcra,19
2018-06-29,288179.0,series.ar.bcra.peso_deposits_at_bcra,19
2018-07-02,376941.0,series.ar.bcra.peso_deposits_at_bcra,19
2018-07-03,328241.0,series.ar.bcra.peso_deposits_at_bcra,19
2018-07-04,338503.0,series.ar.bcra.peso_deposits_at_bcra,19
2018-07-05,375502.0,series.ar.bcra.peso_deposits_at_bcra,19
2018-07-06,334445.0,series.ar.bcra.peso_deposits_at_bcra,19
2018-07-10,315191.0,series.ar.bcra.peso_deposits_at_bcra,19
2018-07-11,302865.0,series.ar.bcra.peso_deposits_at_bcra,19
2018-07-12,289086.0,series.ar.bcra.peso_deposits_at_bcra,19
2018-07-13,304529.0,series.ar.bcra.peso_deposits_at_bcra,19
2018-07-16,284200.0,series.ar.bcra.peso_deposits_at_bcra,19
2018-07-17,288042.0,series.ar.bcra.peso_deposits_at_bcra,19
2018-07-18,442594.0,series.ar.bcra.peso_deposits_at_bcra,19
2018-07-19,422579.0,series.ar.bcra.peso_deposits_at_bcra,19
2018-07-20,377796.0,series.ar.bcra.peso_deposits_at_bcra,19
2018-07-23,380844.0,series.ar.bcra.peso_deposits_at_bcra,19
2018-07-24,353967.0,series.ar.bcra.peso_deposits_at_bcra,19
2018-07-25,331495.0,series.ar.bcra.peso_deposits_at_bcra,19
2018-07-26,353632.0,series.ar.bcra.peso_deposits_at_bcra,19
2018-07-27,335495.0,series.ar.bcra.peso_deposits_at_bcra,19
2018-07-30,323172.0,series.ar.bcra.peso_deposits_at_bcra,19
2018-07-31,303730.0,series.ar.bcra.peso_deposits_at_bcra,19
2018-08-01,354238.0,series.ar.bcra.peso_deposits_at_bcra,19
2018-08-02,370024.0,series.ar.bcra.peso_deposits_at_bcra,19
2018-08-03,387710.0,series.ar.bcra.peso_deposits_at_bcra,19
2018-08-06,392732.0,series.ar.bcra.peso_deposits_at_bcra,19
2018-08-07,392800.0,series.ar.bcra.peso_deposits_at_bcra,19
2018-08-08,391809.0,series.ar.bcra.peso_deposits_at_bcra,19
2018-08-09,382803.0,series.ar.bcra.peso_deposits_at_bcra,19
2018-08-10,382696.0,series.ar.bcra.peso_deposits_at_bcra,19
2018-08-13,383435.0,series.ar.bcra.peso_deposits_at_bcra,19
2018-08-14,359117.0,series.ar.bcra.peso_deposits_at_bcra,19
2018-08-15,543343.0,series.ar.bcra.peso_deposits_at_bcra,19
2018-08-16,514231.0,series.ar.bcra.peso_deposits_at_bcra,19
2018-08-17,467637.0,series.ar.bcra.peso_deposits_at_bcra,19
2018-08-21,471418.0,series.ar.bcra.peso_deposits_at_bcra,19
2018-08-22,484912.0,series.ar.bcra.peso_deposits_at_bcra,19
2018-08-23,483345.0,series.ar.bcra.peso_deposits_at_bcra,19
2018-08-24,473452.0,series.ar.bcra.peso_deposits_at_bcra,19
2018-08-27,444351.0,series.ar.bcra.peso_deposits_at_bcra,19
2018-08-28,449206.0,series.ar.bcra.peso_deposits_at_bcra,19
2018-08-29,486177.0,series.ar.bcra.peso_deposits_at_bcra,19
2018-08-30,468981.0,series.ar.bcra.peso_deposits_at_bcra,19
2018-08-31,447419.0,series.ar.bcra.peso_deposits_at_bcra,19
2018-09-03,472712.0,series.ar.bcra.peso_deposits_at_bcra,19
2018-09-04,474045.0,series.ar.bcra.peso_deposits_at_bcra,19
2018-09-05,491854.0,series.ar.bcra.peso_deposits_at_bcra,19
2018-09-06,536718.0,series.ar.bcra.peso_deposits_at_bcra,19
2018-09-07,563468.0,series.ar.bcra.peso_deposits_at_bcra,19
2018-09-10,548332.0,series.ar.bcra.peso_deposits_at_bcra,19
2018-09-11,543331.0,series.ar.bcra.peso_deposits_at_bcra,19
2018-09-12,533205.0,series.ar.bcra.peso_deposits_at_bcra,19
2018-09-13,535825.0,series.ar.bcra.peso_deposits_at_bcra,19
2018-09-14,535403.0,series.ar.bcra.peso_deposits_at_bcra,19
2018-09-17,493329.0,series.ar.bcra.peso_deposits_at_bcra,19
2018-09-18,475453.0,series.ar.bcra.peso_deposits_at_bcra,19
2018-09-19,609759.0,series.ar.bcra.peso_deposits_at_bcra,19
2018-09-20,542972.0,series.ar.bcra.peso_deposits_at_bcra,19
2018-09-21,473704.0,series.ar.bcra.peso_deposits_at_bcra,19
2018-09-24,465831.0,series.ar.bcra.peso_deposits_at_bcra,19
2018-09-25,510728.0,series.ar.bcra.peso_deposits_at_bcra,19
2018-09-26,512589.0,series.ar.bcra.peso_deposits_at_bcra,19
2018-09-27,523268.0,series.ar.bcra.peso_deposits_at_bcra,19
2018-09-28,496336.0,series.ar.bcra.peso_deposits_at_bcra,19
2018-10-01,532512.0,series.ar.bcra.peso_deposits_at_bcra,19
2018-10-02,485422.0,series.ar.bcra.peso_deposits_at_bcra,19
2018-10-03,493931.0,series.ar.bcra.peso_deposits_at_bcra,19
2018-10-04,503702.0,series.ar.bcra.peso_deposits_at_bcra,19
2018-10-05,526584.0,series.ar.bcra.peso_deposits_at_bcra,19
2018-10-08,513345.0,series.ar.bcra.peso_deposits_at_bcra,19
2018-10-09,503739.0,series.ar.bcra.peso_deposits_at_bcra,19
2018-10-10,506103.0,series.ar.bcra.peso_deposits_at_bcra,19
2018-10-11,505181.0,series.ar.bcra.peso_deposits_at_bcra,19
2018-10-12,487971.0,series.ar.bcra.peso_deposits_at_bcra,19
2018-10-16,499345.0,series.ar.bcra.peso_deposits_at_bcra,19
2018-10-17,569545.0,series.ar.bcra.peso_deposits_at_bcra,19
2018-10-18,510895.0,series.ar.bcra.peso_deposits_at_bcra,19
2018-10-19,477347.0,series.ar.bcra.peso_deposits_at_bcra,19
2018-10-22,474378.0,series.ar.bcra.peso_deposits_at_bcra,19
2018-10-23,487109.0,series.ar.bcra.peso_deposits_at_bcra,19
2018-10-24,526443.0,series.ar.bcra.peso_deposits_at_bcra,19
2018-10-25,523864.0,series.ar.bcra.peso_deposits_at_bcra,19
2018-10-26,535027.0,series.ar.bcra.peso_deposits_at_bcra,19
2018-10-29,509217.0,series.ar.bcra.peso_deposits_at_bcra,19
2018-10-30,493185.0,series.ar.bcra.peso_deposits_at_bcra,19
2018-10-31,415992.0,series.ar.bcra.peso_deposits_at_bcra,19
2018-11-01,504721.0,series.ar.bcra.peso_deposits_at_bcra,19
2018-11-02,491505.0,series.ar.bcra.peso_deposits_at_bcra,19
2018-11-05,433219.0,series.ar.bcra.peso_deposits_at_bcra,19
2018-11-07,533166.0,series.ar.bcra.peso_deposits_at_bcra,19
2018-11-08,532950.0,series.ar.bcra.peso_deposits_at_bcra,19
2018-11-09,533471.0,series.ar.bcra.peso_deposits_at_bcra,19
2018-11-12,507213.0,series.ar.bcra.peso_deposits_at_bcra,19
2018-11-13,449993.0,series.ar.bcra.peso_deposits_at_bcra,19
2018-11-14,443915.0,series.ar.bcra.peso_deposits_at_bcra,19
2018-11-15,438999.0,series.ar.bcra.peso_deposits_at_bcra,19
2018-11-16,450400.0,series.ar.bcra.peso_deposits_at_bcra,19
2018-11-20,470560.0,series.ar.bcra.peso_deposits_at_bcra,19
2018-11-21,563399.0,series.ar.bcra.peso_deposits_at_bcra,19
2018-11-22,582722.0,series.ar.bcra.peso_deposits_at_bcra,19
2018-11-23,651627.0,series.ar.bcra.peso_deposits_at_bcra,19
2018-11-26,651912.0,series.ar.bcra.peso_deposits_at_bcra,19
2018-11-27,609032.0,series.ar.bcra.peso_deposits_at_bcra,19
2018-11-28,583263.0,series.ar.bcra.peso_deposits_at_bcra,19
2018-11-29,504439.0,series.ar.bcra.peso_deposits_at_bcra,19
2018-12-03,509445.0,series.ar.bcra.peso_deposits_at_bcra,19
2018-12-04,480380.0,series.ar.bcra.peso_deposits_at_bcra,19
2018-12-05,449685.0,series.ar.bcra.peso_deposits_at_bcra,19
2018-12-06,454912.0,series.ar.bcra.peso_deposits_at_bcra,19
2018-12-07,477063.0,series.ar.bcra.peso_deposits_at_bcra,19
2018-12-10,514190.0,series.ar.bcra.peso_deposits_at_bcra,19
2018-12-11,535280.0,series.ar.bcra.peso_deposits_at_bcra,19
2018-12-12,556418.0,series.ar.bcra.peso_deposits_at_bcra,19
2018-12-13,580576.0,series.ar.bcra.peso_deposits_at_bcra,19
2018-12-14,611698.0,series.ar.bcra.peso_deposits_at_bcra,19
2018-12-17,607199.0,series.ar.bcra.peso_deposits_at_bcra,19
2018-12-18,581051.0,series.ar.bcra.peso_deposits_at_bcra,19
2018-12-19,592299.0,series.ar.bcra.peso_deposits_at_bcra,19
2018-12-20,569689.0,series.ar.bcra.peso_deposits_at_bcra,19
2018-12-21,565702.0,series.ar.bcra.peso_deposits_at_bcra,19
2018-12-26,553366.0,series.ar.bcra.peso_deposits_at_bcra,19
2018-12-27,530134.0,series.ar.bcra.peso_deposits_at_bcra,19
2018-12-28,549441.0,series.ar.bcra.peso_deposits_at_bcra,19
2019-01-02,525096.0,series.ar.bcra.peso_deposits_at_bcra,19
2019-01-03,494590.0,series.ar.bcra.peso_deposits_at_bcra,19
2019-01-04,486492.0,series.ar.bcra.peso_deposits_at_bcra,19
2019-01-07,475785.0,series.ar.bcra.peso_deposits_at_bcra,19
2019-01-08,486048.0,series.ar.bcra.peso_deposits_at_bcra,19
2019-01-09,464551.0,series.ar.bcra.peso_deposits_at_bcra,19
2019-01-10,469383.0,series.ar.bcra.peso_deposits_at_bcra,19
2019-01-11,463033.0,series.ar.bcra.peso_deposits_at_bcra,19
2019-01-14,491444.0,series.ar.bcra.peso_deposits_at_bcra,19
2019-01-15,498718.0,series.ar.bcra.peso_deposits_at_bcra,19
2019-01-16,496311.0,series.ar.bcra.peso_deposits_at_bcra,19
2019-01-17,507225.0,series.ar.bcra.peso_deposits_at_bcra,19
2019-01-18,485066.0,series.ar.bcra.peso_deposits_at_bcra,19
2019-01-21,500089.0,series.ar.bcra.peso_deposits_at_bcra,19
2019-01-22,521675.0,series.ar.bcra.peso_deposits_at_bcra,19
2019-01-23,537485.0,series.ar.bcra.peso_deposits_at_bcra,19
2019-01-24,549852.0,series.ar.bcra.peso_deposits_at_bcra,19
2019-01-25,556804.0,series.ar.bcra.peso_deposits_at_bcra,19
2019-01-28,557902.0,series.ar.bcra.peso_deposits_at_bcra,19
2019-01-29,581921.0,series.ar.bcra.peso_deposits_at_bcra,19
2019-01-30,574878.0,series.ar.bcra.peso_deposits_at_bcra,19
2019-01-31,545695.0,series.ar.bcra.peso_deposits_at_bcra,19
2019-02-01,632618.0,series.ar.bcra.peso_deposits_at_bcra,19
2019-02-04,598043.0,series.ar.bcra.peso_deposits_at_bcra,19
2019-02-05,571039.0,series.ar.bcra.peso_deposits_at_bcra,19
2019-02-06,558165.0,series.ar.bcra.peso_deposits_at_bcra,19
2019-02-07,525679.0,series.ar.bcra.peso_deposits_at_bcra,19
2019-02-08,513040.0,series.ar.bcra.peso_deposits_at_bcra,19
2019-02-11,502069.0,series.ar.bcra.peso_deposits_at_bcra,19
2019-02-12,502894.0,series.ar.bcra.peso_deposits_at_bcra,19
2019-02-13,482732.0,series.ar.bcra.peso_deposits_at_bcra,19
2019-02-14,486031.0,series.ar.bcra.peso_deposits_at_bcra,19
2019-02-15,491917.0,series.ar.bcra.peso_deposits_at_bcra,19
2019-02-18,497497.0,series.ar.bcra.peso_deposits_at_bcra,19
2019-02-19,511430.0,series.ar.bcra.peso_deposits_at_bcra,19
2019-02-20,502633.0,series.ar.bcra.peso_deposits_at_bcra,19
2019-02-21,502425.0,series.ar.bcra.peso_deposits_at_bcra,19
2019-02-22,520541.0,series.ar.bcra.peso_deposits_at_bcra,19
2019-02-25,557335.0,series.ar.bcra.peso_deposits_at_bcra,19
2019-02-26,577344.0,series.ar.bcra.peso_deposits_at_bcra,19
2019-02-27,603074.0,series.ar.bcra.peso_deposits_at_bcra,19
2019-02-28,596972.0,series.ar.bcra.peso_deposits_at_bcra,19
2019-03-01,591409.0,series.ar.bcra.peso_deposits_at_bcra,19
2019-03-06,551134.0,series.ar.bcra.peso_deposits_at_bcra,19
2019-03-07,487901.0,series.ar.bcra.peso_deposits_at_bcra,19
2019-03-08,470295.0,series.ar.bcra.peso_deposits_at_bcra,19
2019-03-11,438865.0,series.ar.bcra.peso_deposits_at_bcra,19
2019-03-12,442239.0,series.ar.bcra.peso_deposits_at_bcra,19
2019-03-13,446405.0,series.ar.bcra.peso_deposits_at_bcra,19
2019-03-14,471557.0,series.ar.bcra.peso_deposits_at_bcra,19
2019-03-15,477204.0,series.ar.bcra.peso_deposits_at_bcra,19
2019-03-18,476863.0,series.ar.bcra.peso_deposits_at_bcra,19
2019-03-19,472126.0,series.ar.bcra.peso_deposits_at_bcra,19
2019-03-20,469316.0,series.ar.bcra.peso_deposits_at_bcra,19
2019-03-21,486095.0,series.ar.bcra.peso_deposits_at_bcra,19
2019-03-22,488776.0,series.ar.bcra.peso_deposits_at_bcra,19
2019-03-25,497857.0,series.ar.bcra.peso_deposits_at_bcra,19
2019-03-26,520151.0,series.ar.bcra.peso_deposits_at_bcra,19
2019-03-27,528599.0,series.ar.bcra.peso_deposits_at_bcra,19
2019-03-28,530287.0,series.ar.bcra.peso_deposits_at_bcra,19
2019-03-29,546526.0,series.ar.bcra.peso_deposits_at_bcra,19
2019-04-01,554020.0,series.ar.bcra.peso_deposits_at_bcra,19
2019-04-03,537067.0,series.ar.bcra.peso_deposits_at_bcra,19
2019-04-04,531754.0,series.ar.bcra.peso_deposits_at_bcra,19
2019-04-05,502554.0,series.ar.bcra.peso_deposits_at_bcra,19
2019-04-08,471714.0,series.ar.bcra.peso_deposits_at_bcra,19
2019-04-09,471590.0,series.ar.bcra.peso_deposits_at_bcra,19
2019-04-10,475591.0,series.ar.bcra.peso_deposits_at_bcra,19
2019-04-11,483806.0,series.ar.bcra.peso_deposits_at_bcra,19
2019-04-12,502696.0,series.ar.bcra.peso_deposits_at_bcra,19
2019-04-15,497368.0,series.ar.bcra.peso_deposits_at_bcra,19
2019-04-16,485561.0,series.ar.bcra.peso_deposits_at_bcra,19
2019-04-17,440617.0,series.ar.bcra.peso_deposits_at_bcra,19
2019-04-22,449296.0,series.ar.bcra.peso_deposits_at_bcra,19
2019-04-23,472316.0,series.ar.bcra.peso_deposits_at_bcra,19
2019-04-24,504805.0,series.ar.bcra.peso_deposits_at_bcra,19
2019-04-25,541203.0,series.ar.bcra.peso_deposits_at_bcra,19
2019-04-26,603796.0,series.ar.bcra.peso_deposits_at_bcra,19
2019-04-29,592060.0,series.ar.bcra.peso_deposits_at_bcra,19
2019-04-30,584963.0,series.ar.bcra.peso_deposits_at_bcra,19
2019-05-02,575549.0,series.ar.bcra.peso_deposits_at_bcra,19
2019-05-03,571936.0,series.ar.bcra.peso_deposits_at_bcra,19
2019-05-06,546219.0,series.ar.bcra.peso_deposits_at_bcra,19
2019-05-07,543640.0,series.ar.bcra.peso_deposits_at_bcra,19
2019-05-08,498789.0,series.ar.bcra.peso_deposits_at_bcra,19
2019-05-09,474141.0,series.ar.bcra.peso_deposits_at_bcra,19
2019-05-10,455367.0,series.ar.bcra.peso_deposits_at_bcra,19
2019-05-13,477726.0,series.ar.bcra.peso_deposits_at_bcra,19
2019-05-14,502172.0,series.ar.bcra.peso_deposits_at_bcra,19
2019-05-15,521041.0,series.ar.bcra.peso_deposits_at_bcra,19
2019-05-16,520895.0,series.ar.bcra.peso_deposits_at_bcra,19
2019-05-17,527436.0,series.ar.bcra.peso_deposits_at_bcra,19
2019-05-20,516849.0,series.ar.bcra.peso_deposits_at_bcra,19
2019-05-21,501818.0,series.ar.bcra.peso_deposits_at_bcra,19
2019-05-22,515349.0,series.ar.bcra.peso_deposits_at_bcra,19
2019-05-23,530156.0,series.ar.bcra.peso_deposits_at_bcra,19
2019-05-24,500375.0,series.ar.bcra.peso_deposits_at_bcra,19
2019-05-27,516883.0,series.ar.bcra.peso_deposits_at_bcra,19
2019-05-28,520053.0,series.ar.bcra.peso_deposits_at_bcra,19
2019-05-29,524422.0,series.ar.bcra.peso_deposits_at_bcra,19
2019-05-30,523949.0,series.ar.bcra.peso_deposits_at_bcra,19
2019-05-31,532109.0,series.ar.bcra.peso_deposits_at_bcra,19
2019-06-03,576139.0,series.ar.bcra.peso_deposits_at_bcra,19
2019-06-04,558175.0,series.ar.bcra.peso_deposits_at_bcra,19
2019-06-05,512568.0,series.ar.bcra.peso_deposits_at_bcra,19
2019-06-06,447299.0,series.ar.bcra.peso_deposits_at_bcra,19
2019-06-07,451229.0,series.ar.bcra.peso_deposits_at_bcra,19
2019-06-10,451689.0,series.ar.bcra.peso_deposits_at_bcra,19
2019-06-11,452941.0,series.ar.bcra.peso_deposits_at_bcra,19
2019-06-12,474465.0,series.ar.bcra.peso_deposits_at_bcra,19
2019-06-13,468220.0,series.ar.bcra.peso_deposits_at_bcra,19
2019-06-14,470339.0,series.ar.bcra.peso_deposits_at_bcra,19
2019-06-18,488287.0,series.ar.bcra.peso_deposits_at_bcra,19
2019-06-19,489784.0,series.ar.bcra.peso_deposits_at_bcra,19
2019-06-21,481375.0,series.ar.bcra.peso_deposits_at_bcra,19
2019-06-24,494025.0,series.ar.bcra.peso_deposits_at_bcra,19
2019-06-25,510057.0,series.ar.bcra.peso_deposits_at_bcra,19
2019-06-26,542997.0,series.ar.bcra.peso_deposits_at_bcra,19
2019-06-27,534976.0,series.ar.bcra.peso_deposits_at_bcra,19
2019-06-28,503343.0,series.ar.bcra.peso_deposits_at_bcra,19
2019-07-01,530067.0,series.ar.bcra.peso_deposits_at_bcra,19
2019-07-02,490624.0,series.ar.bcra.peso_deposits_at_bcra,19
2019-07-03,421309.0,series.ar.bcra.peso_deposits_at_bcra,19
2019-07-04,428288.0,series.ar.bcra.peso_deposits_at_bcra,19
2019-07-05,425644.0,series.ar.bcra.peso_deposits_at_bcra,19
2019-07-10,416677.0,series.ar.bcra.peso_deposits_at_bcra,19
2019-07-11,429767.0,series.ar.bcra.peso_deposits_at_bcra,19
2019-07-12,424670.0,series.ar.bcra.peso_deposits_at_bcra,19
2019-07-15,455577.0,series.ar.bcra.peso_deposits_at_bcra,19
2019-07-16,471615.0,series.ar.bcra.peso_deposits_at_bcra,19
2019-07-17,494262.0,series.ar.bcra.peso_deposits_at_bcra,19
2019-07-18,519978.0,series.ar.bcra.peso_deposits_at_bcra,19
2019-07-19,544075.0,series.ar.bcra.peso_deposits_at_bcra,19
2019-07-22,503597.0,series.ar.bcra.peso_deposits_at_bcra,19
2019-07-23,524244.0,series.ar.bcra.peso_deposits_at_bcra,19
2019-07-24,529462.0,series.ar.bcra.peso_deposits_at_bcra,19
2019-07-25,549049.0,series.ar.bcra.peso_deposits_at_bcra,19
2019-07-26,525590.0,series.ar.bcra.peso_deposits_at_bcra,19
2019-07-29,481160.0,series.ar.bcra.peso_deposits_at_bcra,19
2019-07-30,429107.0,series.ar.bcra.peso_deposits_at_bcra,19
2019-07-31,441497.0,series.ar.bcra.peso_deposits_at_bcra,19
2019-08-01,411794.0,series.ar.bcra.peso_deposits_at_bcra,19
2019-08-02,417022.0,series.ar.bcra.peso_deposits_at_bcra,19
2019-08-05,440193.0,series.ar.bcra.peso_deposits_at_bcra,19
2019-08-06,437032.0,series.ar.bcra.peso_deposits_at_bcra,19
2019-08-07,439542.0,series.ar.bcra.peso_deposits_at_bcra,19
2019-08-08,438491.0,series.ar.bcra.peso_deposits_at_bcra,19
2019-08-09,424870.0,series.ar.bcra.peso_deposits_at_bcra,19
2019-08-12,568105.0,series.ar.bcra.peso_deposits_at_bcra,19
2019-08-13,549702.0,series.ar.bcra.peso_deposits_at_bcra,19
2019-08-14,447245.0,series.ar.bcra.peso_deposits_at_bcra,19
2019-08-15,430243.0,series.ar.bcra.peso_deposits_at_bcra,19
2019-08-16,344315.0,series.ar.bcra.peso_deposits_at_bcra,19
2019-08-20,334232.0,series.ar.bcra.peso_deposits_at_bcra,19
2019-08-21,377149.0,series.ar.bcra.peso_deposits_at_bcra,19
2019-08-22,393728.0,series.ar.bcra.peso_deposits_at_bcra,19
2019-08-23,348560.0,series.ar.bcra.peso_deposits_at_bcra,19
2019-08-26,400899.0,series.ar.bcra.peso_deposits_at_bcra,19
2019-08-27,348620.0,series.ar.bcra.peso_deposits_at_bcra,19
2019-08-28,375072.0,series.ar.bcra.peso_deposits_at_bcra,19
2019-08-29,431897.0,series.ar.bcra.peso_deposits_at_bcra,19
2019-08-30,391735.0,series.ar.bcra.peso_deposits_at_bcra,19
2019-09-02,668420.0,series.ar.bcra.peso_deposits_at_bcra,19
2019-09-03,617589.0,series.ar.bcra.peso_deposits_at_bcra,19
2019-09-04,576308.0,series.ar.bcra.peso_deposits_at_bcra,19
2019-09-05,538189.0,series.ar.bcra.peso_deposits_at_bcra,19
2019-09-06,495793.0,series.ar.bcra.peso_deposits_at_bcra,19
2019-09-09,400965.0,series.ar.bcra.peso_deposits_at_bcra,19
2019-09-10,412617.0,series.ar.bcra.peso_deposits_at_bcra,19
2019-09-11,433499.0,series.ar.bcra.peso_deposits_at_bcra,19
2019-09-12,424786.0,series.ar.bcra.peso_deposits_at_bcra,19
2019-09-13,394422.0,series.ar.bcra.peso_deposits_at_bcra,19
2019-09-16,366220.0,series.ar.bcra.peso_deposits_at_bcra,19
2019-09-17,381683.0,series.ar.bcra.peso_deposits_at_bcra,19
2019-09-18,359066.0,series.ar.bcra.peso_deposits_at_bcra,19
2019-09-19,360272.0,series.ar.bcra.peso_deposits_at_bcra,19
2019-09-20,379594.0,series.ar.bcra.peso_deposits_at_bcra,19
2019-09-23,369051.0,series.ar.bcra.peso_deposits_at_bcra,19
2019-09-24,351199.0,series.ar.bcra.peso_deposits_at_bcra,19
2019-09-25,367431.0,series.ar.bcra.peso_deposits_at_bcra,19
2019-09-26,362898.0,series.ar.bcra.peso_deposits_at_bcra,19
2019-09-27,363828.0,series.ar.bcra.peso_deposits_at_bcra,19
2019-09-30,385271.0,series.ar.bcra.peso_deposits_at_bcra,19
2019-10-01,408460.0,series.ar.bcra.peso_deposits_at_bcra,19
2019-10-02,391536.0,series.ar.bcra.peso_deposits_at_bcra,19
2019-10-03,398189.0,series.ar.bcra.peso_deposits_at_bcra,19
2019-10-04,396621.0,series.ar.bcra.peso_deposits_at_bcra,19
2019-10-07,386538.0,series.ar.bcra.peso_deposits_at_bcra,19
2019-10-08,377262.0,series.ar.bcra.peso_deposits_at_bcra,19
2019-10-09,408354.0,series.ar.bcra.peso_deposits_at_bcra,19
2019-10-10,384325.0,series.ar.bcra.peso_deposits_at_bcra,19
2019-10-11,414813.0,series.ar.bcra.peso_deposits_at_bcra,19
2019-10-15,436274.0,series.ar.bcra.peso_deposits_at_bcra,19
2019-10-16,440000.0,series.ar.bcra.peso_deposits_at_bcra,19
2019-10-17,442907.0,series.ar.bcra.peso_deposits_at_bcra,19
2019-10-18,443090.0,series.ar.bcra.peso_deposits_at_bcra,19
2019-10-21,478642.0,series.ar.bcra.peso_deposits_at_bcra,19
2019-10-22,497275.0,series.ar.bcra.peso_deposits_at_bcra,19
2019-10-23,537631.0,series.ar.bcra.peso_deposits_at_bcra,19
2019-10-24,521178.0,series.ar.bcra.peso_deposits_at_bcra,19
2019-10-25,563648.0,series.ar.bcra.peso_deposits_at_bcra,19
2019-10-28,503601.0,series.ar.bcra.peso_deposits_at_bcra,19
2019-10-29,498622.0,series.ar.bcra.peso_deposits_at_bcra,19
2019-10-30,537645.0,series.ar.bcra.peso_deposits_at_bcra,19
2019-10-31,469216.0,series.ar.bcra.peso_deposits_at_bcra,19
2019-11-01,527822.0,series.ar.bcra.peso_deposits_at_bcra,19
2019-11-04,508969.0,series.ar.bcra.peso_deposits_at_bcra,19
2019-11-05,482082.0,series.ar.bcra.peso_deposits_at_bcra,19
2019-11-07,488543.0,series.ar.bcra.peso_deposits_at_bcra,19
2019-11-08,517632.0,series.ar.bcra.peso_deposits_at_bcra,19
2019-11-11,574577.0,series.ar.bcra.peso_deposits_at_bcra,19
2019-11-12,627254.0,series.ar.bcra.peso_deposits_at_bcra,19
2019-11-13,641062.0,series.ar.bcra.peso_deposits_at_bcra,19
2019-11-14,661067.0,series.ar.bcra.peso_deposits_at_bcra,19
2019-11-15,671256.0,series.ar.bcra.peso_deposits_at_bcra,19
2019-11-19,667557.0,series.ar.bcra.peso_deposits_at_bcra,19
2019-11-20,679779.0,series.ar.bcra.peso_deposits_at_bcra,19
2019-11-21,710235.0,series.ar.bcra.peso_deposits_at_bcra,19
2019-11-22,724019.0,series.ar.bcra.peso_deposits_at_bcra,19
2019-11-25,786423.0,series.ar.bcra.peso_deposits_at_bcra,19
2019-11-26,731851.0,series.ar.bcra.peso_deposits_at_bcra,19
2019-11-27,731479.0,series.ar.bcra.peso_deposits_at_bcra,19
2019-11-28,762130.0,series.ar.bcra.peso_deposits_at_bcra,19
2019-11-29,715486.0,series.ar.bcra.peso_deposits_at_bcra,19
2019-12-02,693338.0,series.ar.bcra.peso_deposits_at_bcra,19
2019-12-03,615916.0,series.ar.bcra.peso_deposits_at_bcra,19
2019-12-04,534540.0,series.ar.bcra.peso_deposits_at_bcra,19
2019-12-05,548616.0,series.ar.bcra.peso_deposits_at_bcra,19
2019-12-06,558965.0,series.ar.bcra.peso_deposits_at_bcra,19
2019-12-09,622507.0,series.ar.bcra.peso_deposits_at_bcra,19
2019-12-10,695645.0,series.ar.bcra.peso_deposits_at_bcra,19
2019-12-11,692630.0,series.ar.bcra.peso_deposits_at_bcra,19
2019-12-12,649921.0,series.ar.bcra.peso_deposits_at_bcra,19
2019-12-13,628785.0,series.ar.bcra.peso_deposits_at_bcra,19
2019-12-16,683216.0,series.ar.bcra.peso_deposits_at_bcra,19
2019-12-17,674878.0,series.ar.bcra.peso_deposits_at_bcra,19
2019-12-18,699622.0,series.ar.bcra.peso_deposits_at_bcra,19
2019-12-19,697732.0,series.ar.bcra.peso_deposits_at_bcra,19
2019-12-20,732477.0,series.ar.bcra.peso_deposits_at_bcra,19
2019-12-23,777183.0,series.ar.bcra.peso_deposits_at_bcra,19
2019-12-26,659232.0,series.ar.bcra.peso_deposits_at_bcra,19
2019-12-27,682029.0,series.ar.bcra.peso_deposits_at_bcra,19
2019-12-30,741976.0,series.ar.bcra.peso_deposits_at_bcra,19
2020-01-02,718409.0,series.ar.bcra.peso_deposits_at_bcra,19
2020-01-03,676805.0,series.ar.bcra.peso_deposits_at_bcra,19
2020-01-06,565586.0,series.ar.bcra.peso_deposits_at_bcra,19
2020-01-07,527732.0,series.ar.bcra.peso_deposits_at_bcra,19
2020-01-08,492604.0,series.ar.bcra.peso_deposits_at_bcra,19
2020-01-09,479627.0,series.ar.bcra.peso_deposits_at_bcra,19
2020-01-10,460008.0,series.ar.bcra.peso_deposits_at_bcra,19
2020-01-13,483620.0,series.ar.bcra.peso_deposits_at_bcra,19
2020-01-14,470351.0,series.ar.bcra.peso_deposits_at_bcra,19
2020-01-15,458532.0,series.ar.bcra.peso_deposits_at_bcra,19
2020-01-16,458861.0,series.ar.bcra.peso_deposits_at_bcra,19
2020-01-17,454246.0,series.ar.bcra.peso_deposits_at_bcra,19
2020-01-20,499396.0,series.ar.bcra.peso_deposits_at_bcra,19
2020-01-21,589694.0,series.ar.bcra.peso_deposits_at_bcra,19
2020-01-22,581539.0,series.ar.bcra.peso_deposits_at_bcra,19
2020-01-23,477025.0,series.ar.bcra.peso_deposits_at_bcra,19
2020-01-24,560688.0,series.ar.bcra.peso_deposits_at_bcra,19
2020-01-27,788564.0,series.ar.bcra.peso_deposits_at_bcra,19
2020-01-28,672561.0,series.ar.bcra.peso_deposits_at_bcra,19
2020-01-29,628453.0,series.ar.bcra.peso_deposits_at_bcra,19
2020-01-30,571950.0,series.ar.bcra.peso_deposits_at_bcra,19
2020-01-31,578476.0,series.ar.bcra.peso_deposits_at_bcra,19
2020-02-03,611467.0,series.ar.bcra.peso_deposits_at_bcra,19
2020-02-04,677547.0,series.ar.bcra.peso_deposits_at_bcra,19
2020-02-05,675597.0,series.ar.bcra.peso_deposits_at_bcra,19
2020-02-06,743168.0,series.ar.bcra.peso_deposits_at_bcra,19
2020-02-07,754879.0,series.ar.bcra.peso_deposits_at_bcra,19
2020-02-10,756269.0,series.ar.bcra.peso_deposits_at_bcra,19
2020-02-11,782094.0,series.ar.bcra.peso_deposits_at_bcra,19
2020-02-12,781826.0,series.ar.bcra.peso_deposits_at_bcra,19
2020-02-13,813965.0,series.ar.bcra.peso_deposits_at_bcra,19
2020-02-14,814321.0,series.ar.bcra.peso_deposits_at_bcra,19
2020-02-17,826348.0,series.ar.bcra.peso_deposits_at_bcra,19
2020-02-18,803084.0,series.ar.bcra.peso_deposits_at_bcra,19
2020-02-19,805120.0,series.ar.bcra.peso_deposits_at_bcra,19
2020-02-20,749364.0,series.ar.bcra.peso_deposits_at_bcra,19
2020-02-21,713694.0,series.ar.bcra.peso_deposits_at_bcra,19
2020-02-26,661951.0,series.ar.bcra.peso_deposits_at_bcra,19
2020-02-27,569522.0,series.ar.bcra.peso_deposits_at_bcra,19
2020-02-28,568090.0,series.ar.bcra.peso_deposits_at_bcra,19
2020-03-02,663650.0,series.ar.bcra.peso_deposits_at_bcra,19
2020-03-03,587793.0,series.ar.bcra.peso_deposits_at_bcra,19
2020-03-04,551219.0,series.ar.bcra.peso_deposits_at_bcra,19
2020-03-05,545565.0,series.ar.bcra.peso_deposits_at_bcra,19
2020-03-06,560383.0,series.ar.bcra.peso_deposits_at_bcra,19
2020-03-09,563614.0,series.ar.bcra.peso_deposits_at_bcra,19
2020-03-10,622309.0,series.ar.bcra.peso_deposits_at_bcra,19
2020-03-11,641829.0,series.ar.bcra.peso_deposits_at_bcra,19
2020-03-12,699195.0,series.ar.bcra.peso_deposits_at_bcra,19
2020-03-13,696649.0,series.ar.bcra.peso_deposits_at_bcra,19
2020-03-16,698173.0,series.ar.bcra.peso_deposits_at_bcra,19
2020-03-17,757353.0,series.ar.bcra.peso_deposits_at_bcra,19
2020-03-18,753810.0,series.ar.bcra.peso_deposits_at_bcra,19
2020-03-19,852644.0,series.ar.bcra.peso_deposits_at_bcra,19
2020-03-20,834467.0,series.ar.bcra.peso_deposits_at_bcra,19
2020-03-25,991708.0,series.ar.bcra.peso_deposits_at_bcra,19
2020-03-26,1088410.0,series.ar.bcra.peso_deposits_at_bcra,19
2020-03-27,985717.0,series.ar.bcra.peso_deposits_at_bcra,19
2020-03-30,1058760.0,series.ar.bcra.peso_deposits_at_bcra,19
2020-04-01,1145209.0,series.ar.bcra.peso_deposits_at_bcra,19
2020-04-02,1157964.0,series.ar.bcra.peso_deposits_at_bcra,19
2020-04-03,1139503.0,series.ar.bcra.peso_deposits_at_bcra,19
2020-04-06,1103790.0,series.ar.bcra.peso_deposits_at_bcra,19
2020-04-07,1124938.0,series.ar.bcra.peso_deposits_at_bcra,19
2020-04-08,1107808.0,series.ar.bcra.peso_deposits_at_bcra,19
2020-04-13,1098716.0,series.ar.bcra.peso_deposits_at_bcra,19
2020-04-14,1097358.0,series.ar.bcra.peso_deposits_at_bcra,19
2020-04-15,1094526.0,series.ar.bcra.peso_deposits_at_bcra,19
2020-04-16,1080979.0,series.ar.bcra.peso_deposits_at_bcra,19
2020-04-17,587612.0,series.ar.bcra.peso_deposits_at_bcra,19
2020-04-20,584066.0,series.ar.bcra.peso_deposits_at_bcra,19
2020-04-21,560893.0,series.ar.bcra.peso_deposits_at_bcra,19
2020-04-22,535795.0,series.ar.bcra.peso_deposits_at_bcra,19
2020-04-23,520672.0,series.ar.bcra.peso_deposits_at_bcra,19
2020-04-24,460684.0,series.ar.bcra.peso_deposits_at_bcra,19
2020-04-27,522231.0,series.ar.bcra.peso_deposits_at_bcra,19
2020-04-28,474557.0,series.ar.bcra.peso_deposits_at_bcra,19
2020-04-29,414315.0,series.ar.bcra.peso_deposits_at_bcra,19
2020-04-30,492924.0,series.ar.bcra.peso_deposits_at_bcra,19
2020-05-04,1027497.0,series.ar.bcra.peso_deposits_at_bcra,19
2020-05-05,1066421.0,series.ar.bcra.peso_deposits_at_bcra,19
2020-05-06,954812.0,series.ar.bcra.peso_deposits_at_bcra,19
2020-05-07,889233.0,series.ar.bcra.peso_deposits_at_bcra,19
2020-05-08,865225.0,series.ar.bcra.peso_deposits_at_bcra,19
2020-05-11,937807.0,series.ar.bcra.peso_deposits_at_bcra,19
2020-05-12,962828.0,series.ar.bcra.peso_deposits_at_bcra,19
2020-05-13,896494.0,series.ar.bcra.peso_deposits_at_bcra,19
2020-05-14,910992.0,series.ar.bcra.peso_deposits_at_bcra,19
2020-05-15,1070328.0,series.ar.bcra.peso_deposits_at_bcra,19
2020-05-18,820180.0,series.ar.bcra.peso_deposits_at_bcra,19
2020-05-19,601526.0,series.ar.bcra.peso_deposits_at_bcra,19
2020-05-20,553934.0,series.ar.bcra.peso_deposits_at_bcra,19
2020-05-21,554519.0,series.ar.bcra.peso_deposits_at_bcra,19
2020-05-22,536607.0,series.ar.bcra.peso_deposits_at_bcra,19
2020-05-26,570666.0,series.ar.bcra.peso_deposits_at_bcra,19
2020-05-27,526179.0,series.ar.bcra.peso_deposits_at_bcra,19
2020-05-28,585716.0,series.ar.bcra.peso_deposits_at_bcra,19
2020-05-29,663383.0,series.ar.bcra.peso_deposits_at_bcra,19
2020-06-01,938183.0,series.ar.bcra.peso_deposits_at_bcra,19
2020-06-02,741347.0,series.ar.bcra.peso_deposits_at_bcra,19
2020-06-03,723935.0,series.ar.bcra.peso_deposits_at_bcra,19
2020-06-04,687188.0,series.ar.bcra.peso_deposits_at_bcra,19
2020-06-05,646906.0,series.ar.bcra.peso_deposits_at_bcra,19
2020-06-08,614326.0,series.ar.bcra.peso_deposits_at_bcra,19
2020-06-09,614940.0,series.ar.bcra.peso_deposits_at_bcra,19
2020-06-10,624355.0,series.ar.bcra.peso_deposits_at_bcra,19
2020-06-11,590831.0,series.ar.bcra.peso_deposits_at_bcra,19
2020-06-12,584291.0,series.ar.bcra.peso_deposits_at_bcra,19
2020-06-16,604610.0,series.ar.bcra.peso_deposits_at_bcra,19
2020-06-17,594226.0,series.ar.bcra.peso_deposits_at_bcra,19
2020-06-18,596230.0,series.ar.bcra.peso_deposits_at_bcra,19
2020-06-19,584442.0,series.ar.bcra.peso_deposits_at_bcra,19
2020-06-22,684358.0,series.ar.bcra.peso_deposits_at_bcra,19
2020-06-23,602701.0,series.ar.bcra.peso_deposits_at_bcra,19
2020-06-24,606251.0,series.ar.bcra.peso_deposits_at_bcra,19
2020-06-25,598032.0,series.ar.bcra.peso_deposits_at_bcra,19
2020-06-26,618982.0,series.ar.bcra.peso_deposits_at_bcra,19
2020-06-29,640741.0,series.ar.bcra.peso_deposits_at_bcra,19
2020-06-30,589320.0,series.ar.bcra.peso_deposits_at_bcra,19
2020-07-01,775873.0,series.ar.bcra.peso_deposits_at_bcra,19
2020-07-02,783343.0,series.ar.bcra.peso_deposits_at_bcra,19
2020-07-03,761359.0,series.ar.bcra.peso_deposits_at_bcra,19
2020-07-06,757004.0,series.ar.bcra.peso_deposits_at_bcra,19
2020-07-07,759864.0,series.ar.bcra.peso_deposits_at_bcra,19
2020-07-08,629627.0,series.ar.bcra.peso_deposits_at_bcra,19
2020-07-13,708604.0,series.ar.bcra.peso_deposits_at_bcra,19
2020-07-14,690535.0,series.ar.bcra.peso_deposits_at_bcra,19
2020-07-15,640602.0,series.ar.bcra.peso_deposits_at_bcra,19
2020-07-16,622742.0,series.ar.bcra.peso_deposits_at_bcra,19
2020-07-17,578223.0,series.ar.bcra.peso_deposits_at_bcra,19
2020-07-20,616957.0,series.ar.bcra.peso_deposits_at_bcra,19
2020-07-21,635174.0,series.ar.bcra.peso_deposits_at_bcra,19
2020-07-22,643915.0,series.ar.bcra.peso_deposits_at_bcra,19
2020-07-23,644061.0,series.ar.bcra.peso_deposits_at_bcra,19
2020-07-24,623505.0,series.ar.bcra.peso_deposits_at_bcra,19
2020-07-27,618546.0,series.ar.bcra.peso_deposits_at_bcra,19
2020-07-28,637501.0,series.ar.bcra.peso_deposits_at_bcra,19
2020-07-29,645073.0,series.ar.bcra.peso_deposits_at_bcra,19
2020-07-30,733952.0,series.ar.bcra.peso_deposits_at_bcra,19
2020-07-31,772617.0,series.ar.bcra.peso_deposits_at_bcra,19
2020-08-03,846492.0,series.ar.bcra.peso_deposits_at_bcra,19
2020-08-04,833894.0,series.ar.bcra.peso_deposits_at_bcra,19
2020-08-05,789035.0,series.ar.bcra.peso_deposits_at_bcra,19
2020-08-06,730372.0,series.ar.bcra.peso_deposits_at_bcra,19
2020-08-07,671517.0,series.ar.bcra.peso_deposits_at_bcra,19
2020-08-10,714962.0,series.ar.bcra.peso_deposits_at_bcra,19
2020-08-11,675208.0,series.ar.bcra.peso_deposits_at_bcra,19
2020-08-12,692738.0,series.ar.bcra.peso_deposits_at_bcra,19
2020-08-13,632001.0,series.ar.bcra.peso_deposits_at_bcra,19
2020-08-14,599930.0,series.ar.bcra.peso_deposits_at_bcra,19
2020-08-18,613777.0,series.ar.bcra.peso_deposits_at_bcra,19
2020-08-19,598179.0,series.ar.bcra.peso_deposits_at_bcra,19
2020-08-20,610931.0,series.ar.bcra.peso_deposits_at_bcra,19
2020-08-21,592143.0,series.ar.bcra.peso_deposits_at_bcra,19
2020-08-24,598721.0,series.ar.bcra.peso_deposits_at_bcra,19
2020-08-25,614189.0,series.ar.bcra.peso_deposits_at_bcra,19
2020-08-26,603185.0,series.ar.bcra.peso_deposits_at_bcra,19
2020-08-27,617104.0,series.ar.bcra.peso_deposits_at_bcra,19
2020-08-28,660196.0,series.ar.bcra.peso_deposits_at_bcra,19
2020-08-31,620056.0,series.ar.bcra.peso_deposits_at_bcra,19
2020-09-01,691752.0,series.ar.bcra.peso_deposits_at_bcra,19
2020-09-02,742863.0,series.ar.bcra.peso_deposits_at_bcra,19
2020-09-03,711352.0,series.ar.bcra.peso_deposits_at_bcra,19
2020-09-04,709688.0,series.ar.bcra.peso_deposits_at_bcra,19
2020-09-07,633685.0,series.ar.bcra.peso_deposits_at_bcra,19
2020-09-08,624503.0,series.ar.bcra.peso_deposits_at_bcra,19
2020-09-09,609765.0,series.ar.bcra.peso_deposits_at_bcra,19
2020-09-10,599646.0,series.ar.bcra.peso_deposits_at_bcra,19
2020-09-11,604677.0,series.ar.bcra.peso_deposits_at_bcra,19
2020-09-14,660707.0,series.ar.bcra.peso_deposits_at_bcra,19
2020-09-15,613129.0,series.ar.bcra.peso_deposits_at_bcra,19
2020-09-16,615272.0,series.ar.bcra.peso_deposits_at_bcra,19
2020-09-17,643178.0,series.ar.bcra.peso_deposits_at_bcra,19
2020-09-18,610592.0,series.ar.bcra.peso_deposits_at_bcra,19
2020-09-21,675799.0,series.ar.bcra.peso_deposits_at_bcra,19
2020-09-22,642298.0,series.ar.bcra.peso_deposits_at_bcra,19
2020-09-23,608850.0,series.ar.bcra.peso_deposits_at_bcra,19
2020-09-24,627550.0,series.ar.bcra.peso_deposits_at_bcra,19
2020-09-25,583284.0,series.ar.bcra.peso_deposits_at_bcra,19
2020-09-28,640685.0,series.ar.bcra.peso_deposits_at_bcra,19
2020-09-29,619889.0,series.ar.bcra.peso_deposits_at_bcra,19
2020-09-30,716140.0,series.ar.bcra.peso_deposits_at_bcra,19
2020-10-01,904354.0,series.ar.bcra.peso_deposits_at_bcra,19
2020-10-02,718459.0,series.ar.bcra.peso_deposits_at_bcra,19
2020-10-05,747064.0,series.ar.bcra.peso_deposits_at_bcra,19
2020-10-06,761799.0,series.ar.bcra.peso_deposits_at_bcra,19
2020-10-07,691985.0,series.ar.bcra.peso_deposits_at_bcra,19
2020-10-08,657514.0,series.ar.bcra.peso_deposits_at_bcra,19
2020-10-09,599569.0,series.ar.bcra.peso_deposits_at_bcra,19
2020-10-13,638021.0,series.ar.bcra.peso_deposits_at_bcra,19
2020-10-14,601068.0,series.ar.bcra.peso_deposits_at_bcra,19
2020-10-15,609984.0,series.ar.bcra.peso_deposits_at_bcra,19
2020-10-16,586954.0,series.ar.bcra.peso_deposits_at_bcra,19
2020-10-19,597355.0,series.ar.bcra.peso_deposits_at_bcra,19
2020-10-20,570172.0,series.ar.bcra.peso_deposits_at_bcra,19
2020-10-21,573374.0,series.ar.bcra.peso_deposits_at_bcra,19
2020-10-22,567537.0,series.ar.bcra.peso_deposits_at_bcra,19
2020-10-23,594181.0,series.ar.bcra.peso_deposits_at_bcra,19
2020-10-26,629279.0,series.ar.bcra.peso_deposits_at_bcra,19
2020-10-27,555978.0,series.ar.bcra.peso_deposits_at_bcra,19
2020-10-28,588753.0,series.ar.bcra.peso_deposits_at_bcra,19
2020-10-29,562415.0,series.ar.bcra.peso_deposits_at_bcra,19
2020-10-30,540057.0,series.ar.bcra.peso_deposits_at_bcra,19
2020-11-02,653867.0,series.ar.bcra.peso_deposits_at_bcra,19
2020-11-03,648235.0,series.ar.bcra.peso_deposits_at_bcra,19
2020-11-04,643094.0,series.ar.bcra.peso_deposits_at_bcra,19
2020-11-05,662227.0,series.ar.bcra.peso_deposits_at_bcra,19
2020-11-09,750413.0,series.ar.bcra.peso_deposits_at_bcra,19
2020-11-10,724829.0,series.ar.bcra.peso_deposits_at_bcra,19
2020-11-11,682011.0,series.ar.bcra.peso_deposits_at_bcra,19
2020-11-12,730097.0,series.ar.bcra.peso_deposits_at_bcra,19
2020-11-13,653741.0,series.ar.bcra.peso_deposits_at_bcra,19
2020-11-16,674709.0,series.ar.bcra.peso_deposits_at_bcra,19
2020-11-17,667504.0,series.ar.bcra.peso_deposits_at_bcra,19
2020-11-18,668697.0,series.ar.bcra.peso_deposits_at_bcra,19
2020-11-19,613272.0,series.ar.bcra.peso_deposits_at_bcra,19
2020-11-20,612476.0,series.ar.bcra.peso_deposits_at_bcra,19
2020-11-24,630693.0,series.ar.bcra.peso_deposits_at_bcra,19
2020-11-25,605371.0,series.ar.bcra.peso_deposits_at_bcra,19
2020-11-26,614793.0,series.ar.bcra.peso_deposits_at_bcra,19
2020-11-27,635600.0,series.ar.bcra.peso_deposits_at_bcra,19
2020-11-30,522105.0,series.ar.bcra.peso_deposits_at_bcra,19
2020-12-01,640179.0,series.ar.bcra.peso_deposits_at_bcra,19
2020-12-02,665426.0,series.ar.bcra.peso_deposits_at_bcra,19
2020-12-03,643045.0,series.ar.bcra.peso_deposits_at_bcra,19
2020-12-04,643265.0,series.ar.bcra.peso_deposits_at_bcra,19
2020-12-09,752277.0,series.ar.bcra.peso_deposits_at_bcra,19
2020-12-10,742352.0,series.ar.bcra.peso_deposits_at_bcra,19
2020-12-11,694860.0,series.ar.bcra.peso_deposits_at_bcra,19
2020-12-14,638172.0,series.ar.bcra.peso_deposits_at_bcra,19
2020-12-15,590931.0,series.ar.bcra.peso_deposits_at_bcra,19
2020-12-16,573537.0,series.ar.bcra.peso_deposits_at_bcra,19
2020-12-17,621997.0,series.ar.bcra.peso_deposits_at_bcra,19
2020-12-18,645101.0,series.ar.bcra.peso_deposits_at_bcra,19
2020-12-21,636012.0,series.ar.bcra.peso_deposits_at_bcra,19
2020-12-22,644396.0,series.ar.bcra.peso_deposits_at_bcra,19
2020-12-23,544419.0,series.ar.bcra.peso_deposits_at_bcra,19
2020-12-28,658012.0,series.ar.bcra.peso_deposits_at_bcra,19
2020-12-29,683898.0,series.ar.bcra.peso_deposits_at_bcra,19
2020-12-30,572435.0,series.ar.bcra.peso_deposits_at_bcra,19
2021-01-04,729205.0,series.ar.bcra.peso_deposits_at_bcra,19
2021-01-05,724878.0,series.ar.bcra.peso_deposits_at_bcra,19
2021-01-06,767470.0,series.ar.bcra.peso_deposits_at_bcra,19
2021-01-07,795589.0,series.ar.bcra.peso_deposits_at_bcra,19
2021-01-08,688651.0,series.ar.bcra.peso_deposits_at_bcra,19
2021-01-11,713186.0,series.ar.bcra.peso_deposits_at_bcra,19
2021-01-12,722548.0,series.ar.bcra.peso_deposits_at_bcra,19
2021-01-13,784478.0,series.ar.bcra.peso_deposits_at_bcra,19
2021-01-14,762764.0,series.ar.bcra.peso_deposits_at_bcra,19
2021-01-15,736546.0,series.ar.bcra.peso_deposits_at_bcra,19
2021-01-18,705271.0,series.ar.bcra.peso_deposits_at_bcra,19
2021-01-19,715944.0,series.ar.bcra.peso_deposits_at_bcra,19
2021-01-20,752514.0,series.ar.bcra.peso_deposits_at_bcra,19
2021-01-21,760694.0,series.ar.bcra.peso_deposits_at_bcra,19
2021-01-22,776526.0,series.ar.bcra.peso_deposits_at_bcra,19
2021-01-25,783544.0,series.ar.bcra.peso_deposits_at_bcra,19
2021-01-26,763624.0,series.ar.bcra.peso_deposits_at_bcra,19
2021-01-27,728447.0,series.ar.bcra.peso_deposits_at_bcra,19
2021-01-28,759686.0,series.ar.bcra.peso_deposits_at_bcra,19
2021-01-29,650239.0,series.ar.bcra.peso_deposits_at_bcra,19
2021-02-01,773238.0,series.ar.bcra.peso_deposits_at_bcra,19
2021-02-02,775600.0,series.ar.bcra.peso_deposits_at_bcra,19
2021-02-03,779977.0,series.ar.bcra.peso_deposits_at_bcra,19
2021-02-04,765897.0,series.ar.bcra.peso_deposits_at_bcra,19
2021-02-05,751992.0,series.ar.bcra.peso_deposits_at_bcra,19
2021-02-08,797370.0,series.ar.bcra.peso_deposits_at_bcra,19
2021-02-09,748805.0,series.ar.bcra.peso_deposits_at_bcra,19
2021-02-10,746762.0,series.ar.bcra.peso_deposits_at_bcra,19
2021-02-11,692909.0,series.ar.bcra.peso_deposits_at_bcra,19
2021-02-12,665333.0,series.ar.bcra.peso_deposits_at_bcra,19
2021-02-17,905219.0,series.ar.bcra.peso_deposits_at_bcra,19
2021-02-18,854118.0,series.ar.bcra.peso_deposits_at_bcra,19
2021-02-19,871919.0,series.ar.bcra.peso_deposits_at_bcra,19
2021-02-22,821560.0,series.ar.bcra.peso_deposits_at_bcra,19
2021-02-23,730035.0,series.ar.bcra.peso_deposits_at_bcra,19
2021-02-24,699120.0,series.ar.bcra.peso_deposits_at_bcra,19
2021-02-25,665033.0,series.ar.bcra.peso_deposits_at_bcra,19
2021-02-26,589384.0,series.ar.bcra.peso_deposits_at_bcra,19
2021-03-01,693697.0,series.ar.bcra.peso_deposits_at_bcra,19
2021-03-02,691134.0,series.ar.bcra.peso_deposits_at_bcra,19
2021-03-03,812364.0,series.ar.bcra.peso_deposits_at_bcra,19
2021-03-04,816959.0,series.ar.bcra.peso_deposits_at_bcra,19
2021-03-05,818647.0,series.ar.bcra.peso_deposits_at_bcra,19
2021-03-08,773507.0,series.ar.bcra.peso_deposits_at_bcra,19
2021-03-09,752096.0,series.ar.bcra.peso_deposits_at_bcra,19
2021-03-10,812059.0,series.ar.bcra.peso_deposits_at_bcra,19
2021-03-11,753556.0,series.ar.bcra.peso_deposits_at_bcra,19
2021-03-12,726942.0,series.ar.bcra.peso_deposits_at_bcra,19
2021-03-15,722809.0,series.ar.bcra.peso_deposits_at_bcra,19
2021-03-16,642369.0,series.ar.bcra.peso_deposits_at_bcra,19
2021-03-17,629256.0,series.ar.bcra.peso_deposits_at_bcra,19
2021-03-18,617430.0,series.ar.bcra.peso_deposits_at_bcra,19
2021-03-19,650345.0,series.ar.bcra.peso_deposits_at_bcra,19
2021-03-22,664653.0,series.ar.bcra.peso_deposits_at_bcra,19
2021-03-23,647551.0,series.ar.bcra.peso_deposits_at_bcra,19
2021-03-25,694771.0,series.ar.bcra.peso_deposits_at_bcra,19
2021-03-26,659980.0,series.ar.bcra.peso_deposits_at_bcra,19
2021-03-29,687226.0,series.ar.bcra.peso_deposits_at_bcra,19
2021-03-30,697978.0,series.ar.bcra.peso_deposits_at_bcra,19
2021-03-31,604307.0,series.ar.bcra.peso_deposits_at_bcra,19
2021-04-05,1033935.0,series.ar.bcra.peso_deposits_at_bcra,19
2021-04-06,975195.0,series.ar.bcra.peso_deposits_at_bcra,19
2021-04-07,971761.0,series.ar.bcra.peso_deposits_at_bcra,19
2021-04-08,820372.0,series.ar.bcra.peso_deposits_at_bcra,19
2021-04-09,712495.0,series.ar.bcra.peso_deposits_at_bcra,19
2021-04-12,769704.0,series.ar.bcra.peso_deposits_at_bcra,19
2021-04-13,758446.0,series.ar.bcra.peso_deposits_at_bcra,19
2021-04-14,723323.0,series.ar.bcra.peso_deposits_at_bcra,19
2021-04-15,707920.0,series.ar.bcra.peso_deposits_at_bcra,19
2021-04-16,605624.0,series.ar.bcra.peso_deposits_at_bcra,19
2021-04-19,698499.0,series.ar.bcra.peso_deposits_at_bcra,19
2021-04-20,699469.0,series.ar.bcra.peso_deposits_at_bcra,19
2021-04-21,705308.0,series.ar.bcra.peso_deposits_at_bcra,19
2021-04-22,717821.0,series.ar.bcra.peso_deposits_at_bcra,19
2021-04-23,686640.0,series.ar.bcra.peso_deposits_at_bcra,19
2021-04-26,707524.0,series.ar.bcra.peso_deposits_at_bcra,19
2021-04-27,703709.0,series.ar.bcra.peso_deposits_at_bcra,19
2021-04-28,709383.0,series.ar.bcra.peso_deposits_at_bcra,19
2021-04-29,616757.0,series.ar.bcra.peso_deposits_at_bcra,19
2021-04-30,574366.0,series.ar.bcra.peso_deposits_at_bcra,19
2021-05-03,695175.0,series.ar.bcra.peso_deposits_at_bcra,19
2021-05-04,726108.0,series.ar.bcra.peso_deposits_at_bcra,19
2021-05-05,725283.0,series.ar.bcra.peso_deposits_at_bcra,19
2021-05-06,710032.0,series.ar.bcra.peso_deposits_at_bcra,19
2021-05-07,660970.0,series.ar.bcra.peso_deposits_at_bcra,19
2021-05-10,671207.0,series.ar.bcra.peso_deposits_at_bcra,19
2021-05-11,713888.0,series.ar.bcra.peso_deposits_at_bcra,19
2021-05-12,707460.0,series.ar.bcra.peso_deposits_at_bcra,19
2021-05-13,709876.0,series.ar.bcra.peso_deposits_at_bcra,19
2021-05-14,689910.0,series.ar.bcra.peso_deposits_at_bcra,19
2021-05-17,652631.0,series.ar.bcra.peso_deposits_at_bcra,19
2021-05-18,676330.0,series.ar.bcra.peso_deposits_at_bcra,19
2021-05-19,696133.0,series.ar.bcra.peso_deposits_at_bcra,19
2021-05-20,682734.0,series.ar.bcra.peso_deposits_at_bcra,19
2021-05-21,671733.0,series.ar.bcra.peso_deposits_at_bcra,19
2021-05-26,840664.0,series.ar.bcra.peso_deposits_at_bcra,19
2021-05-27,806705.0,series.ar.bcra.peso_deposits_at_bcra,19
2021-05-28,776384.0,series.ar.bcra.peso_deposits_at_bcra,19
2021-05-31,655825.0,series.ar.bcra.peso_deposits_at_bcra,19
2021-06-01,620425.0,series.ar.bcra.peso_deposits_at_bcra,19
2021-06-02,798712.0,series.ar.bcra.peso_deposits_at_bcra,19
2021-06-03,757695.0,series.ar.bcra.peso_deposits_at_bcra,19
2021-06-04,725222.0,series.ar.bcra.peso_deposits_at_bcra,19
2021-06-07,767926.0,series.ar.bcra.peso_deposits_at_bcra,19
2021-06-08,705122.0,series.ar.bcra.peso_deposits_at_bcra,19
2021-06-09,748839.0,series.ar.bcra.peso_deposits_at_bcra,19
2021-06-10,741969.0,series.ar.bcra.peso_deposits_at_bcra,19
2021-06-11,699083.0,series.ar.bcra.peso_deposits_at_bcra,19
2021-06-14,755664.0,series.ar.bcra.peso_deposits_at_bcra,19
2021-06-15,784706.0,series.ar.bcra.peso_deposits_at_bcra,19
2021-06-16,776338.0,series.ar.bcra.peso_deposits_at_bcra,19
2021-06-17,769750.0,series.ar.bcra.peso_deposits_at_bcra,19
2021-06-18,789277.0,series.ar.bcra.peso_deposits_at_bcra,19
2021-06-22,922217.0,series.ar.bcra.peso_deposits_at_bcra,19
2021-06-23,847284.0,series.ar.bcra.peso_deposits_at_bcra,19
2021-06-24,851936.0,series.ar.bcra.peso_deposits_at_bcra,19
2021-06-25,879622.0,series.ar.bcra.peso_deposits_at_bcra,19
2021-06-28,737240.0,series.ar.bcra.peso_deposits_at_bcra,19
2021-06-29,714606.0,series.ar.bcra.peso_deposits_at_bcra,19
2021-06-30,718939.0,series.ar.bcra.peso_deposits_at_bcra,19
2021-07-01,775257.0,series.ar.bcra.peso_deposits_at_bcra,19
2021-07-02,726978.0,series.ar.bcra.peso_deposits_at_bcra,19
2021-07-05,707131.0,series.ar.bcra.peso_deposits_at_bcra,19
2021-07-06,737962.0,series.ar.bcra.peso_deposits_at_bcra,19
2021-07-07,747146.0,series.ar.bcra.peso_deposits_at_bcra,19
2021-07-08,667803.0,series.ar.bcra.peso_deposits_at_bcra,19
2021-07-12,868758.0,series.ar.bcra.peso_deposits_at_bcra,19
2021-07-13,831833.0,series.ar.bcra.peso_deposits_at_bcra,19
2021-07-14,872731.0,series.ar.bcra.peso_deposits_at_bcra,19
2021-07-15,926520.0,series.ar.bcra.peso_deposits_at_bcra,19
2021-07-16,747914.0,series.ar.bcra.peso_deposits_at_bcra,19
2021-07-19,815076.0,series.ar.bcra.peso_deposits_at_bcra,19
2021-07-20,817142.0,series.ar.bcra.peso_deposits_at_bcra,19
2021-07-21,797749.0,series.ar.bcra.peso_deposits_at_bcra,19
2021-07-22,864289.0,series.ar.bcra.peso_deposits_at_bcra,19
2021-07-23,809865.0,series.ar.bcra.peso_deposits_at_bcra,19
2021-07-26,775593.0,series.ar.bcra.peso_deposits_at_bcra,19
2021-07-27,704925.0,series.ar.bcra.peso_deposits_at_bcra,19
2021-07-28,665183.0,series.ar.bcra.peso_deposits_at_bcra,19
2021-07-29,697105.0,series.ar.bcra.peso_deposits_at_bcra,19
2021-07-30,668877.0,series.ar.bcra.peso_deposits_at_bcra,19
2021-08-02,833005.0,series.ar.bcra.peso_deposits_at_bcra,19
2021-08-03,887842.0,series.ar.bcra.peso_deposits_at_bcra,19
2021-08-04,869327.0,series.ar.bcra.peso_deposits_at_bcra,19
2021-08-05,835513.0,series.ar.bcra.peso_deposits_at_bcra,19
2021-08-06,814041.0,series.ar.bcra.peso_deposits_at_bcra,19
2021-08-09,803468.0,series.ar.bcra.peso_deposits_at_bcra,19
2021-08-10,793007.0,series.ar.bcra.peso_deposits_at_bcra,19
2021-08-11,817521.0,series.ar.bcra.peso_deposits_at_bcra,19
2021-08-12,788157.0,series.ar.bcra.peso_deposits_at_bcra,19
2021-08-13,776511.0,series.ar.bcra.peso_deposits_at_bcra,19
2021-08-17,836025.0,series.ar.bcra.peso_deposits_at_bcra,19
2021-08-18,841792.0,series.ar.bcra.peso_deposits_at_bcra,19
2021-08-19,827980.0,series.ar.bcra.peso_deposits_at_bcra,19
2021-08-20,836289.0,series.ar.bcra.peso_deposits_at_bcra,19
2021-08-23,661010.0,series.ar.bcra.peso_deposits_at_bcra,19
2021-08-24,719848.0,series.ar.bcra.peso_deposits_at_bcra,19
2021-08-25,721157.0,series.ar.bcra.peso_deposits_at_bcra,19
2021-08-26,735455.0,series.ar.bcra.peso_deposits_at_bcra,19
2021-08-27,765468.0,series.ar.bcra.peso_deposits_at_bcra,19
2021-08-30,722643.0,series.ar.bcra.peso_deposits_at_bcra,19
2021-08-31,724366.0,series.ar.bcra.peso_deposits_at_bcra,19
2021-09-01,805132.0,series.ar.bcra.peso_deposits_at_bcra,19
2021-09-02,822039.0,series.ar.bcra.peso_deposits_at_bcra,19
2021-09-03,786205.0,series.ar.bcra.peso_deposits_at_bcra,19
2021-09-06,744520.0,series.ar.bcra.peso_deposits_at_bcra,19
2021-09-07,748461.0,series.ar.bcra.peso_deposits_at_bcra,19
2021-09-08,788923.0,series.ar.bcra.peso_deposits_at_bcra,19
2021-09-09,793443.0,series.ar.bcra.peso_deposits_at_bcra,19
2021-09-10,793022.0,series.ar.bcra.peso_deposits_at_bcra,19
2021-09-13,747376.0,series.ar.bcra.peso_deposits_at_bcra,19
2021-09-14,684020.0,series.ar.bcra.peso_deposits_at_bcra,19
2021-09-15,738443.0,series.ar.bcra.peso_deposits_at_bcra,19
2021-09-16,721175.0,series.ar.bcra.peso_deposits_at_bcra,19
2021-09-17,779996.0,series.ar.bcra.peso_deposits_at_bcra,19
2021-09-20,713827.0,series.ar.bcra.peso_deposits_at_bcra,19
2021-09-21,714003.0,series.ar.bcra.peso_deposits_at_bcra,19
2021-09-22,736112.0,series.ar.bcra.peso_deposits_at_bcra,19
2021-09-23,793975.0,series.ar.bcra.peso_deposits_at_bcra,19
2021-09-24,807440.0,series.ar.bcra.peso_deposits_at_bcra,19
2021-09-27,788845.0,series.ar.bcra.peso_deposits_at_bcra,19
2021-09-28,801196.0,series.ar.bcra.peso_deposits_at_bcra,19
2021-09-29,778664.0,series.ar.bcra.peso_deposits_at_bcra,19
2021-09-30,757922.0,series.ar.bcra.peso_deposits_at_bcra,19
2021-10-01,757696.0,series.ar.bcra.peso_deposits_at_bcra,19
2021-10-04,847129.0,series.ar.bcra.peso_deposits_at_bcra,19
2021-10-05,855254.0,series.ar.bcra.peso_deposits_at_bcra,19
2021-10-06,844987.0,series.ar.bcra.peso_deposits_at_bcra,19
2021-10-07,680834.0,series.ar.bcra.peso_deposits_at_bcra,19
2021-10-12,972452.0,series.ar.bcra.peso_deposits_at_bcra,19
2021-10-13,939706.0,series.ar.bcra.peso_deposits_at_bcra,19
2021-10-14,942960.0,series.ar.bcra.peso_deposits_at_bcra,19
2021-10-15,849106.0,series.ar.bcra.peso_deposits_at_bcra,19
2021-10-18,702844.0,series.ar.bcra.peso_deposits_at_bcra,19
2021-10-19,844373.0,series.ar.bcra.peso_deposits_at_bcra,19
2021-10-20,799226.0,series.ar.bcra.peso_deposits_at_bcra,19
2021-10-21,770878.0,series.ar.bcra.peso_deposits_at_bcra,19
2021-10-22,767881.0,series.ar.bcra.peso_deposits_at_bcra,19
2021-10-25,722275.0,series.ar.bcra.peso_deposits_at_bcra,19
2021-10-26,741492.0,series.ar.bcra.peso_deposits_at_bcra,19
2021-10-27,847233.0,series.ar.bcra.peso_deposits_at_bcra,19
2021-10-28,868286.0,series.ar.bcra.peso_deposits_at_bcra,19
2021-10-29,787268.0,series.ar.bcra.peso_deposits_at_bcra,19
2021-11-01,802647.0,series.ar.bcra.peso_deposits_at_bcra,19
2021-11-02,790467.0,series.ar.bcra.peso_deposits_at_bcra,19
2021-11-03,819164.0,series.ar.bcra.peso_deposits_at_bcra,19
2021-11-04,833458.0,series.ar.bcra.peso_deposits_at_bcra,19
2021-11-05,785886.0,series.ar.bcra.peso_deposits_at_bcra,19
2021-11-08,753351.0,series.ar.bcra.peso_deposits_at_bcra,19
2021-11-09,885061.0,series.ar.bcra.peso_deposits_at_bcra,19
2021-11-10,965594.0,series.ar.bcra.peso_deposits_at_bcra,19
2021-11-11,1046103.0,series.ar.bcra.peso_deposits_at_bcra,19
2021-11-12,1000032.0,series.ar.bcra.peso_deposits_at_bcra,19
2021-11-15,965550.0,series.ar.bcra.peso_deposits_at_bcra,19
2021-11-16,885728.0,series.ar.bcra.peso_deposits_at_bcra,19
2021-11-17,888983.0,series.ar.bcra.peso_deposits_at_bcra,19
2021-11-18,800332.0,series.ar.bcra.peso_deposits_at_bcra,19
2021-11-19,754461.0,series.ar.bcra.peso_deposits_at_bcra,19
2021-11-23,839667.0,series.ar.bcra.peso_deposits_at_bcra,19
2021-11-24,856406.0,series.ar.bcra.peso_deposits_at_bcra,19
2021-11-25,896810.0,series.ar.bcra.peso_deposits_at_bcra,19
2021-11-26,866948.0,series.ar.bcra.peso_deposits_at_bcra,19
2021-11-29,815615.0,series.ar.bcra.peso_deposits_at_bcra,19
2021-11-30,809335.0,series.ar.bcra.peso_deposits_at_bcra,19
2021-12-01,932641.0,series.ar.bcra.peso_deposits_at_bcra,19
2021-12-02,946254.0,series.ar.bcra.peso_deposits_at_bcra,19
2021-12-03,939998.0,series.ar.bcra.peso_deposits_at_bcra,19
2021-12-06,834267.0,series.ar.bcra.peso_deposits_at_bcra,19
2021-12-07,855581.0,series.ar.bcra.peso_deposits_at_bcra,19
2021-12-09,963611.0,series.ar.bcra.peso_deposits_at_bcra,19
2021-12-10,939455.0,series.ar.bcra.peso_deposits_at_bcra,19
2021-12-13,941722.0,series.ar.bcra.peso_deposits_at_bcra,19
2021-12-14,963958.0,series.ar.bcra.peso_deposits_at_bcra,19
2021-12-15,732307.0,series.ar.bcra.peso_deposits_at_bcra,19
2021-12-16,845705.0,series.ar.bcra.peso_deposits_at_bcra,19
2021-12-17,928364.0,series.ar.bcra.peso_deposits_at_bcra,19
2021-12-20,871768.0,series.ar.bcra.peso_deposits_at_bcra,19
2021-12-21,840584.0,series.ar.bcra.peso_deposits_at_bcra,19
2021-12-22,710319.0,series.ar.bcra.peso_deposits_at_bcra,19
2021-12-23,852338.0,series.ar.bcra.peso_deposits_at_bcra,19
2021-12-27,825405.0,series.ar.bcra.peso_deposits_at_bcra,19
2021-12-28,860770.0,series.ar.bcra.peso_deposits_at_bcra,19
2021-12-29,843684.0,series.ar.bcra.peso_deposits_at_bcra,19
2021-12-30,962636.0,series.ar.bcra.peso_deposits_at_bcra,19
2022-01-03,1226368.0,series.ar.bcra.peso_deposits_at_bcra,19
2022-01-04,1149701.0,series.ar.bcra.peso_deposits_at_bcra,19
2022-01-05,1249609.0,series.ar.bcra.peso_deposits_at_bcra,19
2022-01-06,1625404.0,series.ar.bcra.peso_deposits_at_bcra,19
2022-01-07,1062437.0,series.ar.bcra.peso_deposits_at_bcra,19
2022-01-10,1083069.0,series.ar.bcra.peso_deposits_at_bcra,19
2022-01-11,873556.0,series.ar.bcra.peso_deposits_at_bcra,19
2022-01-12,909749.0,series.ar.bcra.peso_deposits_at_bcra,19
2022-01-13,833460.0,series.ar.bcra.peso_deposits_at_bcra,19
2022-01-14,961726.0,series.ar.bcra.peso_deposits_at_bcra,19
2022-01-17,1093971.0,series.ar.bcra.peso_deposits_at_bcra,19
2022-01-18,931424.0,series.ar.bcra.peso_deposits_at_bcra,19
2022-01-19,923753.0,series.ar.bcra.peso_deposits_at_bcra,19
2022-01-20,887545.0,series.ar.bcra.peso_deposits_at_bcra,19
2022-01-21,894049.0,series.ar.bcra.peso_deposits_at_bcra,19
2022-01-24,1008561.0,series.ar.bcra.peso_deposits_at_bcra,19
2022-01-25,959564.0,series.ar.bcra.peso_deposits_at_bcra,19
2022-01-26,969729.0,series.ar.bcra.peso_deposits_at_bcra,19
2022-01-27,943797.0,series.ar.bcra.peso_deposits_at_bcra,19
2022-01-28,983152.0,series.ar.bcra.peso_deposits_at_bcra,19
2022-01-31,965251.0,series.ar.bcra.peso_deposits_at_bcra,19
2022-02-01,1210756.0,series.ar.bcra.peso_deposits_at_bcra,19
2022-02-02,1181531.0,series.ar.bcra.peso_deposits_at_bcra,19
2022-02-03,1046322.0,series.ar.bcra.peso_deposits_at_bcra,19
2022-02-04,1020725.0,series.ar.bcra.peso_deposits_at_bcra,19
2022-02-07,945615.0,series.ar.bcra.peso_deposits_at_bcra,19
2022-02-08,1058374.0,series.ar.bcra.peso_deposits_at_bcra,19
2022-02-09,1017156.0,series.ar.bcra.peso_deposits_at_bcra,19
2022-02-10,1052472.0,series.ar.bcra.peso_deposits_at_bcra,19
2022-02-11,1094242.0,series.ar.bcra.peso_deposits_at_bcra,19
2022-02-14,1238930.0,series.ar.bcra.peso_deposits_at_bcra,19
2022-02-15,1311897.0,series.ar.bcra.peso_deposits_at_bcra,19
2022-02-16,1228773.0,series.ar.bcra.peso_deposits_at_bcra,19
2022-02-17,1148085.0,series.ar.bcra.peso_deposits_at_bcra,19
2022-02-18,1059309.0,series.ar.bcra.peso_deposits_at_bcra,19
2022-02-21,1143251.0,series.ar.bcra.peso_deposits_at_bcra,19
2022-02-22,964375.0,series.ar.bcra.peso_deposits_at_bcra,19
2022-02-23,907781.0,series.ar.bcra.peso_deposits_at_bcra,19
2022-02-24,971719.0,series.ar.bcra.peso_deposits_at_bcra,19
2022-02-25,963084.0,series.ar.bcra.peso_deposits_at_bcra,19
2022-03-02,1084768.0,series.ar.bcra.peso_deposits_at_bcra,19
2022-03-03,958271.0,series.ar.bcra.peso_deposits_at_bcra,19
2022-03-04,911832.0,series.ar.bcra.peso_deposits_at_bcra,19
2022-03-07,939975.0,series.ar.bcra.peso_deposits_at_bcra,19
2022-03-08,940624.0,series.ar.bcra.peso_deposits_at_bcra,19
2022-03-09,986103.0,series.ar.bcra.peso_deposits_at_bcra,19
2022-03-10,956933.0,series.ar.bcra.peso_deposits_at_bcra,19
2022-03-11,987747.0,series.ar.bcra.peso_deposits_at_bcra,19
2022-03-14,1074931.0,series.ar.bcra.peso_deposits_at_bcra,19
2022-03-15,1085568.0,series.ar.bcra.peso_deposits_at_bcra,19
2022-03-16,1054975.0,series.ar.bcra.peso_deposits_at_bcra,19
2022-03-17,1206174.0,series.ar.bcra.peso_deposits_at_bcra,19
2022-03-18,1077936.0,series.ar.bcra.peso_deposits_at_bcra,19
2022-03-21,1028067.0,series.ar.bcra.peso_deposits_at_bcra,19
2022-03-22,1063562.0,series.ar.bcra.peso_deposits_at_bcra,19
2022-03-23,954334.0,series.ar.bcra.peso_deposits_at_bcra,19
2022-03-25,957380.0,series.ar.bcra.peso_deposits_at_bcra,19
2022-03-28,868935.0,series.ar.bcra.peso_deposits_at_bcra,19
2022-03-29,920621.0,series.ar.bcra.peso_deposits_at_bcra,19
2022-03-30,851980.0,series.ar.bcra.peso_deposits_at_bcra,19
2022-03-31,867983.0,series.ar.bcra.peso_deposits_at_bcra,19
2022-04-01,1109899.0,series.ar.bcra.peso_deposits_at_bcra,19
2022-04-04,1180336.0,series.ar.bcra.peso_deposits_at_bcra,19
2022-04-05,1029316.0,series.ar.bcra.peso_deposits_at_bcra,19
2022-04-06,909677.0,series.ar.bcra.peso_deposits_at_bcra,19
2022-04-07,981171.0,series.ar.bcra.peso_deposits_at_bcra,19
2022-04-08,966001.0,series.ar.bcra.peso_deposits_at_bcra,19
2022-04-11,974794.0,series.ar.bcra.peso_deposits_at_bcra,19
2022-04-12,1081805.0,series.ar.bcra.peso_deposits_at_bcra,19
2022-04-13,975720.0,series.ar.bcra.peso_deposits_at_bcra,19
2022-04-18,920556.0,series.ar.bcra.peso_deposits_at_bcra,19
2022-04-19,810260.0,series.ar.bcra.peso_deposits_at_bcra,19
2022-04-20,819927.0,series.ar.bcra.peso_deposits_at_bcra,19
2022-04-21,868393.0,series.ar.bcra.peso_deposits_at_bcra,19
2022-04-22,820503.0,series.ar.bcra.peso_deposits_at_bcra,19
2022-04-25,978051.0,series.ar.bcra.peso_deposits_at_bcra,19
2022-04-26,856782.0,series.ar.bcra.peso_deposits_at_bcra,19
2022-04-27,777876.0,series.ar.bcra.peso_deposits_at_bcra,19
2022-04-28,786094.0,series.ar.bcra.peso_deposits_at_bcra,19
2022-04-29,832355.0,series.ar.bcra.peso_deposits_at_bcra,19
2022-05-02,1052639.0,series.ar.bcra.peso_deposits_at_bcra,19
2022-05-03,1026674.0,series.ar.bcra.peso_deposits_at_bcra,19
2022-05-04,1025555.0,series.ar.bcra.peso_deposits_at_bcra,19
2022-05-05,973103.0,series.ar.bcra.peso_deposits_at_bcra,19
2022-05-06,1012208.0,series.ar.bcra.peso_deposits_at_bcra,19
2022-05-09,1024642.0,series.ar.bcra.peso_deposits_at_bcra,19
2022-05-10,964072.0,series.ar.bcra.peso_deposits_at_bcra,19
2022-05-11,1005869.0,series.ar.bcra.peso_deposits_at_bcra,19
2022-05-12,933675.0,series.ar.bcra.peso_deposits_at_bcra,19
2022-05-13,922500.0,series.ar.bcra.peso_deposits_at_bcra,19
2022-05-16,999769.0,series.ar.bcra.peso_deposits_at_bcra,19
2022-05-17,934848.0,series.ar.bcra.peso_deposits_at_bcra,19
2022-05-19,937710.0,series.ar.bcra.peso_deposits_at_bcra,19
2022-05-20,923868.0,series.ar.bcra.peso_deposits_at_bcra,19
2022-05-23,972507.0,series.ar.bcra.peso_deposits_at_bcra,19
2022-05-24,933552.0,series.ar.bcra.peso_deposits_at_bcra,19
2022-05-26,911484.0,series.ar.bcra.peso_deposits_at_bcra,19
2022-05-27,912146.0,series.ar.bcra.peso_deposits_at_bcra,19
2022-05-30,875992.0,series.ar.bcra.peso_deposits_at_bcra,19
2022-05-31,964104.0,series.ar.bcra.peso_deposits_at_bcra,19
2022-06-01,1170645.0,series.ar.bcra.peso_deposits_at_bcra,19
2022-06-02,1015318.0,series.ar.bcra.peso_deposits_at_bcra,19
2022-06-03,1000601.0,series.ar.bcra.peso_deposits_at_bcra,19
2022-06-06,1086292.0,series.ar.bcra.peso_deposits_at_bcra,19
2022-06-07,969879.0,series.ar.bcra.peso_deposits_at_bcra,19
2022-06-08,937192.0,series.ar.bcra.peso_deposits_at_bcra,19
2022-06-09,909080.0,series.ar.bcra.peso_deposits_at_bcra,19
2022-06-10,940410.0,series.ar.bcra.peso_deposits_at_bcra,19
2022-06-13,1008000.0,series.ar.bcra.peso_deposits_at_bcra,19
2022-06-14,976734.0,series.ar.bcra.peso_deposits_at_bcra,19
2022-06-15,974589.0,series.ar.bcra.peso_deposits_at_bcra,19
2022-06-16,965971.0,series.ar.bcra.peso_deposits_at_bcra,19
2022-06-21,963101.0,series.ar.bcra.peso_deposits_at_bcra,19
2022-06-22,868151.0,series.ar.bcra.peso_deposits_at_bcra,19
2022-06-23,893827.0,series.ar.bcra.peso_deposits_at_bcra,19
2022-06-24,878106.0,series.ar.bcra.peso_deposits_at_bcra,19
2022-06-27,920384.0,series.ar.bcra.peso_deposits_at_bcra,19
2022-06-28,929121.0,series.ar.bcra.peso_deposits_at_bcra,19
2022-06-29,904016.0,series.ar.bcra.peso_deposits_at_bcra,19
2022-06-30,910634.0,series.ar.bcra.peso_deposits_at_bcra,19
2022-07-01,1070691.0,series.ar.bcra.peso_deposits_at_bcra,19
2022-07-04,1125428.0,series.ar.bcra.peso_deposits_at_bcra,19
2022-07-05,1100575.0,series.ar.bcra.peso_deposits_at_bcra,19
2022-07-06,1113594.0,series.ar.bcra.peso_deposits_at_bcra,19
2022-07-07,1010179.0,series.ar.bcra.peso_deposits_at_bcra,19
2022-07-08,1001320.0,series.ar.bcra.peso_deposits_at_bcra,19
2022-07-11,1095083.0,series.ar.bcra.peso_deposits_at_bcra,19
2022-07-12,983471.0,series.ar.bcra.peso_deposits_at_bcra,19
2022-07-13,977610.0,series.ar.bcra.peso_deposits_at_bcra,19
2022-07-14,972064.0,series.ar.bcra.peso_deposits_at_bcra,19
2022-07-15,904776.0,series.ar.bcra.peso_deposits_at_bcra,19
2022-07-18,954274.0,series.ar.bcra.peso_deposits_at_bcra,19
2022-07-19,1051709.0,series.ar.bcra.peso_deposits_at_bcra,19
2022-07-20,954913.0,series.ar.bcra.peso_deposits_at_bcra,19
2022-07-21,960224.0,series.ar.bcra.peso_deposits_at_bcra,19
2022-07-22,992630.0,series.ar.bcra.peso_deposits_at_bcra,19
2022-07-25,992359.0,series.ar.bcra.peso_deposits_at_bcra,19
2022-07-26,1001385.0,series.ar.bcra.peso_deposits_at_bcra,19
2022-07-27,982372.0,series.ar.bcra.peso_deposits_at_bcra,19
2022-07-28,1011762.0,series.ar.bcra.peso_deposits_at_bcra,19
2022-07-29,1082527.0,series.ar.bcra.peso_deposits_at_bcra,19
2022-08-01,1120912.0,series.ar.bcra.peso_deposits_at_bcra,19
2022-08-02,1131251.0,series.ar.bcra.peso_deposits_at_bcra,19
2022-08-03,1096428.0,series.ar.bcra.peso_deposits_at_bcra,19
2022-08-04,1091963.0,series.ar.bcra.peso_deposits_at_bcra,19
2022-08-05,1035004.0,series.ar.bcra.peso_deposits_at_bcra,19
2022-08-08,1097867.0,series.ar.bcra.peso_deposits_at_bcra,19
2022-08-09,1095866.0,series.ar.bcra.peso_deposits_at_bcra,19
2022-08-10,1140581.0,series.ar.bcra.peso_deposits_at_bcra,19
2022-08-11,1042362.0,series.ar.bcra.peso_deposits_at_bcra,19
2022-08-12,1010071.0,series.ar.bcra.peso_deposits_at_bcra,19
2022-08-16,1103653.0,series.ar.bcra.peso_deposits_at_bcra,19
2022-08-17,1110429.0,series.ar.bcra.peso_deposits_at_bcra,19
2022-08-18,1017884.0,series.ar.bcra.peso_deposits_at_bcra,19
2022-08-19,1021494.0,series.ar.bcra.peso_deposits_at_bcra,19
2022-08-22,1074122.0,series.ar.bcra.peso_deposits_at_bcra,19
2022-08-23,942730.0,series.ar.bcra.peso_deposits_at_bcra,19
2022-08-24,997688.0,series.ar.bcra.peso_deposits_at_bcra,19
2022-08-25,1047300.0,series.ar.bcra.peso_deposits_at_bcra,19
2022-08-26,1027831.0,series.ar.bcra.peso_deposits_at_bcra,19
2022-08-29,1160566.0,series.ar.bcra.peso_deposits_at_bcra,19
2022-08-30,1041924.0,series.ar.bcra.peso_deposits_at_bcra,19
2022-08-31,1020623.0,series.ar.bcra.peso_deposits_at_bcra,19
2022-09-01,1146205.0,series.ar.bcra.peso_deposits_at_bcra,19
2022-09-05,1229291.0,series.ar.bcra.peso_deposits_at_bcra,19
2022-09-06,1205810.0,series.ar.bcra.peso_deposits_at_bcra,19
2022-09-07,1064238.0,series.ar.bcra.peso_deposits_at_bcra,19
2022-09-08,1035082.0,series.ar.bcra.peso_deposits_at_bcra,19
2022-09-09,949496.0,series.ar.bcra.peso_deposits_at_bcra,19
2022-09-12,1086972.0,series.ar.bcra.peso_deposits_at_bcra,19
2022-09-13,989536.0,series.ar.bcra.peso_deposits_at_bcra,19
2022-09-14,929796.0,series.ar.bcra.peso_deposits_at_bcra,19
2022-09-15,1096510.0,series.ar.bcra.peso_deposits_at_bcra,19
2022-09-16,948504.0,series.ar.bcra.peso_deposits_at_bcra,19
2022-09-19,1128204.0,series.ar.bcra.peso_deposits_at_bcra,19
2022-09-20,914115.0,series.ar.bcra.peso_deposits_at_bcra,19
2022-09-21,887893.0,series.ar.bcra.peso_deposits_at_bcra,19
2022-09-22,937864.0,series.ar.bcra.peso_deposits_at_bcra,19
2022-09-23,921700.0,series.ar.bcra.peso_deposits_at_bcra,19
2022-09-26,939123.0,series.ar.bcra.peso_deposits_at_bcra,19
2022-09-27,1004213.0,series.ar.bcra.peso_deposits_at_bcra,19
2022-09-28,866812.0,series.ar.bcra.peso_deposits_at_bcra,19
2022-09-29,991698.0,series.ar.bcra.peso_deposits_at_bcra,19
2022-09-30,904035.0,series.ar.bcra.peso_deposits_at_bcra,19
2022-10-03,984486.0,series.ar.bcra.peso_deposits_at_bcra,19
2022-10-04,926473.0,series.ar.bcra.peso_deposits_at_bcra,19
2022-10-05,1040509.0,series.ar.bcra.peso_deposits_at_bcra,19
2022-10-06,1038704.0,series.ar.bcra.peso_deposits_at_bcra,19
2022-10-11,1070563.0,series.ar.bcra.peso_deposits_at_bcra,19
2022-10-12,900370.0,series.ar.bcra.peso_deposits_at_bcra,19
2022-10-13,945731.0,series.ar.bcra.peso_deposits_at_bcra,19
2022-10-14,883309.0,series.ar.bcra.peso_deposits_at_bcra,19
2022-10-17,975921.0,series.ar.bcra.peso_deposits_at_bcra,19
2022-10-18,1007664.0,series.ar.bcra.peso_deposits_at_bcra,19
2022-10-19,940221.0,series.ar.bcra.peso_deposits_at_bcra,19
2022-10-20,1001628.0,series.ar.bcra.peso_deposits_at_bcra,19
2022-10-21,960551.0,series.ar.bcra.peso_deposits_at_bcra,19
2022-10-24,1037359.0,series.ar.bcra.peso_deposits_at_bcra,19
2022-10-25,958046.0,series.ar.bcra.peso_deposits_at_bcra,19
2022-10-26,988997.0,series.ar.bcra.peso_deposits_at_bcra,19
2022-10-27,1091440.0,series.ar.bcra.peso_deposits_at_bcra,19
2022-10-28,1028056.0,series.ar.bcra.peso_deposits_at_bcra,19
2022-10-31,1047072.0,series.ar.bcra.peso_deposits_at_bcra,19
2022-11-01,1075108.0,series.ar.bcra.peso_deposits_at_bcra,19
2022-11-02,1005920.0,series.ar.bcra.peso_deposits_at_bcra,19
2022-11-03,1014352.0,series.ar.bcra.peso_deposits_at_bcra,19
2022-11-04,1017498.0,series.ar.bcra.peso_deposits_at_bcra,19
2022-11-07,1099363.0,series.ar.bcra.peso_deposits_at_bcra,19
2022-11-08,1013221.0,series.ar.bcra.peso_deposits_at_bcra,19
2022-11-09,1010312.0,series.ar.bcra.peso_deposits_at_bcra,19
2022-11-10,1040463.0,series.ar.bcra.peso_deposits_at_bcra,19
2022-11-11,991062.0,series.ar.bcra.peso_deposits_at_bcra,19
2022-11-14,1012400.0,series.ar.bcra.peso_deposits_at_bcra,19
2022-11-15,1049105.0,series.ar.bcra.peso_deposits_at_bcra,19
2022-11-16,1027884.0,series.ar.bcra.peso_deposits_at_bcra,19
2022-11-17,1056136.0,series.ar.bcra.peso_deposits_at_bcra,19
2022-11-18,992057.0,series.ar.bcra.peso_deposits_at_bcra,19
2022-11-22,1229384.0,series.ar.bcra.peso_deposits_at_bcra,19
2022-11-23,1087880.0,series.ar.bcra.peso_deposits_at_bcra,19
2022-11-24,1054557.0,series.ar.bcra.peso_deposits_at_bcra,19
2022-11-25,1045680.0,series.ar.bcra.peso_deposits_at_bcra,19
2022-11-28,1171312.0,series.ar.bcra.peso_deposits_at_bcra,19
2022-11-29,1023891.0,series.ar.bcra.peso_deposits_at_bcra,19
2022-11-30,1078907.0,series.ar.bcra.peso_deposits_at_bcra,19
2022-12-01,1095557.0,series.ar.bcra.peso_deposits_at_bcra,19
2022-12-02,927976.0,series.ar.bcra.peso_deposits_at_bcra,19
2022-12-05,1077840.0,series.ar.bcra.peso_deposits_at_bcra,19
2022-12-06,994250.0,series.ar.bcra.peso_deposits_at_bcra,19
2022-12-07,996968.0,series.ar.bcra.peso_deposits_at_bcra,19
2022-12-12,1180441.0,series.ar.bcra.peso_deposits_at_bcra,19
2022-12-13,1077957.0,series.ar.bcra.peso_deposits_at_bcra,19
2022-12-14,1009135.0,series.ar.bcra.peso_deposits_at_bcra,19
2022-12-15,1168735.0,series.ar.bcra.peso_deposits_at_bcra,19
2022-12-16,1062780.0,series.ar.bcra.peso_deposits_at_bcra,19
2022-12-19,1087366.0,series.ar.bcra.peso_deposits_at_bcra,19
2022-12-20,1182301.0,series.ar.bcra.peso_deposits_at_bcra,19
2022-12-21,924578.0,series.ar.bcra.peso_deposits_at_bcra,19
2022-12-22,925753.0,series.ar.bcra.peso_deposits_at_bcra,19
2022-12-23,864825.0,series.ar.bcra.peso_deposits_at_bcra,19
2022-12-26,910505.0,series.ar.bcra.peso_deposits_at_bcra,19
2022-12-27,958748.0,series.ar.bcra.peso_deposits_at_bcra,19
2022-12-28,986903.0,series.ar.bcra.peso_deposits_at_bcra,19
2022-12-29,1084415.0,series.ar.bcra.peso_deposits_at_bcra,19
2022-12-30,1109157.0,series.ar.bcra.peso_deposits_at_bcra,19
2023-01-02,1095770.0,series.ar.bcra.peso_deposits_at_bcra,19
2023-01-03,1114421.0,series.ar.bcra.peso_deposits_at_bcra,19
2023-01-04,1142162.0,series.ar.bcra.peso_deposits_at_bcra,19
2023-01-05,1124085.0,series.ar.bcra.peso_deposits_at_bcra,19
2023-01-06,1114986.0,series.ar.bcra.peso_deposits_at_bcra,19
2023-01-09,1244813.0,series.ar.bcra.peso_deposits_at_bcra,19
2023-01-10,1181400.0,series.ar.bcra.peso_deposits_at_bcra,19
2023-01-11,1228224.0,series.ar.bcra.peso_deposits_at_bcra,19
2023-01-12,1175252.0,series.ar.bcra.peso_deposits_at_bcra,19
2023-01-13,1207239.0,series.ar.bcra.peso_deposits_at_bcra,19
2023-01-16,1272097.0,series.ar.bcra.peso_deposits_at_bcra,19
2023-01-17,1238704.0,series.ar.bcra.peso_deposits_at_bcra,19
2023-01-18,1212017.0,series.ar.bcra.peso_deposits_at_bcra,19
2023-01-19,1227862.0,series.ar.bcra.peso_deposits_at_bcra,19
2023-01-20,1241386.0,series.ar.bcra.peso_deposits_at_bcra,19
2023-01-23,1300211.0,series.ar.bcra.peso_deposits_at_bcra,19
2023-01-24,1255567.0,series.ar.bcra.peso_deposits_at_bcra,19
2023-01-25,1191090.0,series.ar.bcra.peso_deposits_at_bcra,19
2023-01-26,1201701.0,series.ar.bcra.peso_deposits_at_bcra,19
2023-01-27,1279169.0,series.ar.bcra.peso_deposits_at_bcra,19
2023-01-30,1170947.0,series.ar.bcra.peso_deposits_at_bcra,19
2023-01-31,1253365.0,series.ar.bcra.peso_deposits_at_bcra,19
2023-02-01,1294489.0,series.ar.bcra.peso_deposits_at_bcra,19
2023-02-02,1101801.0,series.ar.bcra.peso_deposits_at_bcra,19
2023-02-03,1149209.0,series.ar.bcra.peso_deposits_at_bcra,19
2023-02-06,1134358.0,series.ar.bcra.peso_deposits_at_bcra,19
2023-02-07,1146970.0,series.ar.bcra.peso_deposits_at_bcra,19
2023-02-08,1116886.0,series.ar.bcra.peso_deposits_at_bcra,19
2023-02-09,1151601.0,series.ar.bcra.peso_deposits_at_bcra,19
2023-02-10,1164256.0,series.ar.bcra.peso_deposits_at_bcra,19
2023-02-13,1126953.0,series.ar.bcra.peso_deposits_at_bcra,19
2023-02-14,1125567.0,series.ar.bcra.peso_deposits_at_bcra,19
2023-02-15,1186323.0,series.ar.bcra.peso_deposits_at_bcra,19
2023-02-16,1232873.0,series.ar.bcra.peso_deposits_at_bcra,19
2023-02-17,1203394.0,series.ar.bcra.peso_deposits_at_bcra,19
2023-02-22,1169271.0,series.ar.bcra.peso_deposits_at_bcra,19
2023-02-23,1150026.0,series.ar.bcra.peso_deposits_at_bcra,19
2023-02-24,1085703.0,series.ar.bcra.peso_deposits_at_bcra,19
2023-02-27,1042721.0,series.ar.bcra.peso_deposits_at_bcra,19
2023-02-28,1147619.0,series.ar.bcra.peso_deposits_at_bcra,19
2023-03-01,1102645.0,series.ar.bcra.peso_deposits_at_bcra,19
2023-03-02,1083832.0,series.ar.bcra.peso_deposits_at_bcra,19
2023-03-03,1098234.0,series.ar.bcra.peso_deposits_at_bcra,19
2023-03-06,1060156.0,series.ar.bcra.peso_deposits_at_bcra,19
2023-03-07,1095284.0,series.ar.bcra.peso_deposits_at_bcra,19
2023-03-08,1095333.0,series.ar.bcra.peso_deposits_at_bcra,19
2023-03-09,1113903.0,series.ar.bcra.peso_deposits_at_bcra,19
2023-03-10,1095441.0,series.ar.bcra.peso_deposits_at_bcra,19
2023-03-13,1070515.0,series.ar.bcra.peso_deposits_at_bcra,19
2023-03-14,1208953.0,series.ar.bcra.peso_deposits_at_bcra,19
2023-03-15,1156651.0,series.ar.bcra.peso_deposits_at_bcra,19
2023-03-16,1143312.0,series.ar.bcra.peso_deposits_at_bcra,19
2023-03-17,1091971.0,series.ar.bcra.peso_deposits_at_bcra,19
2023-03-20,1024300.0,series.ar.bcra.peso_deposits_at_bcra,19
2023-03-21,1030055.0,series.ar.bcra.peso_deposits_at_bcra,19
2023-03-22,1036266.0,series.ar.bcra.peso_deposits_at_bcra,19
2023-03-23,1041780.0,series.ar.bcra.peso_deposits_at_bcra,19
2023-03-27,1042522.0,series.ar.bcra.peso_deposits_at_bcra,19
2023-03-28,1068545.0,series.ar.bcra.peso_deposits_at_bcra,19
2023-03-29,1025910.0,series.ar.bcra.peso_deposits_at_bcra,19
2023-03-30,1142261.0,series.ar.bcra.peso_deposits_at_bcra,19
2023-03-31,1278236.0,series.ar.bcra.peso_deposits_at_bcra,19
2023-04-03,1172947.0,series.ar.bcra.peso_deposits_at_bcra,19
2023-04-04,1108993.0,series.ar.bcra.peso_deposits_at_bcra,19
2023-04-05,1258504.0,series.ar.bcra.peso_deposits_at_bcra,19
2023-04-10,1142772.0,series.ar.bcra.peso_deposits_at_bcra,19
2023-04-11,1116190.0,series.ar.bcra.peso_deposits_at_bcra,19
2023-04-12,1032875.0,series.ar.bcra.peso_deposits_at_bcra,19
2023-04-13,1032201.0,series.ar.bcra.peso_deposits_at_bcra,19
2023-04-14,1002358.0,series.ar.bcra.peso_deposits_at_bcra,19
2023-04-17,1034050.0,series.ar.bcra.peso_deposits_at_bcra,19
2023-04-18,987778.0,series.ar.bcra.peso_deposits_at_bcra,19
2023-04-19,977362.0,series.ar.bcra.peso_deposits_at_bcra,19
2023-04-20,959938.0,series.ar.bcra.peso_deposits_at_bcra,19
2023-04-21,993037.0,series.ar.bcra.peso_deposits_at_bcra,19
2023-04-24,968165.0,series.ar.bcra.peso_deposits_at_bcra,19
2023-04-25,967244.0,series.ar.bcra.peso_deposits_at_bcra,19
2023-04-26,960082.0,series.ar.bcra.peso_deposits_at_bcra,19
2023-04-27,993542.0,series.ar.bcra.peso_deposits_at_bcra,19
2023-04-28,1132502.0,series.ar.bcra.peso_deposits_at_bcra,19
2023-05-02,1162749.0,series.ar.bcra.peso_deposits_at_bcra,19
2023-05-03,1158152.0,series.ar.bcra.peso_deposits_at_bcra,19
2023-05-04,1188160.0,series.ar.bcra.peso_deposits_at_bcra,19
2023-05-05,1179378.0,series.ar.bcra.peso_deposits_at_bcra,19
2023-05-08,1143276.0,series.ar.bcra.peso_deposits_at_bcra,19
2023-05-09,1176377.0,series.ar.bcra.peso_deposits_at_bcra,19
2023-05-10,1127795.0,series.ar.bcra.peso_deposits_at_bcra,19
2023-05-11,1113885.0,series.ar.bcra.peso_deposits_at_bcra,19
2023-05-12,1038294.0,series.ar.bcra.peso_deposits_at_bcra,19
2023-05-15,980229.0,series.ar.bcra.peso_deposits_at_bcra,19
2023-05-16,978676.0,series.ar.bcra.peso_deposits_at_bcra,19
2023-05-17,956827.0,series.ar.bcra.peso_deposits_at_bcra,19
2023-05-18,1004844.0,series.ar.bcra.peso_deposits_at_bcra,19
2023-05-19,1011529.0,series.ar.bcra.peso_deposits_at_bcra,19
2023-05-22,1030996.0,series.ar.bcra.peso_deposits_at_bcra,19
2023-05-23,1033531.0,series.ar.bcra.peso_deposits_at_bcra,19
2023-05-24,1094228.0,series.ar.bcra.peso_deposits_at_bcra,19
2023-05-29,1100377.0,series.ar.bcra.peso_deposits_at_bcra,19
2023-05-30,1173827.0,series.ar.bcra.peso_deposits_at_bcra,19
2023-05-31,1246364.0,series.ar.bcra.peso_deposits_at_bcra,19
2023-06-01,1236992.0,series.ar.bcra.peso_deposits_at_bcra,19
2023-06-02,1226617.0,series.ar.bcra.peso_deposits_at_bcra,19
2023-06-05,1058896.0,series.ar.bcra.peso_deposits_at_bcra,19
2023-06-06,1068806.0,series.ar.bcra.peso_deposits_at_bcra,19
2023-06-07,1073285.0,series.ar.bcra.peso_deposits_at_bcra,19
2023-06-08,1075830.0,series.ar.bcra.peso_deposits_at_bcra,19
2023-06-09,1116671.0,series.ar.bcra.peso_deposits_at_bcra,19
2023-06-12,1166417.0,series.ar.bcra.peso_deposits_at_bcra,19
2023-06-13,1144336.0,series.ar.bcra.peso_deposits_at_bcra,19
2023-06-14,1082553.0,series.ar.bcra.peso_deposits_at_bcra,19
2023-06-15,1058179.0,series.ar.bcra.peso_deposits_at_bcra,19
2023-06-16,1059503.0,series.ar.bcra.peso_deposits_at_bcra,19
2023-06-21,947243.0,series.ar.bcra.peso_deposits_at_bcra,19
2023-06-22,1026564.0,series.ar.bcra.peso_deposits_at_bcra,19
2023-06-23,1118279.0,series.ar.bcra.peso_deposits_at_bcra,19
2023-06-26,1040862.0,series.ar.bcra.peso_deposits_at_bcra,19
2023-06-27,1077537.0,series.ar.bcra.peso_deposits_at_bcra,19
2023-06-28,1049445.0,series.ar.bcra.peso_deposits_at_bcra,19
2023-06-29,1071879.0,series.ar.bcra.peso_deposits_at_bcra,19
2023-06-30,1202542.0,series.ar.bcra.peso_deposits_at_bcra,19
2023-07-03,1211500.0,series.ar.bcra.peso_deposits_at_bcra,19
2023-07-04,1107322.0,series.ar.bcra.peso_deposits_at_bcra,19
2023-07-05,1039221.0,series.ar.bcra.peso_deposits_at_bcra,19
2023-07-06,1696753.0,series.ar.bcra.peso_deposits_at_bcra,19
2023-07-07,1781268.0,series.ar.bcra.peso_deposits_at_bcra,19
2023-07-10,1036720.0,series.ar.bcra.peso_deposits_at_bcra,19
2023-07-11,1108915.0,series.ar.bcra.peso_deposits_at_bcra,19
2023-07-12,1040597.0,series.ar.bcra.peso_deposits_at_bcra,19
2023-07-13,1048072.0,series.ar.bcra.peso_deposits_at_bcra,19
2023-07-14,1093849.0,series.ar.bcra.peso_deposits_at_bcra,19
2023-07-17,1030523.0,series.ar.bcra.peso_deposits_at_bcra,19
2023-07-18,1092786.0,series.ar.bcra.peso_deposits_at_bcra,19
2023-07-19,1100482.0,series.ar.bcra.peso_deposits_at_bcra,19
2023-07-20,1135621.0,series.ar.bcra.peso_deposits_at_bcra,19
2023-07-21,1160238.0,series.ar.bcra.peso_deposits_at_bcra,19
2023-07-24,1091353.0,series.ar.bcra.peso_deposits_at_bcra,19
2023-07-25,1172775.0,series.ar.bcra.peso_deposits_at_bcra,19
2023-07-26,1149431.0,series.ar.bcra.peso_deposits_at_bcra,19
2023-07-27,1186814.0,series.ar.bcra.peso_deposits_at_bcra,19
2023-07-28,1142764.0,series.ar.bcra.peso_deposits_at_bcra,19
2023-07-31,1319857.0,series.ar.bcra.peso_deposits_at_bcra,19
2023-08-01,1291519.0,series.ar.bcra.peso_deposits_at_bcra,19
2023-08-02,1221613.0,series.ar.bcra.peso_deposits_at_bcra,19
2023-08-03,1229831.0,series.ar.bcra.peso_deposits_at_bcra,19
2023-08-04,1268234.0,series.ar.bcra.peso_deposits_at_bcra,19
2023-08-07,1247327.0,series.ar.bcra.peso_deposits_at_bcra,19
2023-08-08,1245636.0,series.ar.bcra.peso_deposits_at_bcra,19
2023-08-09,1196226.0,series.ar.bcra.peso_deposits_at_bcra,19
2023-08-10,1262016.0,series.ar.bcra.peso_deposits_at_bcra,19
2023-08-11,1364740.0,series.ar.bcra.peso_deposits_at_bcra,19
2023-08-14,1235097.0,series.ar.bcra.peso_deposits_at_bcra,19
2023-08-15,1274821.0,series.ar.bcra.peso_deposits_at_bcra,19
2023-08-16,1178552.0,series.ar.bcra.peso_deposits_at_bcra,19
2023-08-17,1221354.0,series.ar.bcra.peso_deposits_at_bcra,19
2023-08-18,1234794.0,series.ar.bcra.peso_deposits_at_bcra,19
2023-08-22,1133254.0,series.ar.bcra.peso_deposits_at_bcra,19
2023-08-23,1172658.0,series.ar.bcra.peso_deposits_at_bcra,19
2023-08-24,1192015.0,series.ar.bcra.peso_deposits_at_bcra,19
2023-08-25,1303961.0,series.ar.bcra.peso_deposits_at_bcra,19
2023-08-28,998890.0,series.ar.bcra.peso_deposits_at_bcra,19
2023-08-29,954984.0,series.ar.bcra.peso_deposits_at_bcra,19
2023-08-30,990673.0,series.ar.bcra.peso_deposits_at_bcra,19
2023-08-31,1458278.0,series.ar.bcra.peso_deposits_at_bcra,19
2023-09-01,1448204.0,series.ar.bcra.peso_deposits_at_bcra,19
2023-09-04,1341013.0,series.ar.bcra.peso_deposits_at_bcra,19
2023-09-05,1380516.0,series.ar.bcra.peso_deposits_at_bcra,19
2023-09-06,1318847.0,series.ar.bcra.peso_deposits_at_bcra,19
2023-09-07,1391691.0,series.ar.bcra.peso_deposits_at_bcra,19
2023-09-08,1305953.0,series.ar.bcra.peso_deposits_at_bcra,19
2023-09-11,1300577.0,series.ar.bcra.peso_deposits_at_bcra,19
2023-09-12,1343255.0,series.ar.bcra.peso_deposits_at_bcra,19
2023-09-13,1327222.0,series.ar.bcra.peso_deposits_at_bcra,19
2023-09-14,1338521.0,series.ar.bcra.peso_deposits_at_bcra,19
2023-09-15,1148065.0,series.ar.bcra.peso_deposits_at_bcra,19
2023-09-18,1072061.0,series.ar.bcra.peso_deposits_at_bcra,19
2023-09-19,1119178.0,series.ar.bcra.peso_deposits_at_bcra,19
2023-09-20,1148182.0,series.ar.bcra.peso_deposits_at_bcra,19
2023-09-21,1195743.0,series.ar.bcra.peso_deposits_at_bcra,19
2023-09-22,1177482.0,series.ar.bcra.peso_deposits_at_bcra,19
2023-09-25,1159143.0,series.ar.bcra.peso_deposits_at_bcra,19
2023-09-26,1192088.0,series.ar.bcra.peso_deposits_at_bcra,19
2023-09-27,1181543.0,series.ar.bcra.peso_deposits_at_bcra,19
2023-09-28,1104118.0,series.ar.bcra.peso_deposits_at_bcra,19
2023-09-29,1405033.0,series.ar.bcra.peso_deposits_at_bcra,19
2023-10-02,1390110.0,series.ar.bcra.peso_deposits_at_bcra,19
2023-10-03,1457573.0,series.ar.bcra.peso_deposits_at_bcra,19
2023-10-04,1426904.0,series.ar.bcra.peso_deposits_at_bcra,19
2023-10-05,1436579.0,series.ar.bcra.peso_deposits_at_bcra,19
2023-10-06,1508870.0,series.ar.bcra.peso_deposits_at_bcra,19
2023-10-09,1387085.0,series.ar.bcra.peso_deposits_at_bcra,19
2023-10-10,1487191.0,series.ar.bcra.peso_deposits_at_bcra,19
2023-10-11,1451808.0,series.ar.bcra.peso_deposits_at_bcra,19
2023-10-12,1720458.0,series.ar.bcra.peso_deposits_at_bcra,19
2023-10-17,1397218.0,series.ar.bcra.peso_deposits_at_bcra,19
2023-10-18,1291300.0,series.ar.bcra.peso_deposits_at_bcra,19
2023-10-19,1453825.0,series.ar.bcra.peso_deposits_at_bcra,19
2023-10-20,1445015.0,series.ar.bcra.peso_deposits_at_bcra,19
2023-10-23,1154147.0,series.ar.bcra.peso_deposits_at_bcra,19
2023-10-24,1185416.0,series.ar.bcra.peso_deposits_at_bcra,19
2023-10-25,1165351.0,series.ar.bcra.peso_deposits_at_bcra,19
2023-10-26,1206104.0,series.ar.bcra.peso_deposits_at_bcra,19
2023-10-27,1230358.0,series.ar.bcra.peso_deposits_at_bcra,19
2023-10-30,1151368.0,series.ar.bcra.peso_deposits_at_bcra,19
2023-10-31,1415880.0,series.ar.bcra.peso_deposits_at_bcra,19
2023-11-01,1620182.0,series.ar.bcra.peso_deposits_at_bcra,19
2023-11-02,1685729.0,series.ar.bcra.peso_deposits_at_bcra,19
2023-11-03,1811105.0,series.ar.bcra.peso_deposits_at_bcra,19
2023-11-07,1788746.0,series.ar.bcra.peso_deposits_at_bcra,19
2023-11-08,1769840.0,series.ar.bcra.peso_deposits_at_bcra,19
2023-11-09,1757236.0,series.ar.bcra.peso_deposits_at_bcra,19
2023-11-10,1791253.0,series.ar.bcra.peso_deposits_at_bcra,19
2023-11-13,1682826.0,series.ar.bcra.peso_deposits_at_bcra,19
2023-11-14,1738449.0,series.ar.bcra.peso_deposits_at_bcra,19
2023-11-15,1779533.0,series.ar.bcra.peso_deposits_at_bcra,19
2023-11-16,1774478.0,series.ar.bcra.peso_deposits_at_bcra,19
2023-11-17,1821683.0,series.ar.bcra.peso_deposits_at_bcra,19
2023-11-21,1671644.0,series.ar.bcra.peso_deposits_at_bcra,19
2023-11-22,1642495.0,series.ar.bcra.peso_deposits_at_bcra,19
2023-11-23,1715000.0,series.ar.bcra.peso_deposits_at_bcra,19
2023-11-24,1850369.0,series.ar.bcra.peso_deposits_at_bcra,19
2023-11-27,1948593.0,series.ar.bcra.peso_deposits_at_bcra,19
2023-11-28,2083390.0,series.ar.bcra.peso_deposits_at_bcra,19
2023-11-29,1827092.0,series.ar.bcra.peso_deposits_at_bcra,19
2023-11-30,2830119.0,series.ar.bcra.peso_deposits_at_bcra,19
2023-12-01,2314187.0,series.ar.bcra.peso_deposits_at_bcra,19
2023-12-04,2193611.0,series.ar.bcra.peso_deposits_at_bcra,19
2023-12-05,2555665.0,series.ar.bcra.peso_deposits_at_bcra,19
2023-12-06,2480602.0,series.ar.bcra.peso_deposits_at_bcra,19
2023-12-07,3565229.0,series.ar.bcra.peso_deposits_at_bcra,19
2023-12-11,3153798.0,series.ar.bcra.peso_deposits_at_bcra,19
2023-12-12,3270007.0,series.ar.bcra.peso_deposits_at_bcra,19
2023-12-13,2158906.0,series.ar.bcra.peso_deposits_at_bcra,19
2023-12-14,2107828.0,series.ar.bcra.peso_deposits_at_bcra,19
2023-12-15,2251420.0,series.ar.bcra.peso_deposits_at_bcra,19
2023-12-18,2063071.0,series.ar.bcra.peso_deposits_at_bcra,19
2023-12-19,2051002.0,series.ar.bcra.peso_deposits_at_bcra,19
2023-12-20,2064167.0,series.ar.bcra.peso_deposits_at_bcra,19
2023-12-21,2063718.0,series.ar.bcra.peso_deposits_at_bcra,19
2023-12-22,1835301.0,series.ar.bcra.peso_deposits_at_bcra,19
2023-12-26,1919160.0,series.ar.bcra.peso_deposits_at_bcra,19
2023-12-27,1873653.0,series.ar.bcra.peso_deposits_at_bcra,19
2023-12-28,1795359.0,series.ar.bcra.peso_deposits_at_bcra,19
2023-12-29,2172776.0,series.ar.bcra.peso_deposits_at_bcra,19
2024-01-02,2234848.0,series.ar.bcra.peso_deposits_at_bcra,19
2024-01-03,2200366.0,series.ar.bcra.peso_deposits_at_bcra,19
2024-01-04,2214507.0,series.ar.bcra.peso_deposits_at_bcra,19
2024-01-05,2355894.0,series.ar.bcra.peso_deposits_at_bcra,19
2024-01-08,2535972.0,series.ar.bcra.peso_deposits_at_bcra,19
2024-01-09,2821020.0,series.ar.bcra.peso_deposits_at_bcra,19
2024-01-10,2808071.0,series.ar.bcra.peso_deposits_at_bcra,19
2024-01-11,2799624.0,series.ar.bcra.peso_deposits_at_bcra,19
2024-01-12,2791942.0,series.ar.bcra.peso_deposits_at_bcra,19
2024-01-15,2888791.0,series.ar.bcra.peso_deposits_at_bcra,19
2024-01-16,2913394.0,series.ar.bcra.peso_deposits_at_bcra,19
2024-01-17,3383172.0,series.ar.bcra.peso_deposits_at_bcra,19
2024-01-18,2767277.0,series.ar.bcra.peso_deposits_at_bcra,19
2024-01-19,2809418.0,series.ar.bcra.peso_deposits_at_bcra,19
2024-01-22,2683981.0,series.ar.bcra.peso_deposits_at_bcra,19
2024-01-23,2892113.0,series.ar.bcra.peso_deposits_at_bcra,19
2024-01-24,2885064.0,series.ar.bcra.peso_deposits_at_bcra,19
2024-01-25,2861696.0,series.ar.bcra.peso_deposits_at_bcra,19
2024-01-26,3171763.0,series.ar.bcra.peso_deposits_at_bcra,19
2024-01-29,2922108.0,series.ar.bcra.peso_deposits_at_bcra,19
2024-01-30,2837260.0,series.ar.bcra.peso_deposits_at_bcra,19
2024-01-31,3431026.0,series.ar.bcra.peso_deposits_at_bcra,19
2024-02-01,2921584.0,series.ar.bcra.peso_deposits_at_bcra,19
2024-02-02,3076544.0,series.ar.bcra.peso_deposits_at_bcra,19
2024-02-05,2884872.0,series.ar.bcra.peso_deposits_at_bcra,19
2024-02-06,2809878.0,series.ar.bcra.peso_deposits_at_bcra,19
2024-02-07,2817454.0,series.ar.bcra.peso_deposits_at_bcra,19
2024-02-08,2806141.0,series.ar.bcra.peso_deposits_at_bcra,19
2024-02-09,2912024.0,series.ar.bcra.peso_deposits_at_bcra,19
2024-02-14,2765157.0,series.ar.bcra.peso_deposits_at_bcra,19
2024-02-15,2676672.0,series.ar.bcra.peso_deposits_at_bcra,19
2024-02-16,2703223.0,series.ar.bcra.peso_deposits_at_bcra,19
2024-02-19,3438346.0,series.ar.bcra.peso_deposits_at_bcra,19
2024-02-20,2730291.0,series.ar.bcra.peso_deposits_at_bcra,19
2024-02-21,2709477.0,series.ar.bcra.peso_deposits_at_bcra,19
2024-02-22,2733574.0,series.ar.bcra.peso_deposits_at_bcra,19
2024-02-23,2747218.0,series.ar.bcra.peso_deposits_at_bcra,19
2024-02-26,2953353.0,series.ar.bcra.peso_deposits_at_bcra,19
2024-02-27,2727442.0,series.ar.bcra.peso_deposits_at_bcra,19
2024-02-28,2835754.0,series.ar.bcra.peso_deposits_at_bcra,19
2024-02-29,2959885.0,series.ar.bcra.peso_deposits_at_bcra,19
2024-03-01,3179401.0,series.ar.bcra.peso_deposits_at_bcra,19
2024-03-04,3105513.0,series.ar.bcra.peso_deposits_at_bcra,19
2024-03-05,2967652.0,series.ar.bcra.peso_deposits_at_bcra,19
2024-03-06,2911137.0,series.ar.bcra.peso_deposits_at_bcra,19
2024-03-07,3034164.0,series.ar.bcra.peso_deposits_at_bcra,19
2024-03-08,3059986.0,series.ar.bcra.peso_deposits_at_bcra,19
2024-03-11,3017763.0,series.ar.bcra.peso_deposits_at_bcra,19
2024-03-12,2986870.0,series.ar.bcra.peso_deposits_at_bcra,19
2024-03-13,2988934.0,series.ar.bcra.peso_deposits_at_bcra,19
2024-03-14,2658997.0,series.ar.bcra.peso_deposits_at_bcra,19
2024-03-15,2681067.0,series.ar.bcra.peso_deposits_at_bcra,19
2024-03-18,2714317.0,series.ar.bcra.peso_deposits_at_bcra,19
2024-03-19,2730436.0,series.ar.bcra.peso_deposits_at_bcra,19
2024-03-20,3344085.0,series.ar.bcra.peso_deposits_at_bcra,19
2024-03-21,2845685.0,series.ar.bcra.peso_deposits_at_bcra,19
2024-03-22,3233013.0,series.ar.bcra.peso_deposits_at_bcra,19
2024-03-25,2979901.0,series.ar.bcra.peso_deposits_at_bcra,19
2024-03-26,2890074.0,series.ar.bcra.peso_deposits_at_bcra,19
2024-03-27,4042359.0,series.ar.bcra.peso_deposits_at_bcra,19
2024-04-03,3107396.0,series.ar.bcra.peso_deposits_at_bcra,19
2024-04-04,3097846.0,series.ar.bcra.peso_deposits_at_bcra,19
2024-04-05,3255307.0,series.ar.bcra.peso_deposits_at_bcra,19
2024-04-08,3146625.0,series.ar.bcra.peso_deposits_at_bcra,19
2024-04-09,3191340.0,series.ar.bcra.peso_deposits_at_bcra,19
2024-04-10,3168385.0,series.ar.bcra.peso_deposits_at_bcra,19
2024-04-11,3343459.0,series.ar.bcra.peso_deposits_at_bcra,19
2024-04-12,3748659.0,series.ar.bcra.peso_deposits_at_bcra,19
2024-04-15,3905993.0,series.ar.bcra.peso_deposits_at_bcra,19
2024-04-16,4215880.0,series.ar.bcra.peso_deposits_at_bcra,19
2024-04-17,4192545.0,series.ar.bcra.peso_deposits_at_bcra,19
2024-04-18,4234252.0,series.ar.bcra.peso_deposits_at_bcra,19
2024-04-19,4702900.0,series.ar.bcra.peso_deposits_at_bcra,19
2024-04-22,4704670.0,series.ar.bcra.peso_deposits_at_bcra,19
2024-04-23,4793351.0,series.ar.bcra.peso_deposits_at_bcra,19
2024-04-24,4782227.0,series.ar.bcra.peso_deposits_at_bcra,19
2024-04-25,4905392.0,series.ar.bcra.peso_deposits_at_bcra,19
2024-04-26,4952773.0,series.ar.bcra.peso_deposits_at_bcra,19
2024-04-29,5206012.0,series.ar.bcra.peso_deposits_at_bcra,19
2024-04-30,6030955.0,series.ar.bcra.peso_deposits_at_bcra,19
2024-05-02,4240492.0,series.ar.bcra.peso_deposits_at_bcra,19
2024-05-03,4323020.0,series.ar.bcra.peso_deposits_at_bcra,19
2024-05-06,4429406.0,series.ar.bcra.peso_deposits_at_bcra,19
2024-05-07,4303460.0,series.ar.bcra.peso_deposits_at_bcra,19
2024-05-08,4653680.0,series.ar.bcra.peso_deposits_at_bcra,19
2024-05-09,4595359.0,series.ar.bcra.peso_deposits_at_bcra,19
2024-05-10,4622456.0,series.ar.bcra.peso_deposits_at_bcra,19
2024-05-13,4608589.0,series.ar.bcra.peso_deposits_at_bcra,19
2024-05-14,4705612.0,series.ar.bcra.peso_deposits_at_bcra,19
2024-05-15,6498064.0,series.ar.bcra.peso_deposits_at_bcra,19
2024-05-16,6354557.0,series.ar.bcra.peso_deposits_at_bcra,19
2024-05-17,6356218.0,series.ar.bcra.peso_deposits_at_bcra,19
2024-05-20,8600303.0,series.ar.bcra.peso_deposits_at_bcra,19
2024-05-21,5502936.0,series.ar.bcra.peso_deposits_at_bcra,19
2024-05-22,4872467.0,series.ar.bcra.peso_deposits_at_bcra,19
2024-05-23,4873080.0,series.ar.bcra.peso_deposits_at_bcra,19
2024-05-24,5091515.0,series.ar.bcra.peso_deposits_at_bcra,19
2024-05-27,5250161.0,series.ar.bcra.peso_deposits_at_bcra,19
2024-05-28,5443985.0,series.ar.bcra.peso_deposits_at_bcra,19
2024-05-29,5484162.0,series.ar.bcra.peso_deposits_at_bcra,19
2024-05-30,5751369.0,series.ar.bcra.peso_deposits_at_bcra,19
2024-05-31,6903708.0,series.ar.bcra.peso_deposits_at_bcra,19
2024-06-03,6382658.0,series.ar.bcra.peso_deposits_at_bcra,19
2024-06-04,6252717.0,series.ar.bcra.peso_deposits_at_bcra,19
2024-06-05,6412247.0,series.ar.bcra.peso_deposits_at_bcra,19
2024-06-06,6667449.0,series.ar.bcra.peso_deposits_at_bcra,19
2024-06-07,7090285.0,series.ar.bcra.peso_deposits_at_bcra,19
2024-06-10,6140024.0,series.ar.bcra.peso_deposits_at_bcra,19
2024-06-11,5773965.0,series.ar.bcra.peso_deposits_at_bcra,19
2024-06-12,6373450.0,series.ar.bcra.peso_deposits_at_bcra,19
2024-06-13,5927980.0,series.ar.bcra.peso_deposits_at_bcra,19
2024-06-14,7609566.0,series.ar.bcra.peso_deposits_at_bcra,19
2024-06-18,6555723.0,series.ar.bcra.peso_deposits_at_bcra,19
2024-06-19,6889548.0,series.ar.bcra.peso_deposits_at_bcra,19
2024-06-24,5941966.0,series.ar.bcra.peso_deposits_at_bcra,19
2024-06-25,6130003.0,series.ar.bcra.peso_deposits_at_bcra,19
2024-06-26,6440527.0,series.ar.bcra.peso_deposits_at_bcra,19
2024-06-27,6325009.0,series.ar.bcra.peso_deposits_at_bcra,19
2024-06-28,7781851.0,series.ar.bcra.peso_deposits_at_bcra,19
2024-07-01,11733091.0,series.ar.bcra.peso_deposits_at_bcra,19
2024-07-02,9205249.0,series.ar.bcra.peso_deposits_at_bcra,19
2024-07-03,9251586.0,series.ar.bcra.peso_deposits_at_bcra,19
2024-07-04,8905056.0,series.ar.bcra.peso_deposits_at_bcra,19
2024-07-05,8984160.0,series.ar.bcra.peso_deposits_at_bcra,19
2024-07-08,8872636.0,series.ar.bcra.peso_deposits_at_bcra,19
2024-07-10,8146397.0,series.ar.bcra.peso_deposits_at_bcra,19
2024-07-11,7830437.0,series.ar.bcra.peso_deposits_at_bcra,19
2024-07-12,8217393.0,series.ar.bcra.peso_deposits_at_bcra,19
2024-07-15,7660153.0,series.ar.bcra.peso_deposits_at_bcra,19
2024-07-16,7223117.0,series.ar.bcra.peso_deposits_at_bcra,19
2024-07-17,7386724.0,series.ar.bcra.peso_deposits_at_bcra,19
2024-07-18,7637545.0,series.ar.bcra.peso_deposits_at_bcra,19
2024-07-19,7853142.0,series.ar.bcra.peso_deposits_at_bcra,19
2024-07-22,7710754.0,series.ar.bcra.peso_deposits_at_bcra,19
2024-07-23,7145473.0,series.ar.bcra.peso_deposits_at_bcra,19
2024-07-24,6771282.0,series.ar.bcra.peso_deposits_at_bcra,19
2024-07-25,6606522.0,series.ar.bcra.peso_deposits_at_bcra,19
2024-07-26,6837082.0,series.ar.bcra.peso_deposits_at_bcra,19
2024-07-29,7049759.0,series.ar.bcra.peso_deposits_at_bcra,19
2024-07-30,7155729.0,series.ar.bcra.peso_deposits_at_bcra,19
2024-07-31,7847007.0,series.ar.bcra.peso_deposits_at_bcra,19
2024-08-01,8753482.0,series.ar.bcra.peso_deposits_at_bcra,19
2024-08-02,9233510.0,series.ar.bcra.peso_deposits_at_bcra,19
2024-08-05,9654248.0,series.ar.bcra.peso_deposits_at_bcra,19
2024-08-06,9128048.0,series.ar.bcra.peso_deposits_at_bcra,19
2024-08-07,8987886.0,series.ar.bcra.peso_deposits_at_bcra,19
2024-08-08,9063011.0,series.ar.bcra.peso_deposits_at_bcra,19
2024-08-09,8424448.0,series.ar.bcra.peso_deposits_at_bcra,19
2024-08-12,8477021.0,series.ar.bcra.peso_deposits_at_bcra,19
2024-08-13,9030164.0,series.ar.bcra.peso_deposits_at_bcra,19
2024-08-14,8956035.0,series.ar.bcra.peso_deposits_at_bcra,19
2024-08-15,8317874.0,series.ar.bcra.peso_deposits_at_bcra,19
2024-08-16,8283801.0,series.ar.bcra.peso_deposits_at_bcra,19
2024-08-19,8035347.0,series.ar.bcra.peso_deposits_at_bcra,19
2024-08-20,7690133.0,series.ar.bcra.peso_deposits_at_bcra,19
2024-08-21,7916647.0,series.ar.bcra.peso_deposits_at_bcra,19
2024-08-22,7843056.0,series.ar.bcra.peso_deposits_at_bcra,19
2024-08-23,7797087.0,series.ar.bcra.peso_deposits_at_bcra,19
2024-08-26,7795728.0,series.ar.bcra.peso_deposits_at_bcra,19
2024-08-27,7968915.0,series.ar.bcra.peso_deposits_at_bcra,19
2024-08-28,7015308.0,series.ar.bcra.peso_deposits_at_bcra,19
2024-08-29,7638100.0,series.ar.bcra.peso_deposits_at_bcra,19
2024-08-30,7582929.0,series.ar.bcra.peso_deposits_at_bcra,19
2024-09-02,8675099.0,series.ar.bcra.peso_deposits_at_bcra,19
2024-09-03,8963020.0,series.ar.bcra.peso_deposits_at_bcra,19
2024-09-04,9295602.0,series.ar.bcra.peso_deposits_at_bcra,19
2024-09-05,8942597.0,series.ar.bcra.peso_deposits_at_bcra,19
2024-09-06,9196100.0,series.ar.bcra.peso_deposits_at_bcra,19
2024-09-09,8885256.0,series.ar.bcra.peso_deposits_at_bcra,19
2024-09-10,8514059.0,series.ar.bcra.peso_deposits_at_bcra,19
2024-09-11,8751576.0,series.ar.bcra.peso_deposits_at_bcra,19
2024-09-12,8759047.0,series.ar.bcra.peso_deposits_at_bcra,19
2024-09-13,8606551.0,series.ar.bcra.peso_deposits_at_bcra,19
2024-09-16,8106991.0,series.ar.bcra.peso_deposits_at_bcra,19
2024-09-17,8279819.0,series.ar.bcra.peso_deposits_at_bcra,19
2024-09-18,8415425.0,series.ar.bcra.peso_deposits_at_bcra,19
2024-09-19,7663435.0,series.ar.bcra.peso_deposits_at_bcra,19
2024-09-20,7962787.0,series.ar.bcra.peso_deposits_at_bcra,19
2024-09-23,7736853.0,series.ar.bcra.peso_deposits_at_bcra,19
2024-09-24,7175968.0,series.ar.bcra.peso_deposits_at_bcra,19
2024-09-25,7328180.0,series.ar.bcra.peso_deposits_at_bcra,19
2024-09-26,6999209.0,series.ar.bcra.peso_deposits_at_bcra,19
2024-09-27,7036960.0,series.ar.bcra.peso_deposits_at_bcra,19
2024-09-30,7592338.0,series.ar.bcra.peso_deposits_at_bcra,19
2024-10-01,8922085.0,series.ar.bcra.peso_deposits_at_bcra,19
2024-10-02,9260107.0,series.ar.bcra.peso_deposits_at_bcra,19
2024-10-03,9238524.0,series.ar.bcra.peso_deposits_at_bcra,19
2024-10-04,9155240.0,series.ar.bcra.peso_deposits_at_bcra,19
2024-10-07,8962616.0,series.ar.bcra.peso_deposits_at_bcra,19
2024-10-08,8855212.0,series.ar.bcra.peso_deposits_at_bcra,19
2024-10-09,8678493.0,series.ar.bcra.peso_deposits_at_bcra,19
2024-10-10,9718070.0,series.ar.bcra.peso_deposits_at_bcra,19
2024-10-14,8270128.0,series.ar.bcra.peso_deposits_at_bcra,19
2024-10-15,7461737.0,series.ar.bcra.peso_deposits_at_bcra,19
2024-10-16,7363050.0,series.ar.bcra.peso_deposits_at_bcra,19
2024-10-17,7380773.0,series.ar.bcra.peso_deposits_at_bcra,19
2024-10-18,7216196.0,series.ar.bcra.peso_deposits_at_bcra,19
2024-10-21,7395286.0,series.ar.bcra.peso_deposits_at_bcra,19
2024-10-22,7598743.0,series.ar.bcra.peso_deposits_at_bcra,19
2024-10-23,7447536.0,series.ar.bcra.peso_deposits_at_bcra,19
2024-10-24,7164320.0,series.ar.bcra.peso_deposits_at_bcra,19
2024-10-25,7324098.0,series.ar.bcra.peso_deposits_at_bcra,19
2024-10-28,6796047.0,series.ar.bcra.peso_deposits_at_bcra,19
2024-10-29,6681619.0,series.ar.bcra.peso_deposits_at_bcra,19
2024-10-30,7022038.0,series.ar.bcra.peso_deposits_at_bcra,19
2024-10-31,7183227.0,series.ar.bcra.peso_deposits_at_bcra,19
2024-11-01,9758949.0,series.ar.bcra.peso_deposits_at_bcra,19
2024-11-04,10415671.0,series.ar.bcra.peso_deposits_at_bcra,19
2024-11-05,10471143.0,series.ar.bcra.peso_deposits_at_bcra,19
2024-11-07,10352991.0,series.ar.bcra.peso_deposits_at_bcra,19
2024-11-08,9995927.0,series.ar.bcra.peso_deposits_at_bcra,19
2024-11-11,10040215.0,series.ar.bcra.peso_deposits_at_bcra,19
2024-11-12,9355695.0,series.ar.bcra.peso_deposits_at_bcra,19
2024-11-13,9311569.0,series.ar.bcra.peso_deposits_at_bcra,19
2024-11-14,9128138.0,series.ar.bcra.peso_deposits_at_bcra,19
2024-11-15,8912343.0,series.ar.bcra.peso_deposits_at_bcra,19
2024-11-19,7934424.0,series.ar.bcra.peso_deposits_at_bcra,19
2024-11-20,7970850.0,series.ar.bcra.peso_deposits_at_bcra,19
2024-11-21,7769161.0,series.ar.bcra.peso_deposits_at_bcra,19
2024-11-22,7991801.0,series.ar.bcra.peso_deposits_at_bcra,19
2024-11-25,7247381.0,series.ar.bcra.peso_deposits_at_bcra,19
2024-11-26,7200078.0,series.ar.bcra.peso_deposits_at_bcra,19
2024-11-27,7222977.0,series.ar.bcra.peso_deposits_at_bcra,19
2024-11-28,7744762.0,series.ar.bcra.peso_deposits_at_bcra,19
2024-11-29,7503718.0,series.ar.bcra.peso_deposits_at_bcra,19
2024-12-02,8570837.0,series.ar.bcra.peso_deposits_at_bcra,19
2024-12-03,9920546.0,series.ar.bcra.peso_deposits_at_bcra,19
2024-12-04,9756001.0,series.ar.bcra.peso_deposits_at_bcra,19
2024-12-05,9667088.0,series.ar.bcra.peso_deposits_at_bcra,19
2024-12-06,10057562.0,series.ar.bcra.peso_deposits_at_bcra,19
2024-12-09,10196869.0,series.ar.bcra.peso_deposits_at_bcra,19
2024-12-10,9723492.0,series.ar.bcra.peso_deposits_at_bcra,19
2024-12-11,9906263.0,series.ar.bcra.peso_deposits_at_bcra,19
2024-12-12,9808419.0,series.ar.bcra.peso_deposits_at_bcra,19
2024-12-13,10418564.0,series.ar.bcra.peso_deposits_at_bcra,19
2024-12-16,10120877.0,series.ar.bcra.peso_deposits_at_bcra,19
2024-12-17,9658474.0,series.ar.bcra.peso_deposits_at_bcra,19
2024-12-18,9355699.0,series.ar.bcra.peso_deposits_at_bcra,19
2024-12-19,9102957.0,series.ar.bcra.peso_deposits_at_bcra,19
2024-12-20,9417970.0,series.ar.bcra.peso_deposits_at_bcra,19
2024-12-23,9026114.0,series.ar.bcra.peso_deposits_at_bcra,19
2024-12-26,8211348.0,series.ar.bcra.peso_deposits_at_bcra,19
2024-12-27,8284296.0,series.ar.bcra.peso_deposits_at_bcra,19
2024-12-30,9740300.0,series.ar.bcra.peso_deposits_at_bcra,19
2025-01-02,10923957.0,series.ar.bcra.peso_deposits_at_bcra,19
2025-01-03,11595773.0,series.ar.bcra.peso_deposits_at_bcra,19
2025-01-06,11203298.0,series.ar.bcra.peso_deposits_at_bcra,19
2025-01-07,10985097.0,series.ar.bcra.peso_deposits_at_bcra,19
2025-01-08,11129943.0,series.ar.bcra.peso_deposits_at_bcra,19
2025-01-09,10699350.0,series.ar.bcra.peso_deposits_at_bcra,19
2025-01-10,10452587.0,series.ar.bcra.peso_deposits_at_bcra,19
2025-01-13,10044788.0,series.ar.bcra.peso_deposits_at_bcra,19
2025-01-14,9322675.0,series.ar.bcra.peso_deposits_at_bcra,19
2025-01-15,10205421.0,series.ar.bcra.peso_deposits_at_bcra,19
2025-01-16,10289310.0,series.ar.bcra.peso_deposits_at_bcra,19
2025-01-17,10242727.0,series.ar.bcra.peso_deposits_at_bcra,19
2025-01-20,10076979.0,series.ar.bcra.peso_deposits_at_bcra,19
2025-01-21,10006007.0,series.ar.bcra.peso_deposits_at_bcra,19
2025-01-22,10224760.0,series.ar.bcra.peso_deposits_at_bcra,19
2025-01-23,10200342.0,series.ar.bcra.peso_deposits_at_bcra,19
2025-01-24,10113897.0,series.ar.bcra.peso_deposits_at_bcra,19
2025-01-27,10504444.0,series.ar.bcra.peso_deposits_at_bcra,19
2025-01-28,9650597.0,series.ar.bcra.peso_deposits_at_bcra,19
2025-01-29,9212906.0,series.ar.bcra.peso_deposits_at_bcra,19
2025-01-30,8953047.0,series.ar.bcra.peso_deposits_at_bcra,19
2025-01-31,10128090.0,series.ar.bcra.peso_deposits_at_bcra,19
2025-02-03,11046897.0,series.ar.bcra.peso_deposits_at_bcra,19
2025-02-04,11626456.0,series.ar.bcra.peso_deposits_at_bcra,19
2025-02-05,10734293.0,series.ar.bcra.peso_deposits_at_bcra,19
2025-02-06,10836825.0,series.ar.bcra.peso_deposits_at_bcra,19
2025-02-07,11121754.0,series.ar.bcra.peso_deposits_at_bcra,19
2025-02-10,10794574.0,series.ar.bcra.peso_deposits_at_bcra,19
2025-02-11,10463678.0,series.ar.bcra.peso_deposits_at_bcra,19
2025-02-12,10277415.0,series.ar.bcra.peso_deposits_at_bcra,19
2025-02-13,10379834.0,series.ar.bcra.peso_deposits_at_bcra,19
2025-02-14,10235096.0,series.ar.bcra.peso_deposits_at_bcra,19
2025-02-17,9100391.0,series.ar.bcra.peso_deposits_at_bcra,19
2025-02-18,9099524.0,series.ar.bcra.peso_deposits_at_bcra,19
2025-02-19,8837228.0,series.ar.bcra.peso_deposits_at_bcra,19
2025-02-20,8902134.0,series.ar.bcra.peso_deposits_at_bcra,19
2025-02-21,9265534.0,series.ar.bcra.peso_deposits_at_bcra,19
2025-02-24,9053245.0,series.ar.bcra.peso_deposits_at_bcra,19
2025-02-25,8916204.0,series.ar.bcra.peso_deposits_at_bcra,19
2025-02-26,8718984.0,series.ar.bcra.peso_deposits_at_bcra,19
2025-02-27,9595125.0,series.ar.bcra.peso_deposits_at_bcra,19
2025-02-28,9580518.0,series.ar.bcra.peso_deposits_at_bcra,19
2025-03-05,9979315.0,series.ar.bcra.peso_deposits_at_bcra,19
2025-03-06,10304720.0,series.ar.bcra.peso_deposits_at_bcra,19
2025-03-07,10065662.0,series.ar.bcra.peso_deposits_at_bcra,19
2025-03-10,9376446.0,series.ar.bcra.peso_deposits_at_bcra,19
2025-03-11,9737162.0,series.ar.bcra.peso_deposits_at_bcra,19
2025-03-12,9780753.0,series.ar.bcra.peso_deposits_at_bcra,19
2025-03-13,9360338.0,series.ar.bcra.peso_deposits_at_bcra,19
2025-03-14,9900794.0,series.ar.bcra.peso_deposits_at_bcra,19
2025-03-17,9546794.0,series.ar.bcra.peso_deposits_at_bcra,19
2025-03-18,9228494.0,series.ar.bcra.peso_deposits_at_bcra,19
2025-03-19,9305819.0,series.ar.bcra.peso_deposits_at_bcra,19
2025-03-20,8950027.0,series.ar.bcra.peso_deposits_at_bcra,19
2025-03-21,9342596.0,series.ar.bcra.peso_deposits_at_bcra,19
2025-03-25,9269324.0,series.ar.bcra.peso_deposits_at_bcra,19
2025-03-26,8950979.0,series.ar.bcra.peso_deposits_at_bcra,19
2025-03-27,9086154.0,series.ar.bcra.peso_deposits_at_bcra,19
2025-03-28,8825991.0,series.ar.bcra.peso_deposits_at_bcra,19
2025-03-31,9348413.0,series.ar.bcra.peso_deposits_at_bcra,19
2025-04-01,12629610.0,series.ar.bcra.peso_deposits_at_bcra,19
2025-04-03,13091320.0,series.ar.bcra.peso_deposits_at_bcra,19
2025-04-04,12340221.0,series.ar.bcra.peso_deposits_at_bcra,19
2025-04-07,12806908.0,series.ar.bcra.peso_deposits_at_bcra,19
2025-04-08,12955218.0,series.ar.bcra.peso_deposits_at_bcra,19
2025-04-09,12536409.0,series.ar.bcra.peso_deposits_at_bcra,19
2025-04-10,12825350.0,series.ar.bcra.peso_deposits_at_bcra,19
2025-04-11,15113540.0,series.ar.bcra.peso_deposits_at_bcra,19
2025-04-14,12294013.0,series.ar.bcra.peso_deposits_at_bcra,19
2025-04-15,12108193.0,series.ar.bcra.peso_deposits_at_bcra,19
2025-04-16,11605436.0,series.ar.bcra.peso_deposits_at_bcra,19
2025-04-21,9732199.0,series.ar.bcra.peso_deposits_at_bcra,19
2025-04-22,8790912.0,series.ar.bcra.peso_deposits_at_bcra,19
2025-04-23,9143723.0,series.ar.bcra.peso_deposits_at_bcra,19
2025-04-24,9316118.0,series.ar.bcra.peso_deposits_at_bcra,19
2025-04-25,9936122.0,series.ar.bcra.peso_deposits_at_bcra,19
2025-04-28,9536854.0,series.ar.bcra.peso_deposits_at_bcra,19
2025-04-29,9939069.0,series.ar.bcra.peso_deposits_at_bcra,19
2025-04-30,11006005.0,series.ar.bcra.peso_deposits_at_bcra,19
2025-05-05,15108745.0,series.ar.bcra.peso_deposits_at_bcra,19
2025-05-06,14907993.0,series.ar.bcra.peso_deposits_at_bcra,19
2025-05-07,15171764.0,series.ar.bcra.peso_deposits_at_bcra,19
2025-05-08,14858976.0,series.ar.bcra.peso_deposits_at_bcra,19
2025-05-09,15710154.0,series.ar.bcra.peso_deposits_at_bcra,19
2025-05-12,12767366.0,series.ar.bcra.peso_deposits_at_bcra,19
2025-05-13,12662741.0,series.ar.bcra.peso_deposits_at_bcra,19
2025-05-14,12631880.0,series.ar.bcra.peso_deposits_at_bcra,19
2025-05-15,12452931.0,series.ar.bcra.peso_deposits_at_bcra,19
2025-05-16,12422869.0,series.ar.bcra.peso_deposits_at_bcra,19
2025-05-19,11760038.0,series.ar.bcra.peso_deposits_at_bcra,19
2025-05-20,11341009.0,series.ar.bcra.peso_deposits_at_bcra,19
2025-05-21,11067149.0,series.ar.bcra.peso_deposits_at_bcra,19
2025-05-22,11475344.0,series.ar.bcra.peso_deposits_at_bcra,19
2025-05-23,11898425.0,series.ar.bcra.peso_deposits_at_bcra,19
2025-05-26,11590090.0,series.ar.bcra.peso_deposits_at_bcra,19
2025-05-27,11793763.0,series.ar.bcra.peso_deposits_at_bcra,19
2025-05-28,11937310.0,series.ar.bcra.peso_deposits_at_bcra,19
2025-05-29,11751471.0,series.ar.bcra.peso_deposits_at_bcra,19
2025-05-30,13374759.0,series.ar.bcra.peso_deposits_at_bcra,19
2025-06-02,15255223.0,series.ar.bcra.peso_deposits_at_bcra,19
2025-06-03,14691692.0,series.ar.bcra.peso_deposits_at_bcra,19
2025-06-04,14873824.0,series.ar.bcra.peso_deposits_at_bcra,19
2025-06-05,14669618.0,series.ar.bcra.peso_deposits_at_bcra,19
2025-06-06,14719604.0,series.ar.bcra.peso_deposits_at_bcra,19
2025-06-09,14587657.0,series.ar.bcra.peso_deposits_at_bcra,19
2025-06-10,14222761.0,series.ar.bcra.peso_deposits_at_bcra,19
2025-06-11,14160793.0,series.ar.bcra.peso_deposits_at_bcra,19
2025-06-12,13181934.0,series.ar.bcra.peso_deposits_at_bcra,19
2025-06-13,13338208.0,series.ar.bcra.peso_deposits_at_bcra,19
2025-06-17,13563421.0,series.ar.bcra.peso_deposits_at_bcra,19
2025-06-18,13304031.0,series.ar.bcra.peso_deposits_at_bcra,19
2025-06-19,12741471.0,series.ar.bcra.peso_deposits_at_bcra,19
2025-06-23,13115919.0,series.ar.bcra.peso_deposits_at_bcra,19
2025-06-24,12244170.0,series.ar.bcra.peso_deposits_at_bcra,19
2025-06-25,12184465.0,series.ar.bcra.peso_deposits_at_bcra,19
2025-06-26,12184879.0,series.ar.bcra.peso_deposits_at_bcra,19
2025-06-27,12647699.0,series.ar.bcra.peso_deposits_at_bcra,19
2025-06-30,14101404.0,series.ar.bcra.peso_deposits_at_bcra,19
2025-07-01,12378561.0,series.ar.bcra.peso_deposits_at_bcra,19
2025-07-02,11110092.0,series.ar.bcra.peso_deposits_at_bcra,19
2025-07-03,9979741.0,series.ar.bcra.peso_deposits_at_bcra,19
2025-07-04,9196832.0,series.ar.bcra.peso_deposits_at_bcra,19
2025-07-07,10702793.0,series.ar.bcra.peso_deposits_at_bcra,19
2025-07-08,9386132.0,series.ar.bcra.peso_deposits_at_bcra,19
2025-07-10,19206354.0,series.ar.bcra.peso_deposits_at_bcra,19
2025-07-11,19198015.0,series.ar.bcra.peso_deposits_at_bcra,19
2025-07-14,18198352.0,series.ar.bcra.peso_deposits_at_bcra,19
2025-07-15,14379097.0,series.ar.bcra.peso_deposits_at_bcra,19
2025-07-16,14752436.0,series.ar.bcra.peso_deposits_at_bcra,19
2025-07-17,17674377.0,series.ar.bcra.peso_deposits_at_bcra,19
2025-07-18,13873826.0,series.ar.bcra.peso_deposits_at_bcra,19
2025-07-21,14267791.0,series.ar.bcra.peso_deposits_at_bcra,19
2025-07-22,14272380.0,series.ar.bcra.peso_deposits_at_bcra,19
2025-07-23,14464145.0,series.ar.bcra.peso_deposits_at_bcra,19
2025-07-24,14453571.0,series.ar.bcra.peso_deposits_at_bcra,19
2025-07-25,14017990.0,series.ar.bcra.peso_deposits_at_bcra,19
2025-07-28,13094925.0,series.ar.bcra.peso_deposits_at_bcra,19
2025-07-29,14621007.0,series.ar.bcra.peso_deposits_at_bcra,19
2025-07-30,13557175.0,series.ar.bcra.peso_deposits_at_bcra,19
2025-07-31,16313136.0,series.ar.bcra.peso_deposits_at_bcra,19
2025-08-01,17572849.0,series.ar.bcra.peso_deposits_at_bcra,19
2025-08-04,18930758.0,series.ar.bcra.peso_deposits_at_bcra,19
2025-08-05,18886123.0,series.ar.bcra.peso_deposits_at_bcra,19
2025-08-06,18813055.0,series.ar.bcra.peso_deposits_at_bcra,19
2025-08-07,18757190.0,series.ar.bcra.peso_deposits_at_bcra,19
2025-08-08,18805620.0,series.ar.bcra.peso_deposits_at_bcra,19
2025-08-11,18751457.0,series.ar.bcra.peso_deposits_at_bcra,19
2025-08-12,18696521.0,series.ar.bcra.peso_deposits_at_bcra,19
2025-08-13,18653646.0,series.ar.bcra.peso_deposits_at_bcra,19
2025-08-14,18643661.0,series.ar.bcra.peso_deposits_at_bcra,19
2025-08-18,24594397.0,series.ar.bcra.peso_deposits_at_bcra,19
2025-08-19,20736775.0,series.ar.bcra.peso_deposits_at_bcra,19
2025-08-20,19004146.0,series.ar.bcra.peso_deposits_at_bcra,19
2025-08-21,19825684.0,series.ar.bcra.peso_deposits_at_bcra,19
2025-08-22,20434818.0,series.ar.bcra.peso_deposits_at_bcra,19
2025-08-25,21255270.0,series.ar.bcra.peso_deposits_at_bcra,19
2025-08-26,20599324.0,series.ar.bcra.peso_deposits_at_bcra,19
2025-08-27,20597023.0,series.ar.bcra.peso_deposits_at_bcra,19
2025-08-28,21153644.0,series.ar.bcra.peso_deposits_at_bcra,19
2025-08-29,20619030.0,series.ar.bcra.peso_deposits_at_bcra,19
2025-09-01,18906680.0,series.ar.bcra.peso_deposits_at_bcra,19
2025-09-02,17985563.0,series.ar.bcra.peso_deposits_at_bcra,19
2025-09-03,18198430.0,series.ar.bcra.peso_deposits_at_bcra,19
2025-09-04,18522592.0,series.ar.bcra.peso_deposits_at_bcra,19
2025-09-05,17894477.0,series.ar.bcra.peso_deposits_at_bcra,19
2025-09-08,18582459.0,series.ar.bcra.peso_deposits_at_bcra,19
2025-09-09,17745875.0,series.ar.bcra.peso_deposits_at_bcra,19
2025-09-10,17876408.0,series.ar.bcra.peso_deposits_at_bcra,19
2025-09-11,17552700.0,series.ar.bcra.peso_deposits_at_bcra,19
2025-09-12,17399146.0,series.ar.bcra.peso_deposits_at_bcra,19
2025-09-15,18467312.0,series.ar.bcra.peso_deposits_at_bcra,19
2025-09-16,17754714.0,series.ar.bcra.peso_deposits_at_bcra,19
2025-09-17,17176030.0,series.ar.bcra.peso_deposits_at_bcra,19
2025-09-18,17831701.0,series.ar.bcra.peso_deposits_at_bcra,19
2025-09-19,17178464.0,series.ar.bcra.peso_deposits_at_bcra,19
2025-09-22,18429505.0,series.ar.bcra.peso_deposits_at_bcra,19
2025-09-23,17667933.0,series.ar.bcra.peso_deposits_at_bcra,19
2025-09-24,17729270.0,series.ar.bcra.peso_deposits_at_bcra,19
2025-09-25,17209727.0,series.ar.bcra.peso_deposits_at_bcra,19
2025-09-26,17656531.0,series.ar.bcra.peso_deposits_at_bcra,19
2025-09-29,18039270.0,series.ar.bcra.peso_deposits_at_bcra,19
2025-09-30,18676341.0,series.ar.bcra.peso_deposits_at_bcra,19
2025-10-01,17403990.0,series.ar.bcra.peso_deposits_at_bcra,19
2025-10-02,16738265.0,series.ar.bcra.peso_deposits_at_bcra,19
2025-10-03,17002937.0,series.ar.bcra.peso_deposits_at_bcra,19
2025-10-06,17084210.0,series.ar.bcra.peso_deposits_at_bcra,19
2025-10-07,16851051.0,series.ar.bcra.peso_deposits_at_bcra,19
2025-10-08,16934859.0,series.ar.bcra.peso_deposits_at_bcra,19
2025-10-09,17041808.0,series.ar.bcra.peso_deposits_at_bcra,19
2025-10-13,16960632.0,series.ar.bcra.peso_deposits_at_bcra,19
2025-10-14,17196056.0,series.ar.bcra.peso_deposits_at_bcra,19
2025-10-15,16866990.0,series.ar.bcra.peso_deposits_at_bcra,19
2025-10-16,16407366.0,series.ar.bcra.peso_deposits_at_bcra,19
2025-10-17,16766067.0,series.ar.bcra.peso_deposits_at_bcra,19
2025-10-20,17339251.0,series.ar.bcra.peso_deposits_at_bcra,19
2025-10-21,16604428.0,series.ar.bcra.peso_deposits_at_bcra,19
2025-10-22,16485465.0,series.ar.bcra.peso_deposits_at_bcra,19
2025-10-23,16382640.0,series.ar.bcra.peso_deposits_at_bcra,19
2025-10-24,15949794.0,series.ar.bcra.peso_deposits_at_bcra,19
2025-10-27,16617365.0,series.ar.bcra.peso_deposits_at_bcra,19
2025-10-28,16644038.0,series.ar.bcra.peso_deposits_at_bcra,19
2025-10-29,16738923.0,series.ar.bcra.peso_deposits_at_bcra,19
2025-10-30,16924580.0,series.ar.bcra.peso_deposits_at_bcra,19
2025-10-31,17907675.0,series.ar.bcra.peso_deposits_at_bcra,19
2025-11-03,17970708.0,series.ar.bcra.peso_deposits_at_bcra,19
2025-11-04,17200978.0,series.ar.bcra.peso_deposits_at_bcra,19
2025-11-05,17575394.0,series.ar.bcra.peso_deposits_at_bcra,19
2025-11-07,18297182.0,series.ar.bcra.peso_deposits_at_bcra,19
2025-11-10,18050919.0,series.ar.bcra.peso_deposits_at_bcra,19
2025-11-11,16498437.0,series.ar.bcra.peso_deposits_at_bcra,19
2025-11-12,16783549.0,series.ar.bcra.peso_deposits_at_bcra,19
2025-11-13,16374552.0,series.ar.bcra.peso_deposits_at_bcra,19
2025-11-14,16868089.0,series.ar.bcra.peso_deposits_at_bcra,19
2025-11-17,17380692.0,series.ar.bcra.peso_deposits_at_bcra,19
2025-11-18,16854052.0,series.ar.bcra.peso_deposits_at_bcra,19
2025-11-19,16770768.0,series.ar.bcra.peso_deposits_at_bcra,19
2025-11-20,17355108.0,series.ar.bcra.peso_deposits_at_bcra,19
2025-11-25,18738589.0,series.ar.bcra.peso_deposits_at_bcra,19
2025-11-26,16943727.0,series.ar.bcra.peso_deposits_at_bcra,19
2025-11-27,17366055.0,series.ar.bcra.peso_deposits_at_bcra,19
2025-11-28,17247440.0,series.ar.bcra.peso_deposits_at_bcra,19
2025-12-01,17079364.0,series.ar.bcra.peso_deposits_at_bcra,19
2025-12-02,15831513.0,series.ar.bcra.peso_deposits_at_bcra,19
2025-12-03,13875656.0,series.ar.bcra.peso_deposits_at_bcra,19
2025-12-04,16303018.0,series.ar.bcra.peso_deposits_at_bcra,19
2025-12-05,14681846.0,series.ar.bcra.peso_deposits_at_bcra,19
2025-12-09,15661608.0,series.ar.bcra.peso_deposits_at_bcra,19
2025-12-10,15679036.0,series.ar.bcra.peso_deposits_at_bcra,19
2025-12-11,16252800.0,series.ar.bcra.peso_deposits_at_bcra,19
2025-12-12,16469322.0,series.ar.bcra.peso_deposits_at_bcra,19
2025-12-15,16508277.0,series.ar.bcra.peso_deposits_at_bcra,19
2025-12-16,15657236.0,series.ar.bcra.peso_deposits_at_bcra,19
2025-12-17,15727865.0,series.ar.bcra.peso_deposits_at_bcra,19
2025-12-18,15226392.0,series.ar.bcra.peso_deposits_at_bcra,19
2025-12-19,14827119.0,series.ar.bcra.peso_deposits_at_bcra,19
2025-12-22,14960870.0,series.ar.bcra.peso_deposits_at_bcra,19
2025-12-23,15057725.0,series.ar.bcra.peso_deposits_at_bcra,19
2025-12-26,15519558.0,series.ar.bcra.peso_deposits_at_bcra,19
2025-12-29,15200219.0,series.ar.bcra.peso_deposits_at_bcra,19
2025-12-30,15847623.0,series.ar.bcra.peso_deposits_at_bcra,19
2026-01-02,15868181.0,series.ar.bcra.peso_deposits_at_bcra,19
2026-01-05,15651680.0,series.ar.bcra.peso_deposits_at_bcra,19
2026-01-06,15753913.0,series.ar.bcra.peso_deposits_at_bcra,19
2026-01-07,16363401.0,series.ar.bcra.peso_deposits_at_bcra,19
2026-01-08,16562683.0,series.ar.bcra.peso_deposits_at_bcra,19
2026-01-09,16246916.0,series.ar.bcra.peso_deposits_at_bcra,19
2026-01-12,16356633.0,series.ar.bcra.peso_deposits_at_bcra,19
2026-01-13,16881525.0,series.ar.bcra.peso_deposits_at_bcra,19
2026-01-14,17441557.0,series.ar.bcra.peso_deposits_at_bcra,19
2026-01-15,17417594.0,series.ar.bcra.peso_deposits_at_bcra,19
2026-01-16,17894241.0,series.ar.bcra.peso_deposits_at_bcra,19
2026-01-19,17887167.0,series.ar.bcra.peso_deposits_at_bcra,19
2026-01-20,17962741.0,series.ar.bcra.peso_deposits_at_bcra,19
2026-01-21,18300389.0,series.ar.bcra.peso_deposits_at_bcra,19
2026-01-22,18363119.0,series.ar.bcra.peso_deposits_at_bcra,19
2026-01-23,18405734.0,series.ar.bcra.peso_deposits_at_bcra,19
2026-01-26,17546154.0,series.ar.bcra.peso_deposits_at_bcra,19
2026-01-27,16099247.0,series.ar.bcra.peso_deposits_at_bcra,19
2026-01-28,15908185.0,series.ar.bcra.peso_deposits_at_bcra,19
2026-01-29,17008657.0,series.ar.bcra.peso_deposits_at_bcra,19
2026-01-30,17027458.0,series.ar.bcra.peso_deposits_at_bcra,19
2026-02-02,16238801.0,series.ar.bcra.peso_deposits_at_bcra,19
2026-02-03,16101173.0,series.ar.bcra.peso_deposits_at_bcra,19
2026-02-04,16050511.0,series.ar.bcra.peso_deposits_at_bcra,19
2026-02-05,16365098.0,series.ar.bcra.peso_deposits_at_bcra,19
2026-02-06,16181640.0,series.ar.bcra.peso_deposits_at_bcra,19
2026-02-09,16196271.0,series.ar.bcra.peso_deposits_at_bcra,19
2026-02-10,16374845.0,series.ar.bcra.peso_deposits_at_bcra,19
2026-02-11,16407698.0,series.ar.bcra.peso_deposits_at_bcra,19
2026-02-12,16640123.0,series.ar.bcra.peso_deposits_at_bcra,19
2026-02-13,15098153.0,series.ar.bcra.peso_deposits_at_bcra,19
2026-02-18,15139040.0,series.ar.bcra.peso_deposits_at_bcra,19
2026-02-19,16046046.0,series.ar.bcra.peso_deposits_at_bcra,19
2026-02-20,16596745.0,series.ar.bcra.peso_deposits_at_bcra,19
2026-02-23,16932540.0,series.ar.bcra.peso_deposits_at_bcra,19
2026-02-24,16956814.0,series.ar.bcra.peso_deposits_at_bcra,19
2026-02-25,15673701.0,series.ar.bcra.peso_deposits_at_bcra,19
2026-02-26,15870435.0,series.ar.bcra.peso_deposits_at_bcra,19
2026-02-27,15461648.0,series.ar.bcra.peso_deposits_at_bcra,19
2026-03-02,16961227.0,series.ar.bcra.peso_deposits_at_bcra,19
2026-03-03,17107498.0,series.ar.bcra.peso_deposits_at_bcra,19
2026-03-04,16956997.0,series.ar.bcra.peso_deposits_at_bcra,19
2026-03-05,16976975.0,series.ar.bcra.peso_deposits_at_bcra,19
2026-03-06,16820303.0,series.ar.bcra.peso_deposits_at_bcra,19
2026-03-09,15809057.0,series.ar.bcra.peso_deposits_at_bcra,19
2026-03-10,15294607.0,series.ar.bcra.peso_deposits_at_bcra,19
2026-03-11,15274624.0,series.ar.bcra.peso_deposits_at_bcra,19
2026-03-12,15947769.0,series.ar.bcra.peso_deposits_at_bcra,19
2026-03-13,15748170.0,series.ar.bcra.peso_deposits_at_bcra,19
2026-03-16,14773145.0,series.ar.bcra.peso_deposits_at_bcra,19
2026-03-17,14111315.0,series.ar.bcra.peso_deposits_at_bcra,19
2026-03-18,13596907.0,series.ar.bcra.peso_deposits_at_bcra,19
2026-03-19,14537093.0,series.ar.bcra.peso_deposits_at_bcra,19
2026-03-20,14991733.0,series.ar.bcra.peso_deposits_at_bcra,19
2026-03-25,15603973.0,series.ar.bcra.peso_deposits_at_bcra,19
2026-03-26,14868365.0,series.ar.bcra.peso_deposits_at_bcra,19
2026-03-27,14129981.0,series.ar.bcra.peso_deposits_at_bcra,19
2026-03-30,17056246.0,series.ar.bcra.peso_deposits_at_bcra,19
2026-03-31,15591147.0,series.ar.bcra.peso_deposits_at_bcra,19
2026-04-01,16423218.0,series.ar.bcra.peso_deposits_at_bcra,19
2026-04-06,16302986.0,series.ar.bcra.peso_deposits_at_bcra,19
2026-04-07,16398058.0,series.ar.bcra.peso_deposits_at_bcra,19
2026-04-08,15786281.0,series.ar.bcra.peso_deposits_at_bcra,19
2026-04-09,15877560.0,series.ar.bcra.peso_deposits_at_bcra,19
2026-04-10,15868188.0,series.ar.bcra.peso_deposits_at_bcra,19
2026-04-13,15604054.0,series.ar.bcra.peso_deposits_at_bcra,19
2026-04-14,15620811.0,series.ar.bcra.peso_deposits_at_bcra,19
2026-04-15,15098750.0,series.ar.bcra.peso_deposits_at_bcra,19
2026-04-16,15378976.0,series.ar.bcra.peso_deposits_at_bcra,19
2026-04-17,14973314.0,series.ar.bcra.peso_deposits_at_bcra,19
2026-04-20,15872878.0,series.ar.bcra.peso_deposits_at_bcra,19
2026-04-21,15665503.0,series.ar.bcra.peso_deposits_at_bcra,19
2026-04-22,15735637.0,series.ar.bcra.peso_deposits_at_bcra,19
2026-04-23,15414584.0,series.ar.bcra.peso_deposits_at_bcra,19
2026-04-24,15077065.0,series.ar.bcra.peso_deposits_at_bcra,19
2026-04-27,17285705.0,series.ar.bcra.peso_deposits_at_bcra,19
2026-04-28,16741239.0,series.ar.bcra.peso_deposits_at_bcra,19
2026-04-29,16825372.0,series.ar.bcra.peso_deposits_at_bcra,19
2026-04-30,16890285.0,series.ar.bcra.peso_deposits_at_bcra,19
2026-05-04,16513237.0,series.ar.bcra.peso_deposits_at_bcra,19
2026-05-05,15913296.0,series.ar.bcra.peso_deposits_at_bcra,19
2026-05-06,15407020.0,series.ar.bcra.peso_deposits_at_bcra,19
2026-05-07,15794847.0,series.ar.bcra.peso_deposits_at_bcra,19
2026-05-08,15313950.0,series.ar.bcra.peso_deposits_at_bcra,19
2026-05-11,16241351.0,series.ar.bcra.peso_deposits_at_bcra,19
2026-05-12,15217187.0,series.ar.bcra.peso_deposits_at_bcra,19
2026-05-13,15911354.0,series.ar.bcra.peso_deposits_at_bcra,19
2026-05-14,16410408.0,series.ar.bcra.peso_deposits_at_bcra,19
2026-05-15,16325677.0,series.ar.bcra.peso_deposits_at_bcra,19
2026-05-18,15690842.0,series.ar.bcra.peso_deposits_at_bcra,19
2026-05-19,15966332.0,series.ar.bcra.peso_deposits_at_bcra,19
2026-05-20,15682525.0,series.ar.bcra.peso_deposits_at_bcra,19
2026-05-21,15805622.0,series.ar.bcra.peso_deposits_at_bcra,19
2026-05-22,15403108.0,series.ar.bcra.peso_deposits_at_bcra,19
2026-05-26,16332831.0,series.ar.bcra.peso_deposits_at_bcra,19
2026-05-27,16357564.0,series.ar.bcra.peso_deposits_at_bcra,19
2026-05-28,16661379.0,series.ar.bcra.peso_deposits_at_bcra,19
2026-05-29,16256164.0,series.ar.bcra.peso_deposits_at_bcra,19
2026-06-01,17342601.0,series.ar.bcra.peso_deposits_at_bcra,19
2026-06-02,17076086.0,series.ar.bcra.peso_deposits_at_bcra,19
2026-06-03,16275004.0,series.ar.bcra.peso_deposits_at_bcra,19
2026-06-04,16311426.0,series.ar.bcra.peso_deposits_at_bcra,19
2026-06-05,16386994.0,series.ar.bcra.peso_deposits_at_bcra,19
2026-06-08,16178291.0,series.ar.bcra.peso_deposits_at_bcra,19
2026-06-09,15551644.0,series.ar.bcra.peso_deposits_at_bcra,19
2026-06-10,15696211.0,series.ar.bcra.peso_deposits_at_bcra,19
2026-06-11,17271387.0,series.ar.bcra.peso_deposits_at_bcra,19
2026-06-12,16506301.0,series.ar.bcra.peso_deposits_at_bcra,19
2026-06-16,16883293.0,series.ar.bcra.peso_deposits_at_bcra,19
2026-06-17,16907152.0,series.ar.bcra.peso_deposits_at_bcra,19
2026-06-18,16354521.0,series.ar.bcra.peso_deposits_at_bcra,19
2026-06-19,16218716.0,series.ar.bcra.peso_deposits_at_bcra,19
2026-06-22,16405301.0,series.ar.bcra.peso_deposits_at_bcra,19
2026-06-23,16342268.0,series.ar.bcra.peso_deposits_at_bcra,19
2026-06-24,17125441.0,series.ar.bcra.peso_deposits_at_bcra,19
2026-06-25,17093168.0,series.ar.bcra.peso_deposits_at_bcra,19
2026-06-26,16220275.0,series.ar.bcra.peso_deposits_at_bcra,19
2026-06-29,17189555.0,series.ar.bcra.peso_deposits_at_bcra,19
2026-06-30,17821766.0,series.ar.bcra.peso_deposits_at_bcra,19
2026-07-01,18034949.0,series.ar.bcra.peso_deposits_at_bcra,19
2026-07-02,16847203.0,series.ar.bcra.peso_deposits_at_bcra,19
2026-07-03,16994556.0,series.ar.bcra.peso_deposits_at_bcra,19
2026-07-06,17002861.0,series.ar.bcra.peso_deposits_at_bcra,19
2026-07-07,16794837.0,series.ar.bcra.peso_deposits_at_bcra,19
2026-07-08,17025241.0,series.ar.bcra.peso_deposits_at_bcra,19
2026-07-13,17958271.0,series.ar.bcra.peso_deposits_at_bcra,19
2026-07-14,16477310.0,series.ar.bcra.peso_deposits_at_bcra,19
2026-07-15,16475130.0,series.ar.bcra.peso_deposits_at_bcra,19
2026-07-16,17340548.0,series.ar.bcra.peso_deposits_at_bcra,19
2026-07-17,16432600.0,series.ar.bcra.peso_deposits_at_bcra,19
2026-07-20,17080633.0,series.ar.bcra.peso_deposits_at_bcra,19
2026-07-21,16772508.0,series.ar.bcra.peso_deposits_at_bcra,19
2026-07-22,17351127.0,series.ar.bcra.peso_deposits_at_bcra,19
2026-07-23,17336178.0,series.ar.bcra.peso_deposits_at_bcra,19
2026-07-24,17598670.0,series.ar.bcra.peso_deposits_at_bcra,19
2026-07-27,17748761.0,series.ar.bcra.peso_deposits_at_bcra,19
2026-07-28,16419272.0,series.ar.bcra.peso_deposits_at_bcra,19
2026-07-29,15396182.0,series.ar.bcra.peso_deposits_at_bcra,19
2026-07-30,16946270.0,series.ar.bcra.peso_deposits_at_bcra,19
2026-07-31,17399726.0,series.ar.bcra.peso_deposits_at_bcra,19
2026-08-03,17604766.0,series.ar.bcra.peso_deposits_at_bcra,19
2026-08-04,16896736.0,series.ar.bcra.peso_deposits_at_bcra,19
2026-08-05,17771045.0,series.ar.bcra.peso_deposits_at_bcra,19
2026-08-06,17575754.0,series.ar.bcra.peso_deposits_at_bcra,19
2026-08-07,17465896.0,series.ar.bcra.peso_deposits_at_bcra,19
2026-08-10,17330326.0,series.ar.bcra.peso_deposits_at_bcra,19
2026-08-11,17473782.0,series.ar.bcra.peso_deposits_at_bcra,19
2026-08-12,17803153.0,series.ar.bcra.peso_deposits_at_bcra,19
